libRicVolume makefile successfully made
rm -f /home/wb/Work/nGit/projects/solar_build_test/solar/old_root-9.0.1/lib_src/libRicVolume/src/adler32.o /home/wb/Work/nGit/projects/solar_build_test/solar/old_root-9.0.1/lib_src/libRicVolume/src/compress.o /home/wb/Work/nGit/projects/solar_build_test/solar/old_root-9.0.1/lib_src/libRicVolume/src/crc32.o /home/wb/Work/nGit/projects/solar_build_test/solar/old_root-9.0.1/lib_src/libRicVolume/src/deflate.o /home/wb/Work/nGit/projects/solar_build_test/solar/old_root-9.0.1/lib_src/libRicVolume/src/gzio.o /home/wb/Work/nGit/projects/solar_build_test/solar/old_root-9.0.1/lib_src/libRicVolume/src/infback.o /home/wb/Work/nGit/projects/solar_build_test/solar/old_root-9.0.1/lib_src/libRicVolume/src/inffast.o /home/wb/Work/nGit/projects/solar_build_test/solar/old_root-9.0.1/lib_src/libRicVolume/src/inflate.o /home/wb/Work/nGit/projects/solar_build_test/solar/old_root-9.0.1/lib_src/libRicVolume/src/inftrees.o /home/wb/Work/nGit/projects/solar_build_test/solar/old_root-9.0.1/lib_src/libRicVolume/src/nifti1_io.o /home/wb/Work/nGit/projects/solar_build_test/solar/old_root-9.0.1/lib_src/libRicVolume/src/trees.o /home/wb/Work/nGit/projects/solar_build_test/solar/old_root-9.0.1/lib_src/libRicVolume/src/uncompr.o /home/wb/Work/nGit/projects/solar_build_test/solar/old_root-9.0.1/lib_src/libRicVolume/src/znzlib.o /home/wb/Work/nGit/projects/solar_build_test/solar/old_root-9.0.1/lib_src/libRicVolume/src/zutil.o /home/wb/Work/nGit/projects/solar_build_test/solar/old_root-9.0.1/lib_src/libRicVolume/src/nemardr.o /home/wb/Work/nGit/projects/solar_build_test/solar/old_root-9.0.1/lib_src/libRicVolume/src/NiftiOrientConvert.o /home/wb/Work/nGit/projects/solar_build_test/solar/old_root-9.0.1/lib_src/libRicVolume/src/RicUtil.o /home/wb/Work/nGit/projects/solar_build_test/solar/old_root-9.0.1/lib_src/libRicVolume/src/RicVolume.o /home/wb/Work/nGit/projects/solar_build_test/solar/old_root-9.0.1/lib_src/libRicVolume/src/RicVolumeSet.o libRicVolume.a
/usr/bin/gcc -c -O3 -I/home/wb/Work/nGit/projects/solar_build_test/solar/old_root-9.0.1/lib_src/libRicVolume/src -w -o /home/wb/Work/nGit/projects/solar_build_test/solar/old_root-9.0.1/lib_src/libRicVolume/src/adler32.o /home/wb/Work/nGit/projects/solar_build_test/solar/old_root-9.0.1/lib_src/libRicVolume/src/adler32.c
/usr/bin/gcc -c -O3 -I/home/wb/Work/nGit/projects/solar_build_test/solar/old_root-9.0.1/lib_src/libRicVolume/src -w -o /home/wb/Work/nGit/projects/solar_build_test/solar/old_root-9.0.1/lib_src/libRicVolume/src/compress.o /home/wb/Work/nGit/projects/solar_build_test/solar/old_root-9.0.1/lib_src/libRicVolume/src/compress.c
/usr/bin/gcc -c -O3 -I/home/wb/Work/nGit/projects/solar_build_test/solar/old_root-9.0.1/lib_src/libRicVolume/src -w -o /home/wb/Work/nGit/projects/solar_build_test/solar/old_root-9.0.1/lib_src/libRicVolume/src/crc32.o /home/wb/Work/nGit/projects/solar_build_test/solar/old_root-9.0.1/lib_src/libRicVolume/src/crc32.c
/usr/bin/gcc -c -O3 -I/home/wb/Work/nGit/projects/solar_build_test/solar/old_root-9.0.1/lib_src/libRicVolume/src -w -o /home/wb/Work/nGit/projects/solar_build_test/solar/old_root-9.0.1/lib_src/libRicVolume/src/deflate.o /home/wb/Work/nGit/projects/solar_build_test/solar/old_root-9.0.1/lib_src/libRicVolume/src/deflate.c
/usr/bin/gcc -c -O3 -I/home/wb/Work/nGit/projects/solar_build_test/solar/old_root-9.0.1/lib_src/libRicVolume/src -w -o /home/wb/Work/nGit/projects/solar_build_test/solar/old_root-9.0.1/lib_src/libRicVolume/src/gzio.o /home/wb/Work/nGit/projects/solar_build_test/solar/old_root-9.0.1/lib_src/libRicVolume/src/gzio.c
/usr/bin/gcc -c -O3 -I/home/wb/Work/nGit/projects/solar_build_test/solar/old_root-9.0.1/lib_src/libRicVolume/src -w -o /home/wb/Work/nGit/projects/solar_build_test/solar/old_root-9.0.1/lib_src/libRicVolume/src/infback.o /home/wb/Work/nGit/projects/solar_build_test/solar/old_root-9.0.1/lib_src/libRicVolume/src/infback.c
/usr/bin/gcc -c -O3 -I/home/wb/Work/nGit/projects/solar_build_test/solar/old_root-9.0.1/lib_src/libRicVolume/src -w -o /home/wb/Work/nGit/projects/solar_build_test/solar/old_root-9.0.1/lib_src/libRicVolume/src/inffast.o /home/wb/Work/nGit/projects/solar_build_test/solar/old_root-9.0.1/lib_src/libRicVolume/src/inffast.c
/usr/bin/gcc -c -O3 -I/home/wb/Work/nGit/projects/solar_build_test/solar/old_root-9.0.1/lib_src/libRicVolume/src -w -o /home/wb/Work/nGit/projects/solar_build_test/solar/old_root-9.0.1/lib_src/libRicVolume/src/inflate.o /home/wb/Work/nGit/projects/solar_build_test/solar/old_root-9.0.1/lib_src/libRicVolume/src/inflate.c
/usr/bin/gcc -c -O3 -I/home/wb/Work/nGit/projects/solar_build_test/solar/old_root-9.0.1/lib_src/libRicVolume/src -w -o /home/wb/Work/nGit/projects/solar_build_test/solar/old_root-9.0.1/lib_src/libRicVolume/src/inftrees.o /home/wb/Work/nGit/projects/solar_build_test/solar/old_root-9.0.1/lib_src/libRicVolume/src/inftrees.c
/usr/bin/gcc -c -O3 -I/home/wb/Work/nGit/projects/solar_build_test/solar/old_root-9.0.1/lib_src/libRicVolume/src -w -o /home/wb/Work/nGit/projects/solar_build_test/solar/old_root-9.0.1/lib_src/libRicVolume/src/nifti1_io.o /home/wb/Work/nGit/projects/solar_build_test/solar/old_root-9.0.1/lib_src/libRicVolume/src/nifti1_io.c
/usr/bin/gcc -c -O3 -I/home/wb/Work/nGit/projects/solar_build_test/solar/old_root-9.0.1/lib_src/libRicVolume/src -w -o /home/wb/Work/nGit/projects/solar_build_test/solar/old_root-9.0.1/lib_src/libRicVolume/src/trees.o /home/wb/Work/nGit/projects/solar_build_test/solar/old_root-9.0.1/lib_src/libRicVolume/src/trees.c
/usr/bin/gcc -c -O3 -I/home/wb/Work/nGit/projects/solar_build_test/solar/old_root-9.0.1/lib_src/libRicVolume/src -w -o /home/wb/Work/nGit/projects/solar_build_test/solar/old_root-9.0.1/lib_src/libRicVolume/src/uncompr.o /home/wb/Work/nGit/projects/solar_build_test/solar/old_root-9.0.1/lib_src/libRicVolume/src/uncompr.c
/usr/bin/gcc -c -O3 -I/home/wb/Work/nGit/projects/solar_build_test/solar/old_root-9.0.1/lib_src/libRicVolume/src -w -o /home/wb/Work/nGit/projects/solar_build_test/solar/old_root-9.0.1/lib_src/libRicVolume/src/znzlib.o /home/wb/Work/nGit/projects/solar_build_test/solar/old_root-9.0.1/lib_src/libRicVolume/src/znzlib.c
/usr/bin/gcc -c -O3 -I/home/wb/Work/nGit/projects/solar_build_test/solar/old_root-9.0.1/lib_src/libRicVolume/src -w -o /home/wb/Work/nGit/projects/solar_build_test/solar/old_root-9.0.1/lib_src/libRicVolume/src/zutil.o /home/wb/Work/nGit/projects/solar_build_test/solar/old_root-9.0.1/lib_src/libRicVolume/src/zutil.c
/usr/bin/g++ -c -O3 -std=c++11 -I/home/wb/Work/nGit/projects/solar_build_test/solar/old_root-9.0.1/lib_src/libRicVolume/src -w -o /home/wb/Work/nGit/projects/solar_build_test/solar/old_root-9.0.1/lib_src/libRicVolume/src/nemardr.o /home/wb/Work/nGit/projects/solar_build_test/solar/old_root-9.0.1/lib_src/libRicVolume/src/nemardr.cpp
/usr/bin/g++ -c -O3 -std=c++11 -I/home/wb/Work/nGit/projects/solar_build_test/solar/old_root-9.0.1/lib_src/libRicVolume/src -w -o /home/wb/Work/nGit/projects/solar_build_test/solar/old_root-9.0.1/lib_src/libRicVolume/src/NiftiOrientConvert.o /home/wb/Work/nGit/projects/solar_build_test/solar/old_root-9.0.1/lib_src/libRicVolume/src/NiftiOrientConvert.cpp
/usr/bin/g++ -c -O3 -std=c++11 -I/home/wb/Work/nGit/projects/solar_build_test/solar/old_root-9.0.1/lib_src/libRicVolume/src -w -o /home/wb/Work/nGit/projects/solar_build_test/solar/old_root-9.0.1/lib_src/libRicVolume/src/RicUtil.o /home/wb/Work/nGit/projects/solar_build_test/solar/old_root-9.0.1/lib_src/libRicVolume/src/RicUtil.cpp
/usr/bin/g++ -c -O3 -std=c++11 -I/home/wb/Work/nGit/projects/solar_build_test/solar/old_root-9.0.1/lib_src/libRicVolume/src -w -o /home/wb/Work/nGit/projects/solar_build_test/solar/old_root-9.0.1/lib_src/libRicVolume/src/RicVolume.o /home/wb/Work/nGit/projects/solar_build_test/solar/old_root-9.0.1/lib_src/libRicVolume/src/RicVolume.cpp
/usr/bin/g++ -c -O3 -std=c++11 -I/home/wb/Work/nGit/projects/solar_build_test/solar/old_root-9.0.1/lib_src/libRicVolume/src -w -o /home/wb/Work/nGit/projects/solar_build_test/solar/old_root-9.0.1/lib_src/libRicVolume/src/RicVolumeSet.o /home/wb/Work/nGit/projects/solar_build_test/solar/old_root-9.0.1/lib_src/libRicVolume/src/RicVolumeSet.cpp
ar rcs libRicVolume.a /home/wb/Work/nGit/projects/solar_build_test/solar/old_root-9.0.1/lib_src/libRicVolume/src/adler32.o /home/wb/Work/nGit/projects/solar_build_test/solar/old_root-9.0.1/lib_src/libRicVolume/src/compress.o /home/wb/Work/nGit/projects/solar_build_test/solar/old_root-9.0.1/lib_src/libRicVolume/src/crc32.o /home/wb/Work/nGit/projects/solar_build_test/solar/old_root-9.0.1/lib_src/libRicVolume/src/deflate.o /home/wb/Work/nGit/projects/solar_build_test/solar/old_root-9.0.1/lib_src/libRicVolume/src/gzio.o /home/wb/Work/nGit/projects/solar_build_test/solar/old_root-9.0.1/lib_src/libRicVolume/src/infback.o /home/wb/Work/nGit/projects/solar_build_test/solar/old_root-9.0.1/lib_src/libRicVolume/src/inffast.o /home/wb/Work/nGit/projects/solar_build_test/solar/old_root-9.0.1/lib_src/libRicVolume/src/inflate.o /home/wb/Work/nGit/projects/solar_build_test/solar/old_root-9.0.1/lib_src/libRicVolume/src/inftrees.o /home/wb/Work/nGit/projects/solar_build_test/solar/old_root-9.0.1/lib_src/libRicVolume/src/nifti1_io.o /home/wb/Work/nGit/projects/solar_build_test/solar/old_root-9.0.1/lib_src/libRicVolume/src/trees.o /home/wb/Work/nGit/projects/solar_build_test/solar/old_root-9.0.1/lib_src/libRicVolume/src/uncompr.o /home/wb/Work/nGit/projects/solar_build_test/solar/old_root-9.0.1/lib_src/libRicVolume/src/znzlib.o /home/wb/Work/nGit/projects/solar_build_test/solar/old_root-9.0.1/lib_src/libRicVolume/src/zutil.o /home/wb/Work/nGit/projects/solar_build_test/solar/old_root-9.0.1/lib_src/libRicVolume/src/nemardr.o /home/wb/Work/nGit/projects/solar_build_test/solar/old_root-9.0.1/lib_src/libRicVolume/src/NiftiOrientConvert.o /home/wb/Work/nGit/projects/solar_build_test/solar/old_root-9.0.1/lib_src/libRicVolume/src/RicUtil.o /home/wb/Work/nGit/projects/solar_build_test/solar/old_root-9.0.1/lib_src/libRicVolume/src/RicVolume.o /home/wb/Work/nGit/projects/solar_build_test/solar/old_root-9.0.1/lib_src/libRicVolume/src/RicVolumeSet.o
mkdir -p /home/wb/Work/nGit/projects/solar_build_test/solar/old_root-9.0.1/bin_src/solarmain-9.0.1/include
mkdir -p /home/wb/Work/nGit/projects/solar_build_test/solar/old_root-9.0.1/bin_src/solarmain-9.0.1/lib
cp /home/wb/Work/nGit/projects/solar_build_test/solar/old_root-9.0.1/lib_src/libRicVolume/src/crc32.h /home/wb/Work/nGit/projects/solar_build_test/solar/old_root-9.0.1/lib_src/libRicVolume/src/deflate.h /home/wb/Work/nGit/projects/solar_build_test/solar/old_root-9.0.1/lib_src/libRicVolume/src/dtypes.h /home/wb/Work/nGit/projects/solar_build_test/solar/old_root-9.0.1/lib_src/libRicVolume/src/inffast.h /home/wb/Work/nGit/projects/solar_build_test/solar/old_root-9.0.1/lib_src/libRicVolume/src/inffixed.h /home/wb/Work/nGit/projects/solar_build_test/solar/old_root-9.0.1/lib_src/libRicVolume/src/inflate.h /home/wb/Work/nGit/projects/solar_build_test/solar/old_root-9.0.1/lib_src/libRicVolume/src/inftrees.h /home/wb/Work/nGit/projects/solar_build_test/solar/old_root-9.0.1/lib_src/libRicVolume/src/nemardr.h /home/wb/Work/nGit/projects/solar_build_test/solar/old_root-9.0.1/lib_src/libRicVolume/src/nifti1.h /home/wb/Work/nGit/projects/solar_build_test/solar/old_root-9.0.1/lib_src/libRicVolume/src/nifti1_io.h /home/wb/Work/nGit/projects/solar_build_test/solar/old_root-9.0.1/lib_src/libRicVolume/src/RicMatrix.h /home/wb/Work/nGit/projects/solar_build_test/solar/old_root-9.0.1/lib_src/libRicVolume/src/RicPoint.h /home/wb/Work/nGit/projects/solar_build_test/solar/old_root-9.0.1/lib_src/libRicVolume/src/RicUtil.h /home/wb/Work/nGit/projects/solar_build_test/solar/old_root-9.0.1/lib_src/libRicVolume/src/RicVolume.h /home/wb/Work/nGit/projects/solar_build_test/solar/old_root-9.0.1/lib_src/libRicVolume/src/RicVolumeSet.h /home/wb/Work/nGit/projects/solar_build_test/solar/old_root-9.0.1/lib_src/libRicVolume/src/trees.h /home/wb/Work/nGit/projects/solar_build_test/solar/old_root-9.0.1/lib_src/libRicVolume/src/zconf.h /home/wb/Work/nGit/projects/solar_build_test/solar/old_root-9.0.1/lib_src/libRicVolume/src/zconf.in.h /home/wb/Work/nGit/projects/solar_build_test/solar/old_root-9.0.1/lib_src/libRicVolume/src/zlib.h /home/wb/Work/nGit/projects/solar_build_test/solar/old_root-9.0.1/lib_src/libRicVolume/src/znzlib.h /home/wb/Work/nGit/projects/solar_build_test/solar/old_root-9.0.1/lib_src/libRicVolume/src/zutil.h  /home/wb/Work/nGit/projects/solar_build_test/solar/old_root-9.0.1/bin_src/solarmain-9.0.1/include
cp libRicVolume.a /home/wb/Work/nGit/projects/solar_build_test/solar/old_root-9.0.1/bin_src/solarmain-9.0.1/lib
libsafe makefile successfully made
rm -f /home/wb/Work/nGit/projects/solar_build_test/solar/old_root-9.0.1/lib_src/libsafe/src/pipeback.o /home/wb/Work/nGit/projects/solar_build_test/solar/old_root-9.0.1/lib_src/libsafe/src/safelib.o libsafe.a
/usr/bin/gcc -c -O3 -w -I/home/wb/Work/nGit/projects/solar_build_test/solar/old_root-9.0.1/lib_src/libsafe/include -o /home/wb/Work/nGit/projects/solar_build_test/solar/old_root-9.0.1/lib_src/libsafe/src/pipeback.o /home/wb/Work/nGit/projects/solar_build_test/solar/old_root-9.0.1/lib_src/libsafe/src/pipeback.c
/usr/bin/gcc -c -O3 -w -I/home/wb/Work/nGit/projects/solar_build_test/solar/old_root-9.0.1/lib_src/libsafe/include -o /home/wb/Work/nGit/projects/solar_build_test/solar/old_root-9.0.1/lib_src/libsafe/src/safelib.o /home/wb/Work/nGit/projects/solar_build_test/solar/old_root-9.0.1/lib_src/libsafe/src/safelib.c
ar rcs libsafe.a /home/wb/Work/nGit/projects/solar_build_test/solar/old_root-9.0.1/lib_src/libsafe/src/pipeback.o /home/wb/Work/nGit/projects/solar_build_test/solar/old_root-9.0.1/lib_src/libsafe/src/safelib.o 
mkdir -p /home/wb/Work/nGit/projects/solar_build_test/solar/old_root-9.0.1/bin_src/solarmain-9.0.1/include
mkdir -p /home/wb/Work/nGit/projects/solar_build_test/solar/old_root-9.0.1/bin_src/solarmain-9.0.1/lib
cp /home/wb/Work/nGit/projects/solar_build_test/solar/old_root-9.0.1/lib_src/libsafe/include/mvn.h /home/wb/Work/nGit/projects/solar_build_test/solar/old_root-9.0.1/lib_src/libsafe/include/nrutil.h /home/wb/Work/nGit/projects/solar_build_test/solar/old_root-9.0.1/lib_src/libsafe/include/pipeback.h /home/wb/Work/nGit/projects/solar_build_test/solar/old_root-9.0.1/lib_src/libsafe/include/safelib.h  /home/wb/Work/nGit/projects/solar_build_test/solar/old_root-9.0.1/bin_src/solarmain-9.0.1/include
cp libsafe.a /home/wb/Work/nGit/projects/solar_build_test/solar/old_root-9.0.1/bin_src/solarmain-9.0.1/lib
rm -f *.a *.o libtcl* core errs *~ \#* TAGS *.E a.out \
	errors  tcltest lib.exp Tcl 
cd dltest ; make clean
make[1]: Entering directory '/home/wb/Work/nGit/projects/solar_build_test/solar/old_root-9.0.1/lib_src/libtcl8.4/unix/dltest'
rm -f *.o config.cache config.log config.status
rm -f lib.exp ../dltest.marker
rm -f *.so
make[1]: Leaving directory '/home/wb/Work/nGit/projects/solar_build_test/solar/old_root-9.0.1/lib_src/libtcl8.4/unix/dltest'
loading cache ./config.cache
checking whether to use symlinks for manpages... no
checking whether to compress the manpages... no
checking whether to add a package name suffix for the manpages... no
checking for gcc... (cached) /usr/bin/gcc
checking whether the C compiler (/usr/bin/gcc  ) works... yes
checking whether the C compiler (/usr/bin/gcc  ) is a cross-compiler... no
checking whether we are using GNU C... (cached) yes
checking whether /usr/bin/gcc accepts -g... (cached) yes
checking how to run the C preprocessor... (cached) /usr/bin/gcc -E
checking dirent.h... (cached) yes
checking for errno.h... (cached) yes
checking for float.h... (cached) yes
checking for values.h... (cached) yes
checking for limits.h... (cached) yes
checking for stdlib.h... (cached) yes
checking for string.h... (cached) yes
checking for sys/wait.h... (cached) yes
checking for dlfcn.h... (cached) yes
checking for unistd.h... (cached) yes
checking for sys/param.h... (cached) yes
checking if the compiler understands -pipe... (cached) yes
checking for pthread_mutex_init in -lpthread... (cached) yes
checking for pthread_attr_setstacksize... (cached) yes
checking for pthread_atfork... (cached) yes
checking for building with threads... yes
checking for sin... (cached) no
checking for main in -lieee... (cached) no
checking for main in -linet... (cached) no
checking for net/errno.h... (cached) no
checking for connect... (cached) yes
checking for gethostbyname... (cached) yes
checking how to build libraries... shared
checking for ranlib... (cached) ranlib
checking if 64bit support is requested... no
checking if 64bit Sparc VIS support is requested... no
checking if rpath support is requested... yes
checking system version... (cached) Linux-5.4.0-65-generic
checking for dlopen in -ldl... (cached) yes
checking for ar... (cached) ar
checking for cast to union support... (cached) yes
checking for build with symbols... no
checking for required early compiler flags... (cached) (cached) (cached)  _LARGEFILE64_SOURCE
checking for 64-bit integer type... (cached) using long
checking whether byte ordering is bigendian... (cached) no
checking for getcwd... (cached) yes
checking for opendir... (cached) yes
checking for strstr... (cached) yes
checking for strtol... (cached) yes
checking for strtoll... (cached) yes
checking for strtoull... (cached) yes
checking for tmpnam... (cached) yes
checking for waitpid... (cached) yes
checking for strerror... (cached) yes
checking for getwd... (cached) yes
checking for wait3... (cached) yes
checking for uname... (cached) yes
checking for realpath... (cached) yes
checking for getpwuid_r... (cached) yes
checking for getpwuid_r with 5 args... (cached) yes
checking for getpwnam_r... (cached) yes
checking for getpwnam_r with 5 args... (cached) yes
checking for getgrgid_r... (cached) yes
checking for getgrgid_r with 5 args... (cached) yes
checking for getgrnam_r... (cached) yes
checking for getgrnam_r with 5 args... (cached) yes
checking for gethostbyname_r... (cached) yes
checking for gethostbyname_r with 6 args... (cached) yes
checking for gethostbyaddr_r... (cached) yes
checking for gethostbyaddr_r with 7 args... (cached) no
checking for gethostbyaddr_r with 8 args... (cached) yes
checking for sys/modem.h... (cached) no
checking termios vs. termio vs. sgtty... (cached) termios
checking for fd_set in sys/types... (cached) yes
checking whether struct tm is in sys/time.h or time.h... (cached) time.h
checking for sys/time.h... (cached) yes
checking whether time.h and sys/time.h may both be included... (cached) yes
checking for tm_zone in struct tm... (cached) yes
checking for gmtime_r... (cached) yes
checking for localtime_r... (cached) yes
checking tm_tzadj in struct tm... (cached) no
checking tm_gmtoff in struct tm... (cached) yes
checking long timezone variable... (cached) yes
checking for st_blksize in struct stat... (cached) yes
checking for fstatfs... (cached) yes
checking for 8-bit clean memcmp... (cached) yes
checking for memmove... (cached) yes
checking proper strstr implementation... (cached) ok
checking for strtoul... (cached) yes
checking proper strtoul implementation... (cached) ok
checking for strtod... (cached) yes
checking proper strtod implementation... (cached) ok
checking for strtod... (cached) yes
checking for Solaris2.4/Tru64 strtod bugs... (cached) ok
checking for ANSI C header files... (cached) yes
checking for mode_t... (cached) yes
checking for pid_t... (cached) yes
checking for size_t... (cached) yes
checking for uid_t in sys/types.h... (cached) yes
checking for socklen_t... (cached) yes
checking for opendir... (cached) yes
checking union wait... (cached) no
checking for strncasecmp... (cached) yes
checking for gettimeofday... (cached) yes
checking for gettimeofday declaration... (cached) present
checking whether char is unsigned... (cached) no
checking signed char declarations... (cached) yes
checking for a putenv() that copies the buffer... (cached) no
checking for langinfo.h... (cached) yes
checking whether to use nl_langinfo... (cached) yes
checking for fts... (cached) yes
checking for sys/ioctl.h... (cached) yes
checking for sys/filio.h... (cached) no
checking system version... (cached) Linux-5.4.0-65-generic
checking FIONBIO vs. O_NONBLOCK for nonblocking I/O... O_NONBLOCK
checking whether to enable DTrace support... no
checking whether the cpuid instruction is usable... (cached) yes
creating ./config.status
creating Makefile
creating dltest/Makefile
creating tclConfig.sh
rm -f *.a *.o libtcl* core errs *~ \#* TAGS *.E a.out \
	errors  tcltest lib.exp Tcl 
cd dltest ; make clean
make[1]: Entering directory '/home/wb/Work/nGit/projects/solar_build_test/solar/old_root-9.0.1/lib_src/libtcl8.4/unix/dltest'
rm -f *.o config.cache config.log config.status
rm -f lib.exp ../dltest.marker
rm -f *.so
make[1]: Leaving directory '/home/wb/Work/nGit/projects/solar_build_test/solar/old_root-9.0.1/lib_src/libtcl8.4/unix/dltest'
make: Entering directory '/home/wb/Work/nGit/projects/solar_build_test/solar/old_root-9.0.1/lib_src/libtcl8.4/unix'
/usr/bin/gcc -c -O2  -pipe  -DTCL_DBGX= -Wall -fno-strict-aliasing -fPIC -I. -I/home/wb/Work/nGit/projects/solar_build_test/solar/old_root-9.0.1/lib_src/libtcl8.4/unix/../generic -I/home/wb/Work/nGit/projects/solar_build_test/solar/old_root-9.0.1/lib_src/libtcl8.4/unix -DHAVE_LIMITS_H=1 -DHAVE_UNISTD_H=1 -DHAVE_SYS_PARAM_H=1 -DUSE_THREAD_ALLOC=1 -D_REENTRANT=1 -D_THREAD_SAFE=1 -DHAVE_PTHREAD_ATTR_SETSTACKSIZE=1 -DHAVE_PTHREAD_ATFORK=1 -DTCL_THREADS=1 -DPEEK_XCLOSEIM=1 -DHAVE_CAST_TO_UNION=1 -DNDEBUG=1 -D_LARGEFILE64_SOURCE=1 -DTCL_WIDE_INT_IS_LONG=1 -DHAVE_GETCWD=1 -DHAVE_OPENDIR=1 -DHAVE_STRSTR=1 -DHAVE_STRTOL=1 -DHAVE_STRTOLL=1 -DHAVE_STRTOULL=1 -DHAVE_TMPNAM=1 -DHAVE_WAITPID=1 -DHAVE_GETPWUID_R_5=1 -DHAVE_GETPWUID_R=1 -DHAVE_GETPWNAM_R_5=1 -DHAVE_GETPWNAM_R=1 -DHAVE_GETGRGID_R_5=1 -DHAVE_GETGRGID_R=1 -DHAVE_GETGRNAM_R_5=1 -DHAVE_GETGRNAM_R=1 -DHAVE_GETHOSTBYNAME_R_6=1 -DHAVE_GETHOSTBYNAME_R=1 -DHAVE_GETHOSTBYADDR_R_8=1 -DHAVE_GETHOSTBYADDR_R=1 -DUSE_TERMIOS=1 -DHAVE_SYS_TIME_H=1 -DTIME_WITH_SYS_TIME=1 -DHAVE_TM_ZONE=1 -DHAVE_GMTIME_R=1 -DHAVE_LOCALTIME_R=1 -DHAVE_TM_GMTOFF=1 -DHAVE_TIMEZONE_VAR=1 -DHAVE_ST_BLKSIZE=1 -DSTDC_HEADERS=1 -DNO_UNION_WAIT=1 -DHAVE_SIGNED_CHAR=1 -DHAVE_LANGINFO=1 -DHAVE_FTS=1 -DHAVE_SYS_IOCTL_H=1 -DHAVE_CPUID=1        -DTCL_SHLIB_EXT=\".so\"   /home/wb/Work/nGit/projects/solar_build_test/solar/old_root-9.0.1/lib_src/libtcl8.4/unix/../generic/regcomp.c
/usr/bin/gcc -c -O2  -pipe  -DTCL_DBGX= -Wall -fno-strict-aliasing -fPIC -I. -I/home/wb/Work/nGit/projects/solar_build_test/solar/old_root-9.0.1/lib_src/libtcl8.4/unix/../generic -I/home/wb/Work/nGit/projects/solar_build_test/solar/old_root-9.0.1/lib_src/libtcl8.4/unix -DHAVE_LIMITS_H=1 -DHAVE_UNISTD_H=1 -DHAVE_SYS_PARAM_H=1 -DUSE_THREAD_ALLOC=1 -D_REENTRANT=1 -D_THREAD_SAFE=1 -DHAVE_PTHREAD_ATTR_SETSTACKSIZE=1 -DHAVE_PTHREAD_ATFORK=1 -DTCL_THREADS=1 -DPEEK_XCLOSEIM=1 -DHAVE_CAST_TO_UNION=1 -DNDEBUG=1 -D_LARGEFILE64_SOURCE=1 -DTCL_WIDE_INT_IS_LONG=1 -DHAVE_GETCWD=1 -DHAVE_OPENDIR=1 -DHAVE_STRSTR=1 -DHAVE_STRTOL=1 -DHAVE_STRTOLL=1 -DHAVE_STRTOULL=1 -DHAVE_TMPNAM=1 -DHAVE_WAITPID=1 -DHAVE_GETPWUID_R_5=1 -DHAVE_GETPWUID_R=1 -DHAVE_GETPWNAM_R_5=1 -DHAVE_GETPWNAM_R=1 -DHAVE_GETGRGID_R_5=1 -DHAVE_GETGRGID_R=1 -DHAVE_GETGRNAM_R_5=1 -DHAVE_GETGRNAM_R=1 -DHAVE_GETHOSTBYNAME_R_6=1 -DHAVE_GETHOSTBYNAME_R=1 -DHAVE_GETHOSTBYADDR_R_8=1 -DHAVE_GETHOSTBYADDR_R=1 -DUSE_TERMIOS=1 -DHAVE_SYS_TIME_H=1 -DTIME_WITH_SYS_TIME=1 -DHAVE_TM_ZONE=1 -DHAVE_GMTIME_R=1 -DHAVE_LOCALTIME_R=1 -DHAVE_TM_GMTOFF=1 -DHAVE_TIMEZONE_VAR=1 -DHAVE_ST_BLKSIZE=1 -DSTDC_HEADERS=1 -DNO_UNION_WAIT=1 -DHAVE_SIGNED_CHAR=1 -DHAVE_LANGINFO=1 -DHAVE_FTS=1 -DHAVE_SYS_IOCTL_H=1 -DHAVE_CPUID=1        -DTCL_SHLIB_EXT=\".so\"   /home/wb/Work/nGit/projects/solar_build_test/solar/old_root-9.0.1/lib_src/libtcl8.4/unix/../generic/regexec.c
/usr/bin/gcc -c -O2  -pipe  -DTCL_DBGX= -Wall -fno-strict-aliasing -fPIC -I. -I/home/wb/Work/nGit/projects/solar_build_test/solar/old_root-9.0.1/lib_src/libtcl8.4/unix/../generic -I/home/wb/Work/nGit/projects/solar_build_test/solar/old_root-9.0.1/lib_src/libtcl8.4/unix -DHAVE_LIMITS_H=1 -DHAVE_UNISTD_H=1 -DHAVE_SYS_PARAM_H=1 -DUSE_THREAD_ALLOC=1 -D_REENTRANT=1 -D_THREAD_SAFE=1 -DHAVE_PTHREAD_ATTR_SETSTACKSIZE=1 -DHAVE_PTHREAD_ATFORK=1 -DTCL_THREADS=1 -DPEEK_XCLOSEIM=1 -DHAVE_CAST_TO_UNION=1 -DNDEBUG=1 -D_LARGEFILE64_SOURCE=1 -DTCL_WIDE_INT_IS_LONG=1 -DHAVE_GETCWD=1 -DHAVE_OPENDIR=1 -DHAVE_STRSTR=1 -DHAVE_STRTOL=1 -DHAVE_STRTOLL=1 -DHAVE_STRTOULL=1 -DHAVE_TMPNAM=1 -DHAVE_WAITPID=1 -DHAVE_GETPWUID_R_5=1 -DHAVE_GETPWUID_R=1 -DHAVE_GETPWNAM_R_5=1 -DHAVE_GETPWNAM_R=1 -DHAVE_GETGRGID_R_5=1 -DHAVE_GETGRGID_R=1 -DHAVE_GETGRNAM_R_5=1 -DHAVE_GETGRNAM_R=1 -DHAVE_GETHOSTBYNAME_R_6=1 -DHAVE_GETHOSTBYNAME_R=1 -DHAVE_GETHOSTBYADDR_R_8=1 -DHAVE_GETHOSTBYADDR_R=1 -DUSE_TERMIOS=1 -DHAVE_SYS_TIME_H=1 -DTIME_WITH_SYS_TIME=1 -DHAVE_TM_ZONE=1 -DHAVE_GMTIME_R=1 -DHAVE_LOCALTIME_R=1 -DHAVE_TM_GMTOFF=1 -DHAVE_TIMEZONE_VAR=1 -DHAVE_ST_BLKSIZE=1 -DSTDC_HEADERS=1 -DNO_UNION_WAIT=1 -DHAVE_SIGNED_CHAR=1 -DHAVE_LANGINFO=1 -DHAVE_FTS=1 -DHAVE_SYS_IOCTL_H=1 -DHAVE_CPUID=1        -DTCL_SHLIB_EXT=\".so\"   /home/wb/Work/nGit/projects/solar_build_test/solar/old_root-9.0.1/lib_src/libtcl8.4/unix/../generic/regfree.c
/usr/bin/gcc -c -O2  -pipe  -DTCL_DBGX= -Wall -fno-strict-aliasing -fPIC -I. -I/home/wb/Work/nGit/projects/solar_build_test/solar/old_root-9.0.1/lib_src/libtcl8.4/unix/../generic -I/home/wb/Work/nGit/projects/solar_build_test/solar/old_root-9.0.1/lib_src/libtcl8.4/unix -DHAVE_LIMITS_H=1 -DHAVE_UNISTD_H=1 -DHAVE_SYS_PARAM_H=1 -DUSE_THREAD_ALLOC=1 -D_REENTRANT=1 -D_THREAD_SAFE=1 -DHAVE_PTHREAD_ATTR_SETSTACKSIZE=1 -DHAVE_PTHREAD_ATFORK=1 -DTCL_THREADS=1 -DPEEK_XCLOSEIM=1 -DHAVE_CAST_TO_UNION=1 -DNDEBUG=1 -D_LARGEFILE64_SOURCE=1 -DTCL_WIDE_INT_IS_LONG=1 -DHAVE_GETCWD=1 -DHAVE_OPENDIR=1 -DHAVE_STRSTR=1 -DHAVE_STRTOL=1 -DHAVE_STRTOLL=1 -DHAVE_STRTOULL=1 -DHAVE_TMPNAM=1 -DHAVE_WAITPID=1 -DHAVE_GETPWUID_R_5=1 -DHAVE_GETPWUID_R=1 -DHAVE_GETPWNAM_R_5=1 -DHAVE_GETPWNAM_R=1 -DHAVE_GETGRGID_R_5=1 -DHAVE_GETGRGID_R=1 -DHAVE_GETGRNAM_R_5=1 -DHAVE_GETGRNAM_R=1 -DHAVE_GETHOSTBYNAME_R_6=1 -DHAVE_GETHOSTBYNAME_R=1 -DHAVE_GETHOSTBYADDR_R_8=1 -DHAVE_GETHOSTBYADDR_R=1 -DUSE_TERMIOS=1 -DHAVE_SYS_TIME_H=1 -DTIME_WITH_SYS_TIME=1 -DHAVE_TM_ZONE=1 -DHAVE_GMTIME_R=1 -DHAVE_LOCALTIME_R=1 -DHAVE_TM_GMTOFF=1 -DHAVE_TIMEZONE_VAR=1 -DHAVE_ST_BLKSIZE=1 -DSTDC_HEADERS=1 -DNO_UNION_WAIT=1 -DHAVE_SIGNED_CHAR=1 -DHAVE_LANGINFO=1 -DHAVE_FTS=1 -DHAVE_SYS_IOCTL_H=1 -DHAVE_CPUID=1        -DTCL_SHLIB_EXT=\".so\"   /home/wb/Work/nGit/projects/solar_build_test/solar/old_root-9.0.1/lib_src/libtcl8.4/unix/../generic/regerror.c
/usr/bin/gcc -c -O2  -pipe  -DTCL_DBGX= -Wall -fno-strict-aliasing -fPIC -I. -I/home/wb/Work/nGit/projects/solar_build_test/solar/old_root-9.0.1/lib_src/libtcl8.4/unix/../generic -I/home/wb/Work/nGit/projects/solar_build_test/solar/old_root-9.0.1/lib_src/libtcl8.4/unix -DHAVE_LIMITS_H=1 -DHAVE_UNISTD_H=1 -DHAVE_SYS_PARAM_H=1 -DUSE_THREAD_ALLOC=1 -D_REENTRANT=1 -D_THREAD_SAFE=1 -DHAVE_PTHREAD_ATTR_SETSTACKSIZE=1 -DHAVE_PTHREAD_ATFORK=1 -DTCL_THREADS=1 -DPEEK_XCLOSEIM=1 -DHAVE_CAST_TO_UNION=1 -DNDEBUG=1 -D_LARGEFILE64_SOURCE=1 -DTCL_WIDE_INT_IS_LONG=1 -DHAVE_GETCWD=1 -DHAVE_OPENDIR=1 -DHAVE_STRSTR=1 -DHAVE_STRTOL=1 -DHAVE_STRTOLL=1 -DHAVE_STRTOULL=1 -DHAVE_TMPNAM=1 -DHAVE_WAITPID=1 -DHAVE_GETPWUID_R_5=1 -DHAVE_GETPWUID_R=1 -DHAVE_GETPWNAM_R_5=1 -DHAVE_GETPWNAM_R=1 -DHAVE_GETGRGID_R_5=1 -DHAVE_GETGRGID_R=1 -DHAVE_GETGRNAM_R_5=1 -DHAVE_GETGRNAM_R=1 -DHAVE_GETHOSTBYNAME_R_6=1 -DHAVE_GETHOSTBYNAME_R=1 -DHAVE_GETHOSTBYADDR_R_8=1 -DHAVE_GETHOSTBYADDR_R=1 -DUSE_TERMIOS=1 -DHAVE_SYS_TIME_H=1 -DTIME_WITH_SYS_TIME=1 -DHAVE_TM_ZONE=1 -DHAVE_GMTIME_R=1 -DHAVE_LOCALTIME_R=1 -DHAVE_TM_GMTOFF=1 -DHAVE_TIMEZONE_VAR=1 -DHAVE_ST_BLKSIZE=1 -DSTDC_HEADERS=1 -DNO_UNION_WAIT=1 -DHAVE_SIGNED_CHAR=1 -DHAVE_LANGINFO=1 -DHAVE_FTS=1 -DHAVE_SYS_IOCTL_H=1 -DHAVE_CPUID=1        -DTCL_SHLIB_EXT=\".so\"   /home/wb/Work/nGit/projects/solar_build_test/solar/old_root-9.0.1/lib_src/libtcl8.4/unix/../generic/tclAlloc.c
/usr/bin/gcc -c -O2  -pipe  -DTCL_DBGX= -Wall -fno-strict-aliasing -fPIC -I. -I/home/wb/Work/nGit/projects/solar_build_test/solar/old_root-9.0.1/lib_src/libtcl8.4/unix/../generic -I/home/wb/Work/nGit/projects/solar_build_test/solar/old_root-9.0.1/lib_src/libtcl8.4/unix -DHAVE_LIMITS_H=1 -DHAVE_UNISTD_H=1 -DHAVE_SYS_PARAM_H=1 -DUSE_THREAD_ALLOC=1 -D_REENTRANT=1 -D_THREAD_SAFE=1 -DHAVE_PTHREAD_ATTR_SETSTACKSIZE=1 -DHAVE_PTHREAD_ATFORK=1 -DTCL_THREADS=1 -DPEEK_XCLOSEIM=1 -DHAVE_CAST_TO_UNION=1 -DNDEBUG=1 -D_LARGEFILE64_SOURCE=1 -DTCL_WIDE_INT_IS_LONG=1 -DHAVE_GETCWD=1 -DHAVE_OPENDIR=1 -DHAVE_STRSTR=1 -DHAVE_STRTOL=1 -DHAVE_STRTOLL=1 -DHAVE_STRTOULL=1 -DHAVE_TMPNAM=1 -DHAVE_WAITPID=1 -DHAVE_GETPWUID_R_5=1 -DHAVE_GETPWUID_R=1 -DHAVE_GETPWNAM_R_5=1 -DHAVE_GETPWNAM_R=1 -DHAVE_GETGRGID_R_5=1 -DHAVE_GETGRGID_R=1 -DHAVE_GETGRNAM_R_5=1 -DHAVE_GETGRNAM_R=1 -DHAVE_GETHOSTBYNAME_R_6=1 -DHAVE_GETHOSTBYNAME_R=1 -DHAVE_GETHOSTBYADDR_R_8=1 -DHAVE_GETHOSTBYADDR_R=1 -DUSE_TERMIOS=1 -DHAVE_SYS_TIME_H=1 -DTIME_WITH_SYS_TIME=1 -DHAVE_TM_ZONE=1 -DHAVE_GMTIME_R=1 -DHAVE_LOCALTIME_R=1 -DHAVE_TM_GMTOFF=1 -DHAVE_TIMEZONE_VAR=1 -DHAVE_ST_BLKSIZE=1 -DSTDC_HEADERS=1 -DNO_UNION_WAIT=1 -DHAVE_SIGNED_CHAR=1 -DHAVE_LANGINFO=1 -DHAVE_FTS=1 -DHAVE_SYS_IOCTL_H=1 -DHAVE_CPUID=1        -DTCL_SHLIB_EXT=\".so\"   /home/wb/Work/nGit/projects/solar_build_test/solar/old_root-9.0.1/lib_src/libtcl8.4/unix/../generic/tclAsync.c
/usr/bin/gcc -c -O2  -pipe  -DTCL_DBGX= -Wall -fno-strict-aliasing -fPIC -I. -I/home/wb/Work/nGit/projects/solar_build_test/solar/old_root-9.0.1/lib_src/libtcl8.4/unix/../generic -I/home/wb/Work/nGit/projects/solar_build_test/solar/old_root-9.0.1/lib_src/libtcl8.4/unix -DHAVE_LIMITS_H=1 -DHAVE_UNISTD_H=1 -DHAVE_SYS_PARAM_H=1 -DUSE_THREAD_ALLOC=1 -D_REENTRANT=1 -D_THREAD_SAFE=1 -DHAVE_PTHREAD_ATTR_SETSTACKSIZE=1 -DHAVE_PTHREAD_ATFORK=1 -DTCL_THREADS=1 -DPEEK_XCLOSEIM=1 -DHAVE_CAST_TO_UNION=1 -DNDEBUG=1 -D_LARGEFILE64_SOURCE=1 -DTCL_WIDE_INT_IS_LONG=1 -DHAVE_GETCWD=1 -DHAVE_OPENDIR=1 -DHAVE_STRSTR=1 -DHAVE_STRTOL=1 -DHAVE_STRTOLL=1 -DHAVE_STRTOULL=1 -DHAVE_TMPNAM=1 -DHAVE_WAITPID=1 -DHAVE_GETPWUID_R_5=1 -DHAVE_GETPWUID_R=1 -DHAVE_GETPWNAM_R_5=1 -DHAVE_GETPWNAM_R=1 -DHAVE_GETGRGID_R_5=1 -DHAVE_GETGRGID_R=1 -DHAVE_GETGRNAM_R_5=1 -DHAVE_GETGRNAM_R=1 -DHAVE_GETHOSTBYNAME_R_6=1 -DHAVE_GETHOSTBYNAME_R=1 -DHAVE_GETHOSTBYADDR_R_8=1 -DHAVE_GETHOSTBYADDR_R=1 -DUSE_TERMIOS=1 -DHAVE_SYS_TIME_H=1 -DTIME_WITH_SYS_TIME=1 -DHAVE_TM_ZONE=1 -DHAVE_GMTIME_R=1 -DHAVE_LOCALTIME_R=1 -DHAVE_TM_GMTOFF=1 -DHAVE_TIMEZONE_VAR=1 -DHAVE_ST_BLKSIZE=1 -DSTDC_HEADERS=1 -DNO_UNION_WAIT=1 -DHAVE_SIGNED_CHAR=1 -DHAVE_LANGINFO=1 -DHAVE_FTS=1 -DHAVE_SYS_IOCTL_H=1 -DHAVE_CPUID=1        -DTCL_SHLIB_EXT=\".so\"   /home/wb/Work/nGit/projects/solar_build_test/solar/old_root-9.0.1/lib_src/libtcl8.4/unix/../generic/tclBasic.c
/home/wb/Work/nGit/projects/solar_build_test/solar/old_root-9.0.1/lib_src/libtcl8.4/unix/../generic/tclBasic.c: In function ‘Tcl_EvalObjEx’:
/home/wb/Work/nGit/projects/solar_build_test/solar/old_root-9.0.1/lib_src/libtcl8.4/unix/../generic/tclBasic.c:5109:22: warning: ‘staticObjv’ may be used uninitialized [-Wmaybe-uninitialized]
 5109 |             result = Tcl_EvalObjv(interp, objc, objv, flags);
      |                      ^~~~~~~~~~~~~~~~~~~~~~~~~~~~~~~~~~~~~~~
/home/wb/Work/nGit/projects/solar_build_test/solar/old_root-9.0.1/lib_src/libtcl8.4/unix/../generic/tclBasic.c:3351:1: note: by argument 3 of type ‘Tcl_Obj * const[]’ to ‘Tcl_EvalObjv’ declared here
 3351 | Tcl_EvalObjv(interp, objc, objv, flags)
      | ^~~~~~~~~~~~
/home/wb/Work/nGit/projects/solar_build_test/solar/old_root-9.0.1/lib_src/libtcl8.4/unix/../generic/tclBasic.c:5053:22: note: ‘staticObjv’ declared here
 5053 |             Tcl_Obj *staticObjv[TEOE_PREALLOC], **objv = staticObjv;
      |                      ^~~~~~~~~~
/usr/bin/gcc -c -O2  -pipe  -DTCL_DBGX= -Wall -fno-strict-aliasing -fPIC -I. -I/home/wb/Work/nGit/projects/solar_build_test/solar/old_root-9.0.1/lib_src/libtcl8.4/unix/../generic -I/home/wb/Work/nGit/projects/solar_build_test/solar/old_root-9.0.1/lib_src/libtcl8.4/unix -DHAVE_LIMITS_H=1 -DHAVE_UNISTD_H=1 -DHAVE_SYS_PARAM_H=1 -DUSE_THREAD_ALLOC=1 -D_REENTRANT=1 -D_THREAD_SAFE=1 -DHAVE_PTHREAD_ATTR_SETSTACKSIZE=1 -DHAVE_PTHREAD_ATFORK=1 -DTCL_THREADS=1 -DPEEK_XCLOSEIM=1 -DHAVE_CAST_TO_UNION=1 -DNDEBUG=1 -D_LARGEFILE64_SOURCE=1 -DTCL_WIDE_INT_IS_LONG=1 -DHAVE_GETCWD=1 -DHAVE_OPENDIR=1 -DHAVE_STRSTR=1 -DHAVE_STRTOL=1 -DHAVE_STRTOLL=1 -DHAVE_STRTOULL=1 -DHAVE_TMPNAM=1 -DHAVE_WAITPID=1 -DHAVE_GETPWUID_R_5=1 -DHAVE_GETPWUID_R=1 -DHAVE_GETPWNAM_R_5=1 -DHAVE_GETPWNAM_R=1 -DHAVE_GETGRGID_R_5=1 -DHAVE_GETGRGID_R=1 -DHAVE_GETGRNAM_R_5=1 -DHAVE_GETGRNAM_R=1 -DHAVE_GETHOSTBYNAME_R_6=1 -DHAVE_GETHOSTBYNAME_R=1 -DHAVE_GETHOSTBYADDR_R_8=1 -DHAVE_GETHOSTBYADDR_R=1 -DUSE_TERMIOS=1 -DHAVE_SYS_TIME_H=1 -DTIME_WITH_SYS_TIME=1 -DHAVE_TM_ZONE=1 -DHAVE_GMTIME_R=1 -DHAVE_LOCALTIME_R=1 -DHAVE_TM_GMTOFF=1 -DHAVE_TIMEZONE_VAR=1 -DHAVE_ST_BLKSIZE=1 -DSTDC_HEADERS=1 -DNO_UNION_WAIT=1 -DHAVE_SIGNED_CHAR=1 -DHAVE_LANGINFO=1 -DHAVE_FTS=1 -DHAVE_SYS_IOCTL_H=1 -DHAVE_CPUID=1        -DTCL_SHLIB_EXT=\".so\"   /home/wb/Work/nGit/projects/solar_build_test/solar/old_root-9.0.1/lib_src/libtcl8.4/unix/../generic/tclBinary.c
/usr/bin/gcc -c -O2  -pipe  -DTCL_DBGX= -Wall -fno-strict-aliasing -fPIC -I. -I/home/wb/Work/nGit/projects/solar_build_test/solar/old_root-9.0.1/lib_src/libtcl8.4/unix/../generic -I/home/wb/Work/nGit/projects/solar_build_test/solar/old_root-9.0.1/lib_src/libtcl8.4/unix -DHAVE_LIMITS_H=1 -DHAVE_UNISTD_H=1 -DHAVE_SYS_PARAM_H=1 -DUSE_THREAD_ALLOC=1 -D_REENTRANT=1 -D_THREAD_SAFE=1 -DHAVE_PTHREAD_ATTR_SETSTACKSIZE=1 -DHAVE_PTHREAD_ATFORK=1 -DTCL_THREADS=1 -DPEEK_XCLOSEIM=1 -DHAVE_CAST_TO_UNION=1 -DNDEBUG=1 -D_LARGEFILE64_SOURCE=1 -DTCL_WIDE_INT_IS_LONG=1 -DHAVE_GETCWD=1 -DHAVE_OPENDIR=1 -DHAVE_STRSTR=1 -DHAVE_STRTOL=1 -DHAVE_STRTOLL=1 -DHAVE_STRTOULL=1 -DHAVE_TMPNAM=1 -DHAVE_WAITPID=1 -DHAVE_GETPWUID_R_5=1 -DHAVE_GETPWUID_R=1 -DHAVE_GETPWNAM_R_5=1 -DHAVE_GETPWNAM_R=1 -DHAVE_GETGRGID_R_5=1 -DHAVE_GETGRGID_R=1 -DHAVE_GETGRNAM_R_5=1 -DHAVE_GETGRNAM_R=1 -DHAVE_GETHOSTBYNAME_R_6=1 -DHAVE_GETHOSTBYNAME_R=1 -DHAVE_GETHOSTBYADDR_R_8=1 -DHAVE_GETHOSTBYADDR_R=1 -DUSE_TERMIOS=1 -DHAVE_SYS_TIME_H=1 -DTIME_WITH_SYS_TIME=1 -DHAVE_TM_ZONE=1 -DHAVE_GMTIME_R=1 -DHAVE_LOCALTIME_R=1 -DHAVE_TM_GMTOFF=1 -DHAVE_TIMEZONE_VAR=1 -DHAVE_ST_BLKSIZE=1 -DSTDC_HEADERS=1 -DNO_UNION_WAIT=1 -DHAVE_SIGNED_CHAR=1 -DHAVE_LANGINFO=1 -DHAVE_FTS=1 -DHAVE_SYS_IOCTL_H=1 -DHAVE_CPUID=1        -DTCL_SHLIB_EXT=\".so\"   /home/wb/Work/nGit/projects/solar_build_test/solar/old_root-9.0.1/lib_src/libtcl8.4/unix/../generic/tclCkalloc.c
/usr/bin/gcc -c -O2  -pipe  -DTCL_DBGX= -Wall -fno-strict-aliasing -fPIC -I. -I/home/wb/Work/nGit/projects/solar_build_test/solar/old_root-9.0.1/lib_src/libtcl8.4/unix/../generic -I/home/wb/Work/nGit/projects/solar_build_test/solar/old_root-9.0.1/lib_src/libtcl8.4/unix -DHAVE_LIMITS_H=1 -DHAVE_UNISTD_H=1 -DHAVE_SYS_PARAM_H=1 -DUSE_THREAD_ALLOC=1 -D_REENTRANT=1 -D_THREAD_SAFE=1 -DHAVE_PTHREAD_ATTR_SETSTACKSIZE=1 -DHAVE_PTHREAD_ATFORK=1 -DTCL_THREADS=1 -DPEEK_XCLOSEIM=1 -DHAVE_CAST_TO_UNION=1 -DNDEBUG=1 -D_LARGEFILE64_SOURCE=1 -DTCL_WIDE_INT_IS_LONG=1 -DHAVE_GETCWD=1 -DHAVE_OPENDIR=1 -DHAVE_STRSTR=1 -DHAVE_STRTOL=1 -DHAVE_STRTOLL=1 -DHAVE_STRTOULL=1 -DHAVE_TMPNAM=1 -DHAVE_WAITPID=1 -DHAVE_GETPWUID_R_5=1 -DHAVE_GETPWUID_R=1 -DHAVE_GETPWNAM_R_5=1 -DHAVE_GETPWNAM_R=1 -DHAVE_GETGRGID_R_5=1 -DHAVE_GETGRGID_R=1 -DHAVE_GETGRNAM_R_5=1 -DHAVE_GETGRNAM_R=1 -DHAVE_GETHOSTBYNAME_R_6=1 -DHAVE_GETHOSTBYNAME_R=1 -DHAVE_GETHOSTBYADDR_R_8=1 -DHAVE_GETHOSTBYADDR_R=1 -DUSE_TERMIOS=1 -DHAVE_SYS_TIME_H=1 -DTIME_WITH_SYS_TIME=1 -DHAVE_TM_ZONE=1 -DHAVE_GMTIME_R=1 -DHAVE_LOCALTIME_R=1 -DHAVE_TM_GMTOFF=1 -DHAVE_TIMEZONE_VAR=1 -DHAVE_ST_BLKSIZE=1 -DSTDC_HEADERS=1 -DNO_UNION_WAIT=1 -DHAVE_SIGNED_CHAR=1 -DHAVE_LANGINFO=1 -DHAVE_FTS=1 -DHAVE_SYS_IOCTL_H=1 -DHAVE_CPUID=1        -DTCL_SHLIB_EXT=\".so\"   /home/wb/Work/nGit/projects/solar_build_test/solar/old_root-9.0.1/lib_src/libtcl8.4/unix/../generic/tclClock.c
/usr/bin/gcc -c -O2  -pipe  -DTCL_DBGX= -Wall -fno-strict-aliasing -fPIC -I. -I/home/wb/Work/nGit/projects/solar_build_test/solar/old_root-9.0.1/lib_src/libtcl8.4/unix/../generic -I/home/wb/Work/nGit/projects/solar_build_test/solar/old_root-9.0.1/lib_src/libtcl8.4/unix -DHAVE_LIMITS_H=1 -DHAVE_UNISTD_H=1 -DHAVE_SYS_PARAM_H=1 -DUSE_THREAD_ALLOC=1 -D_REENTRANT=1 -D_THREAD_SAFE=1 -DHAVE_PTHREAD_ATTR_SETSTACKSIZE=1 -DHAVE_PTHREAD_ATFORK=1 -DTCL_THREADS=1 -DPEEK_XCLOSEIM=1 -DHAVE_CAST_TO_UNION=1 -DNDEBUG=1 -D_LARGEFILE64_SOURCE=1 -DTCL_WIDE_INT_IS_LONG=1 -DHAVE_GETCWD=1 -DHAVE_OPENDIR=1 -DHAVE_STRSTR=1 -DHAVE_STRTOL=1 -DHAVE_STRTOLL=1 -DHAVE_STRTOULL=1 -DHAVE_TMPNAM=1 -DHAVE_WAITPID=1 -DHAVE_GETPWUID_R_5=1 -DHAVE_GETPWUID_R=1 -DHAVE_GETPWNAM_R_5=1 -DHAVE_GETPWNAM_R=1 -DHAVE_GETGRGID_R_5=1 -DHAVE_GETGRGID_R=1 -DHAVE_GETGRNAM_R_5=1 -DHAVE_GETGRNAM_R=1 -DHAVE_GETHOSTBYNAME_R_6=1 -DHAVE_GETHOSTBYNAME_R=1 -DHAVE_GETHOSTBYADDR_R_8=1 -DHAVE_GETHOSTBYADDR_R=1 -DUSE_TERMIOS=1 -DHAVE_SYS_TIME_H=1 -DTIME_WITH_SYS_TIME=1 -DHAVE_TM_ZONE=1 -DHAVE_GMTIME_R=1 -DHAVE_LOCALTIME_R=1 -DHAVE_TM_GMTOFF=1 -DHAVE_TIMEZONE_VAR=1 -DHAVE_ST_BLKSIZE=1 -DSTDC_HEADERS=1 -DNO_UNION_WAIT=1 -DHAVE_SIGNED_CHAR=1 -DHAVE_LANGINFO=1 -DHAVE_FTS=1 -DHAVE_SYS_IOCTL_H=1 -DHAVE_CPUID=1        -DTCL_SHLIB_EXT=\".so\"   /home/wb/Work/nGit/projects/solar_build_test/solar/old_root-9.0.1/lib_src/libtcl8.4/unix/../generic/tclCmdAH.c
/usr/bin/gcc -c -O2  -pipe  -DTCL_DBGX= -Wall -fno-strict-aliasing -fPIC -I. -I/home/wb/Work/nGit/projects/solar_build_test/solar/old_root-9.0.1/lib_src/libtcl8.4/unix/../generic -I/home/wb/Work/nGit/projects/solar_build_test/solar/old_root-9.0.1/lib_src/libtcl8.4/unix -DHAVE_LIMITS_H=1 -DHAVE_UNISTD_H=1 -DHAVE_SYS_PARAM_H=1 -DUSE_THREAD_ALLOC=1 -D_REENTRANT=1 -D_THREAD_SAFE=1 -DHAVE_PTHREAD_ATTR_SETSTACKSIZE=1 -DHAVE_PTHREAD_ATFORK=1 -DTCL_THREADS=1 -DPEEK_XCLOSEIM=1 -DHAVE_CAST_TO_UNION=1 -DNDEBUG=1 -D_LARGEFILE64_SOURCE=1 -DTCL_WIDE_INT_IS_LONG=1 -DHAVE_GETCWD=1 -DHAVE_OPENDIR=1 -DHAVE_STRSTR=1 -DHAVE_STRTOL=1 -DHAVE_STRTOLL=1 -DHAVE_STRTOULL=1 -DHAVE_TMPNAM=1 -DHAVE_WAITPID=1 -DHAVE_GETPWUID_R_5=1 -DHAVE_GETPWUID_R=1 -DHAVE_GETPWNAM_R_5=1 -DHAVE_GETPWNAM_R=1 -DHAVE_GETGRGID_R_5=1 -DHAVE_GETGRGID_R=1 -DHAVE_GETGRNAM_R_5=1 -DHAVE_GETGRNAM_R=1 -DHAVE_GETHOSTBYNAME_R_6=1 -DHAVE_GETHOSTBYNAME_R=1 -DHAVE_GETHOSTBYADDR_R_8=1 -DHAVE_GETHOSTBYADDR_R=1 -DUSE_TERMIOS=1 -DHAVE_SYS_TIME_H=1 -DTIME_WITH_SYS_TIME=1 -DHAVE_TM_ZONE=1 -DHAVE_GMTIME_R=1 -DHAVE_LOCALTIME_R=1 -DHAVE_TM_GMTOFF=1 -DHAVE_TIMEZONE_VAR=1 -DHAVE_ST_BLKSIZE=1 -DSTDC_HEADERS=1 -DNO_UNION_WAIT=1 -DHAVE_SIGNED_CHAR=1 -DHAVE_LANGINFO=1 -DHAVE_FTS=1 -DHAVE_SYS_IOCTL_H=1 -DHAVE_CPUID=1        -DTCL_SHLIB_EXT=\".so\"   /home/wb/Work/nGit/projects/solar_build_test/solar/old_root-9.0.1/lib_src/libtcl8.4/unix/../generic/tclCmdIL.c
/usr/bin/gcc -c -O2  -pipe  -DTCL_DBGX= -Wall -fno-strict-aliasing -fPIC -I. -I/home/wb/Work/nGit/projects/solar_build_test/solar/old_root-9.0.1/lib_src/libtcl8.4/unix/../generic -I/home/wb/Work/nGit/projects/solar_build_test/solar/old_root-9.0.1/lib_src/libtcl8.4/unix -DHAVE_LIMITS_H=1 -DHAVE_UNISTD_H=1 -DHAVE_SYS_PARAM_H=1 -DUSE_THREAD_ALLOC=1 -D_REENTRANT=1 -D_THREAD_SAFE=1 -DHAVE_PTHREAD_ATTR_SETSTACKSIZE=1 -DHAVE_PTHREAD_ATFORK=1 -DTCL_THREADS=1 -DPEEK_XCLOSEIM=1 -DHAVE_CAST_TO_UNION=1 -DNDEBUG=1 -D_LARGEFILE64_SOURCE=1 -DTCL_WIDE_INT_IS_LONG=1 -DHAVE_GETCWD=1 -DHAVE_OPENDIR=1 -DHAVE_STRSTR=1 -DHAVE_STRTOL=1 -DHAVE_STRTOLL=1 -DHAVE_STRTOULL=1 -DHAVE_TMPNAM=1 -DHAVE_WAITPID=1 -DHAVE_GETPWUID_R_5=1 -DHAVE_GETPWUID_R=1 -DHAVE_GETPWNAM_R_5=1 -DHAVE_GETPWNAM_R=1 -DHAVE_GETGRGID_R_5=1 -DHAVE_GETGRGID_R=1 -DHAVE_GETGRNAM_R_5=1 -DHAVE_GETGRNAM_R=1 -DHAVE_GETHOSTBYNAME_R_6=1 -DHAVE_GETHOSTBYNAME_R=1 -DHAVE_GETHOSTBYADDR_R_8=1 -DHAVE_GETHOSTBYADDR_R=1 -DUSE_TERMIOS=1 -DHAVE_SYS_TIME_H=1 -DTIME_WITH_SYS_TIME=1 -DHAVE_TM_ZONE=1 -DHAVE_GMTIME_R=1 -DHAVE_LOCALTIME_R=1 -DHAVE_TM_GMTOFF=1 -DHAVE_TIMEZONE_VAR=1 -DHAVE_ST_BLKSIZE=1 -DSTDC_HEADERS=1 -DNO_UNION_WAIT=1 -DHAVE_SIGNED_CHAR=1 -DHAVE_LANGINFO=1 -DHAVE_FTS=1 -DHAVE_SYS_IOCTL_H=1 -DHAVE_CPUID=1        -DTCL_SHLIB_EXT=\".so\"   /home/wb/Work/nGit/projects/solar_build_test/solar/old_root-9.0.1/lib_src/libtcl8.4/unix/../generic/tclCmdMZ.c
/usr/bin/gcc -c -O2  -pipe  -DTCL_DBGX= -Wall -fno-strict-aliasing -fPIC -I. -I/home/wb/Work/nGit/projects/solar_build_test/solar/old_root-9.0.1/lib_src/libtcl8.4/unix/../generic -I/home/wb/Work/nGit/projects/solar_build_test/solar/old_root-9.0.1/lib_src/libtcl8.4/unix -DHAVE_LIMITS_H=1 -DHAVE_UNISTD_H=1 -DHAVE_SYS_PARAM_H=1 -DUSE_THREAD_ALLOC=1 -D_REENTRANT=1 -D_THREAD_SAFE=1 -DHAVE_PTHREAD_ATTR_SETSTACKSIZE=1 -DHAVE_PTHREAD_ATFORK=1 -DTCL_THREADS=1 -DPEEK_XCLOSEIM=1 -DHAVE_CAST_TO_UNION=1 -DNDEBUG=1 -D_LARGEFILE64_SOURCE=1 -DTCL_WIDE_INT_IS_LONG=1 -DHAVE_GETCWD=1 -DHAVE_OPENDIR=1 -DHAVE_STRSTR=1 -DHAVE_STRTOL=1 -DHAVE_STRTOLL=1 -DHAVE_STRTOULL=1 -DHAVE_TMPNAM=1 -DHAVE_WAITPID=1 -DHAVE_GETPWUID_R_5=1 -DHAVE_GETPWUID_R=1 -DHAVE_GETPWNAM_R_5=1 -DHAVE_GETPWNAM_R=1 -DHAVE_GETGRGID_R_5=1 -DHAVE_GETGRGID_R=1 -DHAVE_GETGRNAM_R_5=1 -DHAVE_GETGRNAM_R=1 -DHAVE_GETHOSTBYNAME_R_6=1 -DHAVE_GETHOSTBYNAME_R=1 -DHAVE_GETHOSTBYADDR_R_8=1 -DHAVE_GETHOSTBYADDR_R=1 -DUSE_TERMIOS=1 -DHAVE_SYS_TIME_H=1 -DTIME_WITH_SYS_TIME=1 -DHAVE_TM_ZONE=1 -DHAVE_GMTIME_R=1 -DHAVE_LOCALTIME_R=1 -DHAVE_TM_GMTOFF=1 -DHAVE_TIMEZONE_VAR=1 -DHAVE_ST_BLKSIZE=1 -DSTDC_HEADERS=1 -DNO_UNION_WAIT=1 -DHAVE_SIGNED_CHAR=1 -DHAVE_LANGINFO=1 -DHAVE_FTS=1 -DHAVE_SYS_IOCTL_H=1 -DHAVE_CPUID=1        -DTCL_SHLIB_EXT=\".so\"   /home/wb/Work/nGit/projects/solar_build_test/solar/old_root-9.0.1/lib_src/libtcl8.4/unix/../generic/tclCompCmds.c
/usr/bin/gcc -c -O2  -pipe  -DTCL_DBGX= -Wall -fno-strict-aliasing -fPIC -I. -I/home/wb/Work/nGit/projects/solar_build_test/solar/old_root-9.0.1/lib_src/libtcl8.4/unix/../generic -I/home/wb/Work/nGit/projects/solar_build_test/solar/old_root-9.0.1/lib_src/libtcl8.4/unix -DHAVE_LIMITS_H=1 -DHAVE_UNISTD_H=1 -DHAVE_SYS_PARAM_H=1 -DUSE_THREAD_ALLOC=1 -D_REENTRANT=1 -D_THREAD_SAFE=1 -DHAVE_PTHREAD_ATTR_SETSTACKSIZE=1 -DHAVE_PTHREAD_ATFORK=1 -DTCL_THREADS=1 -DPEEK_XCLOSEIM=1 -DHAVE_CAST_TO_UNION=1 -DNDEBUG=1 -D_LARGEFILE64_SOURCE=1 -DTCL_WIDE_INT_IS_LONG=1 -DHAVE_GETCWD=1 -DHAVE_OPENDIR=1 -DHAVE_STRSTR=1 -DHAVE_STRTOL=1 -DHAVE_STRTOLL=1 -DHAVE_STRTOULL=1 -DHAVE_TMPNAM=1 -DHAVE_WAITPID=1 -DHAVE_GETPWUID_R_5=1 -DHAVE_GETPWUID_R=1 -DHAVE_GETPWNAM_R_5=1 -DHAVE_GETPWNAM_R=1 -DHAVE_GETGRGID_R_5=1 -DHAVE_GETGRGID_R=1 -DHAVE_GETGRNAM_R_5=1 -DHAVE_GETGRNAM_R=1 -DHAVE_GETHOSTBYNAME_R_6=1 -DHAVE_GETHOSTBYNAME_R=1 -DHAVE_GETHOSTBYADDR_R_8=1 -DHAVE_GETHOSTBYADDR_R=1 -DUSE_TERMIOS=1 -DHAVE_SYS_TIME_H=1 -DTIME_WITH_SYS_TIME=1 -DHAVE_TM_ZONE=1 -DHAVE_GMTIME_R=1 -DHAVE_LOCALTIME_R=1 -DHAVE_TM_GMTOFF=1 -DHAVE_TIMEZONE_VAR=1 -DHAVE_ST_BLKSIZE=1 -DSTDC_HEADERS=1 -DNO_UNION_WAIT=1 -DHAVE_SIGNED_CHAR=1 -DHAVE_LANGINFO=1 -DHAVE_FTS=1 -DHAVE_SYS_IOCTL_H=1 -DHAVE_CPUID=1        -DTCL_SHLIB_EXT=\".so\"   /home/wb/Work/nGit/projects/solar_build_test/solar/old_root-9.0.1/lib_src/libtcl8.4/unix/../generic/tclCompExpr.c
In file included from /home/wb/Work/nGit/projects/solar_build_test/solar/old_root-9.0.1/lib_src/libtcl8.4/unix/../generic/tclInt.h:31,
                 from /home/wb/Work/nGit/projects/solar_build_test/solar/old_root-9.0.1/lib_src/libtcl8.4/unix/../generic/tclCompExpr.c:13:
/home/wb/Work/nGit/projects/solar_build_test/solar/old_root-9.0.1/lib_src/libtcl8.4/unix/../generic/tclCompExpr.c: In function ‘TclCompileExpr’:
/home/wb/Work/nGit/projects/solar_build_test/solar/old_root-9.0.1/lib_src/libtcl8.4/unix/../generic/tclCompExpr.c:231:44: warning: cast to pointer from integer of different size [-Wint-to-pointer-cast]
  231 |                     Tcl_SetHashValue(hPtr, (ClientData) i);
      |                                            ^
/home/wb/Work/nGit/projects/solar_build_test/solar/old_root-9.0.1/lib_src/libtcl8.4/unix/../generic/tcl.h:1339:69: note: in definition of macro ‘Tcl_SetHashValue’
 1339 | #define Tcl_SetHashValue(h, value) ((h)->clientData = (ClientData) (value))
      |                                                                     ^~~~~
/home/wb/Work/nGit/projects/solar_build_test/solar/old_root-9.0.1/lib_src/libtcl8.4/unix/../generic/tclCompExpr.c: In function ‘CompileSubExpr’:
/home/wb/Work/nGit/projects/solar_build_test/solar/old_root-9.0.1/lib_src/libtcl8.4/unix/../generic/tclCompExpr.c:446:23: warning: cast from pointer to integer of different size [-Wpointer-to-int-cast]
  446 |             opIndex = (int) Tcl_GetHashValue(hPtr);
      |                       ^
/usr/bin/gcc -c -O2  -pipe  -DTCL_DBGX= -Wall -fno-strict-aliasing -fPIC -I. -I/home/wb/Work/nGit/projects/solar_build_test/solar/old_root-9.0.1/lib_src/libtcl8.4/unix/../generic -I/home/wb/Work/nGit/projects/solar_build_test/solar/old_root-9.0.1/lib_src/libtcl8.4/unix -DHAVE_LIMITS_H=1 -DHAVE_UNISTD_H=1 -DHAVE_SYS_PARAM_H=1 -DUSE_THREAD_ALLOC=1 -D_REENTRANT=1 -D_THREAD_SAFE=1 -DHAVE_PTHREAD_ATTR_SETSTACKSIZE=1 -DHAVE_PTHREAD_ATFORK=1 -DTCL_THREADS=1 -DPEEK_XCLOSEIM=1 -DHAVE_CAST_TO_UNION=1 -DNDEBUG=1 -D_LARGEFILE64_SOURCE=1 -DTCL_WIDE_INT_IS_LONG=1 -DHAVE_GETCWD=1 -DHAVE_OPENDIR=1 -DHAVE_STRSTR=1 -DHAVE_STRTOL=1 -DHAVE_STRTOLL=1 -DHAVE_STRTOULL=1 -DHAVE_TMPNAM=1 -DHAVE_WAITPID=1 -DHAVE_GETPWUID_R_5=1 -DHAVE_GETPWUID_R=1 -DHAVE_GETPWNAM_R_5=1 -DHAVE_GETPWNAM_R=1 -DHAVE_GETGRGID_R_5=1 -DHAVE_GETGRGID_R=1 -DHAVE_GETGRNAM_R_5=1 -DHAVE_GETGRNAM_R=1 -DHAVE_GETHOSTBYNAME_R_6=1 -DHAVE_GETHOSTBYNAME_R=1 -DHAVE_GETHOSTBYADDR_R_8=1 -DHAVE_GETHOSTBYADDR_R=1 -DUSE_TERMIOS=1 -DHAVE_SYS_TIME_H=1 -DTIME_WITH_SYS_TIME=1 -DHAVE_TM_ZONE=1 -DHAVE_GMTIME_R=1 -DHAVE_LOCALTIME_R=1 -DHAVE_TM_GMTOFF=1 -DHAVE_TIMEZONE_VAR=1 -DHAVE_ST_BLKSIZE=1 -DSTDC_HEADERS=1 -DNO_UNION_WAIT=1 -DHAVE_SIGNED_CHAR=1 -DHAVE_LANGINFO=1 -DHAVE_FTS=1 -DHAVE_SYS_IOCTL_H=1 -DHAVE_CPUID=1        -DTCL_SHLIB_EXT=\".so\"   /home/wb/Work/nGit/projects/solar_build_test/solar/old_root-9.0.1/lib_src/libtcl8.4/unix/../generic/tclCompile.c
/usr/bin/gcc -c -O2  -pipe  -DTCL_DBGX= -Wall -fno-strict-aliasing -fPIC -I. -I/home/wb/Work/nGit/projects/solar_build_test/solar/old_root-9.0.1/lib_src/libtcl8.4/unix/../generic -I/home/wb/Work/nGit/projects/solar_build_test/solar/old_root-9.0.1/lib_src/libtcl8.4/unix -DHAVE_LIMITS_H=1 -DHAVE_UNISTD_H=1 -DHAVE_SYS_PARAM_H=1 -DUSE_THREAD_ALLOC=1 -D_REENTRANT=1 -D_THREAD_SAFE=1 -DHAVE_PTHREAD_ATTR_SETSTACKSIZE=1 -DHAVE_PTHREAD_ATFORK=1 -DTCL_THREADS=1 -DPEEK_XCLOSEIM=1 -DHAVE_CAST_TO_UNION=1 -DNDEBUG=1 -D_LARGEFILE64_SOURCE=1 -DTCL_WIDE_INT_IS_LONG=1 -DHAVE_GETCWD=1 -DHAVE_OPENDIR=1 -DHAVE_STRSTR=1 -DHAVE_STRTOL=1 -DHAVE_STRTOLL=1 -DHAVE_STRTOULL=1 -DHAVE_TMPNAM=1 -DHAVE_WAITPID=1 -DHAVE_GETPWUID_R_5=1 -DHAVE_GETPWUID_R=1 -DHAVE_GETPWNAM_R_5=1 -DHAVE_GETPWNAM_R=1 -DHAVE_GETGRGID_R_5=1 -DHAVE_GETGRGID_R=1 -DHAVE_GETGRNAM_R_5=1 -DHAVE_GETGRNAM_R=1 -DHAVE_GETHOSTBYNAME_R_6=1 -DHAVE_GETHOSTBYNAME_R=1 -DHAVE_GETHOSTBYADDR_R_8=1 -DHAVE_GETHOSTBYADDR_R=1 -DUSE_TERMIOS=1 -DHAVE_SYS_TIME_H=1 -DTIME_WITH_SYS_TIME=1 -DHAVE_TM_ZONE=1 -DHAVE_GMTIME_R=1 -DHAVE_LOCALTIME_R=1 -DHAVE_TM_GMTOFF=1 -DHAVE_TIMEZONE_VAR=1 -DHAVE_ST_BLKSIZE=1 -DSTDC_HEADERS=1 -DNO_UNION_WAIT=1 -DHAVE_SIGNED_CHAR=1 -DHAVE_LANGINFO=1 -DHAVE_FTS=1 -DHAVE_SYS_IOCTL_H=1 -DHAVE_CPUID=1        -DTCL_SHLIB_EXT=\".so\"   /home/wb/Work/nGit/projects/solar_build_test/solar/old_root-9.0.1/lib_src/libtcl8.4/unix/../generic/tclDate.c
/usr/bin/gcc -c -O2  -pipe  -DTCL_DBGX= -Wall -fno-strict-aliasing -fPIC -I. -I/home/wb/Work/nGit/projects/solar_build_test/solar/old_root-9.0.1/lib_src/libtcl8.4/unix/../generic -I/home/wb/Work/nGit/projects/solar_build_test/solar/old_root-9.0.1/lib_src/libtcl8.4/unix -DHAVE_LIMITS_H=1 -DHAVE_UNISTD_H=1 -DHAVE_SYS_PARAM_H=1 -DUSE_THREAD_ALLOC=1 -D_REENTRANT=1 -D_THREAD_SAFE=1 -DHAVE_PTHREAD_ATTR_SETSTACKSIZE=1 -DHAVE_PTHREAD_ATFORK=1 -DTCL_THREADS=1 -DPEEK_XCLOSEIM=1 -DHAVE_CAST_TO_UNION=1 -DNDEBUG=1 -D_LARGEFILE64_SOURCE=1 -DTCL_WIDE_INT_IS_LONG=1 -DHAVE_GETCWD=1 -DHAVE_OPENDIR=1 -DHAVE_STRSTR=1 -DHAVE_STRTOL=1 -DHAVE_STRTOLL=1 -DHAVE_STRTOULL=1 -DHAVE_TMPNAM=1 -DHAVE_WAITPID=1 -DHAVE_GETPWUID_R_5=1 -DHAVE_GETPWUID_R=1 -DHAVE_GETPWNAM_R_5=1 -DHAVE_GETPWNAM_R=1 -DHAVE_GETGRGID_R_5=1 -DHAVE_GETGRGID_R=1 -DHAVE_GETGRNAM_R_5=1 -DHAVE_GETGRNAM_R=1 -DHAVE_GETHOSTBYNAME_R_6=1 -DHAVE_GETHOSTBYNAME_R=1 -DHAVE_GETHOSTBYADDR_R_8=1 -DHAVE_GETHOSTBYADDR_R=1 -DUSE_TERMIOS=1 -DHAVE_SYS_TIME_H=1 -DTIME_WITH_SYS_TIME=1 -DHAVE_TM_ZONE=1 -DHAVE_GMTIME_R=1 -DHAVE_LOCALTIME_R=1 -DHAVE_TM_GMTOFF=1 -DHAVE_TIMEZONE_VAR=1 -DHAVE_ST_BLKSIZE=1 -DSTDC_HEADERS=1 -DNO_UNION_WAIT=1 -DHAVE_SIGNED_CHAR=1 -DHAVE_LANGINFO=1 -DHAVE_FTS=1 -DHAVE_SYS_IOCTL_H=1 -DHAVE_CPUID=1        -DTCL_SHLIB_EXT=\".so\"   /home/wb/Work/nGit/projects/solar_build_test/solar/old_root-9.0.1/lib_src/libtcl8.4/unix/../generic/tclEncoding.c
/home/wb/Work/nGit/projects/solar_build_test/solar/old_root-9.0.1/lib_src/libtcl8.4/unix/../generic/tclEncoding.c: In function ‘EscapeToUtfProc’:
/home/wb/Work/nGit/projects/solar_build_test/solar/old_root-9.0.1/lib_src/libtcl8.4/unix/../generic/tclEncoding.c:2621:13: warning: cast from pointer to integer of different size [-Wpointer-to-int-cast]
 2621 |     state = (int) *statePtr;
      |             ^
/home/wb/Work/nGit/projects/solar_build_test/solar/old_root-9.0.1/lib_src/libtcl8.4/unix/../generic/tclEncoding.c:2755:17: warning: cast to pointer from integer of different size [-Wint-to-pointer-cast]
 2755 |     *statePtr = (Tcl_EncodingState) state;
      |                 ^
/home/wb/Work/nGit/projects/solar_build_test/solar/old_root-9.0.1/lib_src/libtcl8.4/unix/../generic/tclEncoding.c: In function ‘EscapeFromUtfProc’:
/home/wb/Work/nGit/projects/solar_build_test/solar/old_root-9.0.1/lib_src/libtcl8.4/unix/../generic/tclEncoding.c:2847:17: warning: cast from pointer to integer of different size [-Wpointer-to-int-cast]
 2847 |         state = (int) *statePtr;
      |                 ^
/home/wb/Work/nGit/projects/solar_build_test/solar/old_root-9.0.1/lib_src/libtcl8.4/unix/../generic/tclEncoding.c:2971:17: warning: cast to pointer from integer of different size [-Wint-to-pointer-cast]
 2971 |     *statePtr = (Tcl_EncodingState) state;
      |                 ^
/usr/bin/gcc -c -O2  -pipe  -DTCL_DBGX= -Wall -fno-strict-aliasing -fPIC -I. -I/home/wb/Work/nGit/projects/solar_build_test/solar/old_root-9.0.1/lib_src/libtcl8.4/unix/../generic -I/home/wb/Work/nGit/projects/solar_build_test/solar/old_root-9.0.1/lib_src/libtcl8.4/unix -DHAVE_LIMITS_H=1 -DHAVE_UNISTD_H=1 -DHAVE_SYS_PARAM_H=1 -DUSE_THREAD_ALLOC=1 -D_REENTRANT=1 -D_THREAD_SAFE=1 -DHAVE_PTHREAD_ATTR_SETSTACKSIZE=1 -DHAVE_PTHREAD_ATFORK=1 -DTCL_THREADS=1 -DPEEK_XCLOSEIM=1 -DHAVE_CAST_TO_UNION=1 -DNDEBUG=1 -D_LARGEFILE64_SOURCE=1 -DTCL_WIDE_INT_IS_LONG=1 -DHAVE_GETCWD=1 -DHAVE_OPENDIR=1 -DHAVE_STRSTR=1 -DHAVE_STRTOL=1 -DHAVE_STRTOLL=1 -DHAVE_STRTOULL=1 -DHAVE_TMPNAM=1 -DHAVE_WAITPID=1 -DHAVE_GETPWUID_R_5=1 -DHAVE_GETPWUID_R=1 -DHAVE_GETPWNAM_R_5=1 -DHAVE_GETPWNAM_R=1 -DHAVE_GETGRGID_R_5=1 -DHAVE_GETGRGID_R=1 -DHAVE_GETGRNAM_R_5=1 -DHAVE_GETGRNAM_R=1 -DHAVE_GETHOSTBYNAME_R_6=1 -DHAVE_GETHOSTBYNAME_R=1 -DHAVE_GETHOSTBYADDR_R_8=1 -DHAVE_GETHOSTBYADDR_R=1 -DUSE_TERMIOS=1 -DHAVE_SYS_TIME_H=1 -DTIME_WITH_SYS_TIME=1 -DHAVE_TM_ZONE=1 -DHAVE_GMTIME_R=1 -DHAVE_LOCALTIME_R=1 -DHAVE_TM_GMTOFF=1 -DHAVE_TIMEZONE_VAR=1 -DHAVE_ST_BLKSIZE=1 -DSTDC_HEADERS=1 -DNO_UNION_WAIT=1 -DHAVE_SIGNED_CHAR=1 -DHAVE_LANGINFO=1 -DHAVE_FTS=1 -DHAVE_SYS_IOCTL_H=1 -DHAVE_CPUID=1        -DTCL_SHLIB_EXT=\".so\"   /home/wb/Work/nGit/projects/solar_build_test/solar/old_root-9.0.1/lib_src/libtcl8.4/unix/../generic/tclEnv.c
/usr/bin/gcc -c -O2  -pipe  -DTCL_DBGX= -Wall -fno-strict-aliasing -fPIC -I. -I/home/wb/Work/nGit/projects/solar_build_test/solar/old_root-9.0.1/lib_src/libtcl8.4/unix/../generic -I/home/wb/Work/nGit/projects/solar_build_test/solar/old_root-9.0.1/lib_src/libtcl8.4/unix -DHAVE_LIMITS_H=1 -DHAVE_UNISTD_H=1 -DHAVE_SYS_PARAM_H=1 -DUSE_THREAD_ALLOC=1 -D_REENTRANT=1 -D_THREAD_SAFE=1 -DHAVE_PTHREAD_ATTR_SETSTACKSIZE=1 -DHAVE_PTHREAD_ATFORK=1 -DTCL_THREADS=1 -DPEEK_XCLOSEIM=1 -DHAVE_CAST_TO_UNION=1 -DNDEBUG=1 -D_LARGEFILE64_SOURCE=1 -DTCL_WIDE_INT_IS_LONG=1 -DHAVE_GETCWD=1 -DHAVE_OPENDIR=1 -DHAVE_STRSTR=1 -DHAVE_STRTOL=1 -DHAVE_STRTOLL=1 -DHAVE_STRTOULL=1 -DHAVE_TMPNAM=1 -DHAVE_WAITPID=1 -DHAVE_GETPWUID_R_5=1 -DHAVE_GETPWUID_R=1 -DHAVE_GETPWNAM_R_5=1 -DHAVE_GETPWNAM_R=1 -DHAVE_GETGRGID_R_5=1 -DHAVE_GETGRGID_R=1 -DHAVE_GETGRNAM_R_5=1 -DHAVE_GETGRNAM_R=1 -DHAVE_GETHOSTBYNAME_R_6=1 -DHAVE_GETHOSTBYNAME_R=1 -DHAVE_GETHOSTBYADDR_R_8=1 -DHAVE_GETHOSTBYADDR_R=1 -DUSE_TERMIOS=1 -DHAVE_SYS_TIME_H=1 -DTIME_WITH_SYS_TIME=1 -DHAVE_TM_ZONE=1 -DHAVE_GMTIME_R=1 -DHAVE_LOCALTIME_R=1 -DHAVE_TM_GMTOFF=1 -DHAVE_TIMEZONE_VAR=1 -DHAVE_ST_BLKSIZE=1 -DSTDC_HEADERS=1 -DNO_UNION_WAIT=1 -DHAVE_SIGNED_CHAR=1 -DHAVE_LANGINFO=1 -DHAVE_FTS=1 -DHAVE_SYS_IOCTL_H=1 -DHAVE_CPUID=1        -DTCL_SHLIB_EXT=\".so\"   /home/wb/Work/nGit/projects/solar_build_test/solar/old_root-9.0.1/lib_src/libtcl8.4/unix/../generic/tclEvent.c
/usr/bin/gcc -c -O2  -pipe  -DTCL_DBGX= -Wall -fno-strict-aliasing -fPIC -I. -I/home/wb/Work/nGit/projects/solar_build_test/solar/old_root-9.0.1/lib_src/libtcl8.4/unix/../generic -I/home/wb/Work/nGit/projects/solar_build_test/solar/old_root-9.0.1/lib_src/libtcl8.4/unix -DHAVE_LIMITS_H=1 -DHAVE_UNISTD_H=1 -DHAVE_SYS_PARAM_H=1 -DUSE_THREAD_ALLOC=1 -D_REENTRANT=1 -D_THREAD_SAFE=1 -DHAVE_PTHREAD_ATTR_SETSTACKSIZE=1 -DHAVE_PTHREAD_ATFORK=1 -DTCL_THREADS=1 -DPEEK_XCLOSEIM=1 -DHAVE_CAST_TO_UNION=1 -DNDEBUG=1 -D_LARGEFILE64_SOURCE=1 -DTCL_WIDE_INT_IS_LONG=1 -DHAVE_GETCWD=1 -DHAVE_OPENDIR=1 -DHAVE_STRSTR=1 -DHAVE_STRTOL=1 -DHAVE_STRTOLL=1 -DHAVE_STRTOULL=1 -DHAVE_TMPNAM=1 -DHAVE_WAITPID=1 -DHAVE_GETPWUID_R_5=1 -DHAVE_GETPWUID_R=1 -DHAVE_GETPWNAM_R_5=1 -DHAVE_GETPWNAM_R=1 -DHAVE_GETGRGID_R_5=1 -DHAVE_GETGRGID_R=1 -DHAVE_GETGRNAM_R_5=1 -DHAVE_GETGRNAM_R=1 -DHAVE_GETHOSTBYNAME_R_6=1 -DHAVE_GETHOSTBYNAME_R=1 -DHAVE_GETHOSTBYADDR_R_8=1 -DHAVE_GETHOSTBYADDR_R=1 -DUSE_TERMIOS=1 -DHAVE_SYS_TIME_H=1 -DTIME_WITH_SYS_TIME=1 -DHAVE_TM_ZONE=1 -DHAVE_GMTIME_R=1 -DHAVE_LOCALTIME_R=1 -DHAVE_TM_GMTOFF=1 -DHAVE_TIMEZONE_VAR=1 -DHAVE_ST_BLKSIZE=1 -DSTDC_HEADERS=1 -DNO_UNION_WAIT=1 -DHAVE_SIGNED_CHAR=1 -DHAVE_LANGINFO=1 -DHAVE_FTS=1 -DHAVE_SYS_IOCTL_H=1 -DHAVE_CPUID=1        -DTCL_SHLIB_EXT=\".so\"   /home/wb/Work/nGit/projects/solar_build_test/solar/old_root-9.0.1/lib_src/libtcl8.4/unix/../generic/tclExecute.c
/usr/bin/gcc -c -O2  -pipe  -DTCL_DBGX= -Wall -fno-strict-aliasing -fPIC -I. -I/home/wb/Work/nGit/projects/solar_build_test/solar/old_root-9.0.1/lib_src/libtcl8.4/unix/../generic -I/home/wb/Work/nGit/projects/solar_build_test/solar/old_root-9.0.1/lib_src/libtcl8.4/unix -DHAVE_LIMITS_H=1 -DHAVE_UNISTD_H=1 -DHAVE_SYS_PARAM_H=1 -DUSE_THREAD_ALLOC=1 -D_REENTRANT=1 -D_THREAD_SAFE=1 -DHAVE_PTHREAD_ATTR_SETSTACKSIZE=1 -DHAVE_PTHREAD_ATFORK=1 -DTCL_THREADS=1 -DPEEK_XCLOSEIM=1 -DHAVE_CAST_TO_UNION=1 -DNDEBUG=1 -D_LARGEFILE64_SOURCE=1 -DTCL_WIDE_INT_IS_LONG=1 -DHAVE_GETCWD=1 -DHAVE_OPENDIR=1 -DHAVE_STRSTR=1 -DHAVE_STRTOL=1 -DHAVE_STRTOLL=1 -DHAVE_STRTOULL=1 -DHAVE_TMPNAM=1 -DHAVE_WAITPID=1 -DHAVE_GETPWUID_R_5=1 -DHAVE_GETPWUID_R=1 -DHAVE_GETPWNAM_R_5=1 -DHAVE_GETPWNAM_R=1 -DHAVE_GETGRGID_R_5=1 -DHAVE_GETGRGID_R=1 -DHAVE_GETGRNAM_R_5=1 -DHAVE_GETGRNAM_R=1 -DHAVE_GETHOSTBYNAME_R_6=1 -DHAVE_GETHOSTBYNAME_R=1 -DHAVE_GETHOSTBYADDR_R_8=1 -DHAVE_GETHOSTBYADDR_R=1 -DUSE_TERMIOS=1 -DHAVE_SYS_TIME_H=1 -DTIME_WITH_SYS_TIME=1 -DHAVE_TM_ZONE=1 -DHAVE_GMTIME_R=1 -DHAVE_LOCALTIME_R=1 -DHAVE_TM_GMTOFF=1 -DHAVE_TIMEZONE_VAR=1 -DHAVE_ST_BLKSIZE=1 -DSTDC_HEADERS=1 -DNO_UNION_WAIT=1 -DHAVE_SIGNED_CHAR=1 -DHAVE_LANGINFO=1 -DHAVE_FTS=1 -DHAVE_SYS_IOCTL_H=1 -DHAVE_CPUID=1        -DTCL_SHLIB_EXT=\".so\"   /home/wb/Work/nGit/projects/solar_build_test/solar/old_root-9.0.1/lib_src/libtcl8.4/unix/../generic/tclFCmd.c
/usr/bin/gcc -c -O2  -pipe  -DTCL_DBGX= -Wall -fno-strict-aliasing -fPIC -I. -I/home/wb/Work/nGit/projects/solar_build_test/solar/old_root-9.0.1/lib_src/libtcl8.4/unix/../generic -I/home/wb/Work/nGit/projects/solar_build_test/solar/old_root-9.0.1/lib_src/libtcl8.4/unix -DHAVE_LIMITS_H=1 -DHAVE_UNISTD_H=1 -DHAVE_SYS_PARAM_H=1 -DUSE_THREAD_ALLOC=1 -D_REENTRANT=1 -D_THREAD_SAFE=1 -DHAVE_PTHREAD_ATTR_SETSTACKSIZE=1 -DHAVE_PTHREAD_ATFORK=1 -DTCL_THREADS=1 -DPEEK_XCLOSEIM=1 -DHAVE_CAST_TO_UNION=1 -DNDEBUG=1 -D_LARGEFILE64_SOURCE=1 -DTCL_WIDE_INT_IS_LONG=1 -DHAVE_GETCWD=1 -DHAVE_OPENDIR=1 -DHAVE_STRSTR=1 -DHAVE_STRTOL=1 -DHAVE_STRTOLL=1 -DHAVE_STRTOULL=1 -DHAVE_TMPNAM=1 -DHAVE_WAITPID=1 -DHAVE_GETPWUID_R_5=1 -DHAVE_GETPWUID_R=1 -DHAVE_GETPWNAM_R_5=1 -DHAVE_GETPWNAM_R=1 -DHAVE_GETGRGID_R_5=1 -DHAVE_GETGRGID_R=1 -DHAVE_GETGRNAM_R_5=1 -DHAVE_GETGRNAM_R=1 -DHAVE_GETHOSTBYNAME_R_6=1 -DHAVE_GETHOSTBYNAME_R=1 -DHAVE_GETHOSTBYADDR_R_8=1 -DHAVE_GETHOSTBYADDR_R=1 -DUSE_TERMIOS=1 -DHAVE_SYS_TIME_H=1 -DTIME_WITH_SYS_TIME=1 -DHAVE_TM_ZONE=1 -DHAVE_GMTIME_R=1 -DHAVE_LOCALTIME_R=1 -DHAVE_TM_GMTOFF=1 -DHAVE_TIMEZONE_VAR=1 -DHAVE_ST_BLKSIZE=1 -DSTDC_HEADERS=1 -DNO_UNION_WAIT=1 -DHAVE_SIGNED_CHAR=1 -DHAVE_LANGINFO=1 -DHAVE_FTS=1 -DHAVE_SYS_IOCTL_H=1 -DHAVE_CPUID=1        -DTCL_SHLIB_EXT=\".so\"   /home/wb/Work/nGit/projects/solar_build_test/solar/old_root-9.0.1/lib_src/libtcl8.4/unix/../generic/tclFileName.c
/usr/bin/gcc -c -O2  -pipe  -DTCL_DBGX= -Wall -fno-strict-aliasing -fPIC -I. -I/home/wb/Work/nGit/projects/solar_build_test/solar/old_root-9.0.1/lib_src/libtcl8.4/unix/../generic -I/home/wb/Work/nGit/projects/solar_build_test/solar/old_root-9.0.1/lib_src/libtcl8.4/unix -DHAVE_LIMITS_H=1 -DHAVE_UNISTD_H=1 -DHAVE_SYS_PARAM_H=1 -DUSE_THREAD_ALLOC=1 -D_REENTRANT=1 -D_THREAD_SAFE=1 -DHAVE_PTHREAD_ATTR_SETSTACKSIZE=1 -DHAVE_PTHREAD_ATFORK=1 -DTCL_THREADS=1 -DPEEK_XCLOSEIM=1 -DHAVE_CAST_TO_UNION=1 -DNDEBUG=1 -D_LARGEFILE64_SOURCE=1 -DTCL_WIDE_INT_IS_LONG=1 -DHAVE_GETCWD=1 -DHAVE_OPENDIR=1 -DHAVE_STRSTR=1 -DHAVE_STRTOL=1 -DHAVE_STRTOLL=1 -DHAVE_STRTOULL=1 -DHAVE_TMPNAM=1 -DHAVE_WAITPID=1 -DHAVE_GETPWUID_R_5=1 -DHAVE_GETPWUID_R=1 -DHAVE_GETPWNAM_R_5=1 -DHAVE_GETPWNAM_R=1 -DHAVE_GETGRGID_R_5=1 -DHAVE_GETGRGID_R=1 -DHAVE_GETGRNAM_R_5=1 -DHAVE_GETGRNAM_R=1 -DHAVE_GETHOSTBYNAME_R_6=1 -DHAVE_GETHOSTBYNAME_R=1 -DHAVE_GETHOSTBYADDR_R_8=1 -DHAVE_GETHOSTBYADDR_R=1 -DUSE_TERMIOS=1 -DHAVE_SYS_TIME_H=1 -DTIME_WITH_SYS_TIME=1 -DHAVE_TM_ZONE=1 -DHAVE_GMTIME_R=1 -DHAVE_LOCALTIME_R=1 -DHAVE_TM_GMTOFF=1 -DHAVE_TIMEZONE_VAR=1 -DHAVE_ST_BLKSIZE=1 -DSTDC_HEADERS=1 -DNO_UNION_WAIT=1 -DHAVE_SIGNED_CHAR=1 -DHAVE_LANGINFO=1 -DHAVE_FTS=1 -DHAVE_SYS_IOCTL_H=1 -DHAVE_CPUID=1        -DTCL_SHLIB_EXT=\".so\"   /home/wb/Work/nGit/projects/solar_build_test/solar/old_root-9.0.1/lib_src/libtcl8.4/unix/../generic/tclGet.c
/usr/bin/gcc -c -O2  -pipe  -DTCL_DBGX= -Wall -fno-strict-aliasing -fPIC -I. -I/home/wb/Work/nGit/projects/solar_build_test/solar/old_root-9.0.1/lib_src/libtcl8.4/unix/../generic -I/home/wb/Work/nGit/projects/solar_build_test/solar/old_root-9.0.1/lib_src/libtcl8.4/unix -DHAVE_LIMITS_H=1 -DHAVE_UNISTD_H=1 -DHAVE_SYS_PARAM_H=1 -DUSE_THREAD_ALLOC=1 -D_REENTRANT=1 -D_THREAD_SAFE=1 -DHAVE_PTHREAD_ATTR_SETSTACKSIZE=1 -DHAVE_PTHREAD_ATFORK=1 -DTCL_THREADS=1 -DPEEK_XCLOSEIM=1 -DHAVE_CAST_TO_UNION=1 -DNDEBUG=1 -D_LARGEFILE64_SOURCE=1 -DTCL_WIDE_INT_IS_LONG=1 -DHAVE_GETCWD=1 -DHAVE_OPENDIR=1 -DHAVE_STRSTR=1 -DHAVE_STRTOL=1 -DHAVE_STRTOLL=1 -DHAVE_STRTOULL=1 -DHAVE_TMPNAM=1 -DHAVE_WAITPID=1 -DHAVE_GETPWUID_R_5=1 -DHAVE_GETPWUID_R=1 -DHAVE_GETPWNAM_R_5=1 -DHAVE_GETPWNAM_R=1 -DHAVE_GETGRGID_R_5=1 -DHAVE_GETGRGID_R=1 -DHAVE_GETGRNAM_R_5=1 -DHAVE_GETGRNAM_R=1 -DHAVE_GETHOSTBYNAME_R_6=1 -DHAVE_GETHOSTBYNAME_R=1 -DHAVE_GETHOSTBYADDR_R_8=1 -DHAVE_GETHOSTBYADDR_R=1 -DUSE_TERMIOS=1 -DHAVE_SYS_TIME_H=1 -DTIME_WITH_SYS_TIME=1 -DHAVE_TM_ZONE=1 -DHAVE_GMTIME_R=1 -DHAVE_LOCALTIME_R=1 -DHAVE_TM_GMTOFF=1 -DHAVE_TIMEZONE_VAR=1 -DHAVE_ST_BLKSIZE=1 -DSTDC_HEADERS=1 -DNO_UNION_WAIT=1 -DHAVE_SIGNED_CHAR=1 -DHAVE_LANGINFO=1 -DHAVE_FTS=1 -DHAVE_SYS_IOCTL_H=1 -DHAVE_CPUID=1        -DTCL_SHLIB_EXT=\".so\"   /home/wb/Work/nGit/projects/solar_build_test/solar/old_root-9.0.1/lib_src/libtcl8.4/unix/../generic/tclHash.c
/home/wb/Work/nGit/projects/solar_build_test/solar/old_root-9.0.1/lib_src/libtcl8.4/unix/../generic/tclHash.c: In function ‘FindHashEntry’:
/home/wb/Work/nGit/projects/solar_build_test/solar/old_root-9.0.1/lib_src/libtcl8.4/unix/../generic/tclHash.c:323:16: warning: cast from pointer to integer of different size [-Wpointer-to-int-cast]
  323 |         hash = (unsigned int) key;
      |                ^
/home/wb/Work/nGit/projects/solar_build_test/solar/old_root-9.0.1/lib_src/libtcl8.4/unix/../generic/tclHash.c:336:25: warning: cast from pointer to integer of different size [-Wpointer-to-int-cast]
  336 |             if (hash != (unsigned int) hPtr->hash) {
      |                         ^
/home/wb/Work/nGit/projects/solar_build_test/solar/old_root-9.0.1/lib_src/libtcl8.4/unix/../generic/tclHash.c:348:25: warning: cast from pointer to integer of different size [-Wpointer-to-int-cast]
  348 |             if (hash != (unsigned int) hPtr->hash) {
      |                         ^
/home/wb/Work/nGit/projects/solar_build_test/solar/old_root-9.0.1/lib_src/libtcl8.4/unix/../generic/tclHash.c: In function ‘CreateHashEntry’:
/home/wb/Work/nGit/projects/solar_build_test/solar/old_root-9.0.1/lib_src/libtcl8.4/unix/../generic/tclHash.c:435:16: warning: cast from pointer to integer of different size [-Wpointer-to-int-cast]
  435 |         hash = (unsigned int) key;
      |                ^
/home/wb/Work/nGit/projects/solar_build_test/solar/old_root-9.0.1/lib_src/libtcl8.4/unix/../generic/tclHash.c:448:25: warning: cast from pointer to integer of different size [-Wpointer-to-int-cast]
  448 |             if (hash != (unsigned int) hPtr->hash) {
      |                         ^
/home/wb/Work/nGit/projects/solar_build_test/solar/old_root-9.0.1/lib_src/libtcl8.4/unix/../generic/tclHash.c:461:25: warning: cast from pointer to integer of different size [-Wpointer-to-int-cast]
  461 |             if (hash != (unsigned int) hPtr->hash) {
      |                         ^
/home/wb/Work/nGit/projects/solar_build_test/solar/old_root-9.0.1/lib_src/libtcl8.4/unix/../generic/tclHash.c:487:18: warning: cast to pointer from integer of different size [-Wint-to-pointer-cast]
  487 |     hPtr->hash = (VOID *) hash;
      |                  ^
/home/wb/Work/nGit/projects/solar_build_test/solar/old_root-9.0.1/lib_src/libtcl8.4/unix/../generic/tclHash.c: In function ‘Tcl_DeleteHashEntry’:
/home/wb/Work/nGit/projects/solar_build_test/solar/old_root-9.0.1/lib_src/libtcl8.4/unix/../generic/tclHash.c:565:18: warning: cast from pointer to integer of different size [-Wpointer-to-int-cast]
  565 |         index = ((unsigned int) entryPtr->hash) & tablePtr->mask;
      |                  ^
/home/wb/Work/nGit/projects/solar_build_test/solar/old_root-9.0.1/lib_src/libtcl8.4/unix/../generic/tclHash.c: In function ‘RebuildTable’:
/home/wb/Work/nGit/projects/solar_build_test/solar/old_root-9.0.1/lib_src/libtcl8.4/unix/../generic/tclHash.c:1198:26: warning: cast from pointer to integer of different size [-Wpointer-to-int-cast]
 1198 |                 index = ((unsigned int) hPtr->hash) & tablePtr->mask;
      |                          ^
/usr/bin/gcc -c -O2  -pipe  -DTCL_DBGX= -Wall -fno-strict-aliasing -fPIC -I. -I/home/wb/Work/nGit/projects/solar_build_test/solar/old_root-9.0.1/lib_src/libtcl8.4/unix/../generic -I/home/wb/Work/nGit/projects/solar_build_test/solar/old_root-9.0.1/lib_src/libtcl8.4/unix -DHAVE_LIMITS_H=1 -DHAVE_UNISTD_H=1 -DHAVE_SYS_PARAM_H=1 -DUSE_THREAD_ALLOC=1 -D_REENTRANT=1 -D_THREAD_SAFE=1 -DHAVE_PTHREAD_ATTR_SETSTACKSIZE=1 -DHAVE_PTHREAD_ATFORK=1 -DTCL_THREADS=1 -DPEEK_XCLOSEIM=1 -DHAVE_CAST_TO_UNION=1 -DNDEBUG=1 -D_LARGEFILE64_SOURCE=1 -DTCL_WIDE_INT_IS_LONG=1 -DHAVE_GETCWD=1 -DHAVE_OPENDIR=1 -DHAVE_STRSTR=1 -DHAVE_STRTOL=1 -DHAVE_STRTOLL=1 -DHAVE_STRTOULL=1 -DHAVE_TMPNAM=1 -DHAVE_WAITPID=1 -DHAVE_GETPWUID_R_5=1 -DHAVE_GETPWUID_R=1 -DHAVE_GETPWNAM_R_5=1 -DHAVE_GETPWNAM_R=1 -DHAVE_GETGRGID_R_5=1 -DHAVE_GETGRGID_R=1 -DHAVE_GETGRNAM_R_5=1 -DHAVE_GETGRNAM_R=1 -DHAVE_GETHOSTBYNAME_R_6=1 -DHAVE_GETHOSTBYNAME_R=1 -DHAVE_GETHOSTBYADDR_R_8=1 -DHAVE_GETHOSTBYADDR_R=1 -DUSE_TERMIOS=1 -DHAVE_SYS_TIME_H=1 -DTIME_WITH_SYS_TIME=1 -DHAVE_TM_ZONE=1 -DHAVE_GMTIME_R=1 -DHAVE_LOCALTIME_R=1 -DHAVE_TM_GMTOFF=1 -DHAVE_TIMEZONE_VAR=1 -DHAVE_ST_BLKSIZE=1 -DSTDC_HEADERS=1 -DNO_UNION_WAIT=1 -DHAVE_SIGNED_CHAR=1 -DHAVE_LANGINFO=1 -DHAVE_FTS=1 -DHAVE_SYS_IOCTL_H=1 -DHAVE_CPUID=1        -DTCL_SHLIB_EXT=\".so\"   /home/wb/Work/nGit/projects/solar_build_test/solar/old_root-9.0.1/lib_src/libtcl8.4/unix/../generic/tclHistory.c
/usr/bin/gcc -c -O2  -pipe  -DTCL_DBGX= -Wall -fno-strict-aliasing -fPIC -I. -I/home/wb/Work/nGit/projects/solar_build_test/solar/old_root-9.0.1/lib_src/libtcl8.4/unix/../generic -I/home/wb/Work/nGit/projects/solar_build_test/solar/old_root-9.0.1/lib_src/libtcl8.4/unix -DHAVE_LIMITS_H=1 -DHAVE_UNISTD_H=1 -DHAVE_SYS_PARAM_H=1 -DUSE_THREAD_ALLOC=1 -D_REENTRANT=1 -D_THREAD_SAFE=1 -DHAVE_PTHREAD_ATTR_SETSTACKSIZE=1 -DHAVE_PTHREAD_ATFORK=1 -DTCL_THREADS=1 -DPEEK_XCLOSEIM=1 -DHAVE_CAST_TO_UNION=1 -DNDEBUG=1 -D_LARGEFILE64_SOURCE=1 -DTCL_WIDE_INT_IS_LONG=1 -DHAVE_GETCWD=1 -DHAVE_OPENDIR=1 -DHAVE_STRSTR=1 -DHAVE_STRTOL=1 -DHAVE_STRTOLL=1 -DHAVE_STRTOULL=1 -DHAVE_TMPNAM=1 -DHAVE_WAITPID=1 -DHAVE_GETPWUID_R_5=1 -DHAVE_GETPWUID_R=1 -DHAVE_GETPWNAM_R_5=1 -DHAVE_GETPWNAM_R=1 -DHAVE_GETGRGID_R_5=1 -DHAVE_GETGRGID_R=1 -DHAVE_GETGRNAM_R_5=1 -DHAVE_GETGRNAM_R=1 -DHAVE_GETHOSTBYNAME_R_6=1 -DHAVE_GETHOSTBYNAME_R=1 -DHAVE_GETHOSTBYADDR_R_8=1 -DHAVE_GETHOSTBYADDR_R=1 -DUSE_TERMIOS=1 -DHAVE_SYS_TIME_H=1 -DTIME_WITH_SYS_TIME=1 -DHAVE_TM_ZONE=1 -DHAVE_GMTIME_R=1 -DHAVE_LOCALTIME_R=1 -DHAVE_TM_GMTOFF=1 -DHAVE_TIMEZONE_VAR=1 -DHAVE_ST_BLKSIZE=1 -DSTDC_HEADERS=1 -DNO_UNION_WAIT=1 -DHAVE_SIGNED_CHAR=1 -DHAVE_LANGINFO=1 -DHAVE_FTS=1 -DHAVE_SYS_IOCTL_H=1 -DHAVE_CPUID=1        -DTCL_SHLIB_EXT=\".so\"   /home/wb/Work/nGit/projects/solar_build_test/solar/old_root-9.0.1/lib_src/libtcl8.4/unix/../generic/tclIndexObj.c
/usr/bin/gcc -c -O2  -pipe  -DTCL_DBGX= -Wall -fno-strict-aliasing -fPIC -I. -I/home/wb/Work/nGit/projects/solar_build_test/solar/old_root-9.0.1/lib_src/libtcl8.4/unix/../generic -I/home/wb/Work/nGit/projects/solar_build_test/solar/old_root-9.0.1/lib_src/libtcl8.4/unix -DHAVE_LIMITS_H=1 -DHAVE_UNISTD_H=1 -DHAVE_SYS_PARAM_H=1 -DUSE_THREAD_ALLOC=1 -D_REENTRANT=1 -D_THREAD_SAFE=1 -DHAVE_PTHREAD_ATTR_SETSTACKSIZE=1 -DHAVE_PTHREAD_ATFORK=1 -DTCL_THREADS=1 -DPEEK_XCLOSEIM=1 -DHAVE_CAST_TO_UNION=1 -DNDEBUG=1 -D_LARGEFILE64_SOURCE=1 -DTCL_WIDE_INT_IS_LONG=1 -DHAVE_GETCWD=1 -DHAVE_OPENDIR=1 -DHAVE_STRSTR=1 -DHAVE_STRTOL=1 -DHAVE_STRTOLL=1 -DHAVE_STRTOULL=1 -DHAVE_TMPNAM=1 -DHAVE_WAITPID=1 -DHAVE_GETPWUID_R_5=1 -DHAVE_GETPWUID_R=1 -DHAVE_GETPWNAM_R_5=1 -DHAVE_GETPWNAM_R=1 -DHAVE_GETGRGID_R_5=1 -DHAVE_GETGRGID_R=1 -DHAVE_GETGRNAM_R_5=1 -DHAVE_GETGRNAM_R=1 -DHAVE_GETHOSTBYNAME_R_6=1 -DHAVE_GETHOSTBYNAME_R=1 -DHAVE_GETHOSTBYADDR_R_8=1 -DHAVE_GETHOSTBYADDR_R=1 -DUSE_TERMIOS=1 -DHAVE_SYS_TIME_H=1 -DTIME_WITH_SYS_TIME=1 -DHAVE_TM_ZONE=1 -DHAVE_GMTIME_R=1 -DHAVE_LOCALTIME_R=1 -DHAVE_TM_GMTOFF=1 -DHAVE_TIMEZONE_VAR=1 -DHAVE_ST_BLKSIZE=1 -DSTDC_HEADERS=1 -DNO_UNION_WAIT=1 -DHAVE_SIGNED_CHAR=1 -DHAVE_LANGINFO=1 -DHAVE_FTS=1 -DHAVE_SYS_IOCTL_H=1 -DHAVE_CPUID=1        -DTCL_SHLIB_EXT=\".so\"   /home/wb/Work/nGit/projects/solar_build_test/solar/old_root-9.0.1/lib_src/libtcl8.4/unix/../generic/tclInterp.c
In file included from /home/wb/Work/nGit/projects/solar_build_test/solar/old_root-9.0.1/lib_src/libtcl8.4/unix/../generic/tclInt.h:31,
                 from /home/wb/Work/nGit/projects/solar_build_test/solar/old_root-9.0.1/lib_src/libtcl8.4/unix/../generic/tclInterp.c:13:
/home/wb/Work/nGit/projects/solar_build_test/solar/old_root-9.0.1/lib_src/libtcl8.4/unix/../generic/tclInterp.c: In function ‘AliasCreate’:
/home/wb/Work/nGit/projects/solar_build_test/solar/old_root-9.0.1/lib_src/libtcl8.4/unix/../generic/tclInterp.c:1271:17: warning: cast to pointer from integer of different size [-Wint-to-pointer-cast]
 1271 |                 (char *) aliasCounter, &new);
      |                 ^
/home/wb/Work/nGit/projects/solar_build_test/solar/old_root-9.0.1/lib_src/libtcl8.4/unix/../generic/tcl.h:1362:47: note: in definition of macro ‘Tcl_CreateHashEntry’
 1362 |         (*((tablePtr)->createProc))(tablePtr, key, newPtr)
      |                                               ^~~
/usr/bin/gcc -c -O2  -pipe  -DTCL_DBGX= -Wall -fno-strict-aliasing -fPIC -I. -I/home/wb/Work/nGit/projects/solar_build_test/solar/old_root-9.0.1/lib_src/libtcl8.4/unix/../generic -I/home/wb/Work/nGit/projects/solar_build_test/solar/old_root-9.0.1/lib_src/libtcl8.4/unix -DHAVE_LIMITS_H=1 -DHAVE_UNISTD_H=1 -DHAVE_SYS_PARAM_H=1 -DUSE_THREAD_ALLOC=1 -D_REENTRANT=1 -D_THREAD_SAFE=1 -DHAVE_PTHREAD_ATTR_SETSTACKSIZE=1 -DHAVE_PTHREAD_ATFORK=1 -DTCL_THREADS=1 -DPEEK_XCLOSEIM=1 -DHAVE_CAST_TO_UNION=1 -DNDEBUG=1 -D_LARGEFILE64_SOURCE=1 -DTCL_WIDE_INT_IS_LONG=1 -DHAVE_GETCWD=1 -DHAVE_OPENDIR=1 -DHAVE_STRSTR=1 -DHAVE_STRTOL=1 -DHAVE_STRTOLL=1 -DHAVE_STRTOULL=1 -DHAVE_TMPNAM=1 -DHAVE_WAITPID=1 -DHAVE_GETPWUID_R_5=1 -DHAVE_GETPWUID_R=1 -DHAVE_GETPWNAM_R_5=1 -DHAVE_GETPWNAM_R=1 -DHAVE_GETGRGID_R_5=1 -DHAVE_GETGRGID_R=1 -DHAVE_GETGRNAM_R_5=1 -DHAVE_GETGRNAM_R=1 -DHAVE_GETHOSTBYNAME_R_6=1 -DHAVE_GETHOSTBYNAME_R=1 -DHAVE_GETHOSTBYADDR_R_8=1 -DHAVE_GETHOSTBYADDR_R=1 -DUSE_TERMIOS=1 -DHAVE_SYS_TIME_H=1 -DTIME_WITH_SYS_TIME=1 -DHAVE_TM_ZONE=1 -DHAVE_GMTIME_R=1 -DHAVE_LOCALTIME_R=1 -DHAVE_TM_GMTOFF=1 -DHAVE_TIMEZONE_VAR=1 -DHAVE_ST_BLKSIZE=1 -DSTDC_HEADERS=1 -DNO_UNION_WAIT=1 -DHAVE_SIGNED_CHAR=1 -DHAVE_LANGINFO=1 -DHAVE_FTS=1 -DHAVE_SYS_IOCTL_H=1 -DHAVE_CPUID=1        -DTCL_SHLIB_EXT=\".so\"   /home/wb/Work/nGit/projects/solar_build_test/solar/old_root-9.0.1/lib_src/libtcl8.4/unix/../generic/tclIO.c
/home/wb/Work/nGit/projects/solar_build_test/solar/old_root-9.0.1/lib_src/libtcl8.4/unix/../generic/tclIO.c: In function ‘HaveVersion’:
/home/wb/Work/nGit/projects/solar_build_test/solar/old_root-9.0.1/lib_src/libtcl8.4/unix/../generic/tclIO.c:9244:13: warning: cast from pointer to integer of different size [-Wpointer-to-int-cast]
 9244 |     return ((int)actualVersion) >= ((int)minimumVersion);
      |             ^
/home/wb/Work/nGit/projects/solar_build_test/solar/old_root-9.0.1/lib_src/libtcl8.4/unix/../generic/tclIO.c:9244:37: warning: cast from pointer to integer of different size [-Wpointer-to-int-cast]
 9244 |     return ((int)actualVersion) >= ((int)minimumVersion);
      |                                     ^
/usr/bin/gcc -c -O2  -pipe  -DTCL_DBGX= -Wall -fno-strict-aliasing -fPIC -I. -I/home/wb/Work/nGit/projects/solar_build_test/solar/old_root-9.0.1/lib_src/libtcl8.4/unix/../generic -I/home/wb/Work/nGit/projects/solar_build_test/solar/old_root-9.0.1/lib_src/libtcl8.4/unix -DHAVE_LIMITS_H=1 -DHAVE_UNISTD_H=1 -DHAVE_SYS_PARAM_H=1 -DUSE_THREAD_ALLOC=1 -D_REENTRANT=1 -D_THREAD_SAFE=1 -DHAVE_PTHREAD_ATTR_SETSTACKSIZE=1 -DHAVE_PTHREAD_ATFORK=1 -DTCL_THREADS=1 -DPEEK_XCLOSEIM=1 -DHAVE_CAST_TO_UNION=1 -DNDEBUG=1 -D_LARGEFILE64_SOURCE=1 -DTCL_WIDE_INT_IS_LONG=1 -DHAVE_GETCWD=1 -DHAVE_OPENDIR=1 -DHAVE_STRSTR=1 -DHAVE_STRTOL=1 -DHAVE_STRTOLL=1 -DHAVE_STRTOULL=1 -DHAVE_TMPNAM=1 -DHAVE_WAITPID=1 -DHAVE_GETPWUID_R_5=1 -DHAVE_GETPWUID_R=1 -DHAVE_GETPWNAM_R_5=1 -DHAVE_GETPWNAM_R=1 -DHAVE_GETGRGID_R_5=1 -DHAVE_GETGRGID_R=1 -DHAVE_GETGRNAM_R_5=1 -DHAVE_GETGRNAM_R=1 -DHAVE_GETHOSTBYNAME_R_6=1 -DHAVE_GETHOSTBYNAME_R=1 -DHAVE_GETHOSTBYADDR_R_8=1 -DHAVE_GETHOSTBYADDR_R=1 -DUSE_TERMIOS=1 -DHAVE_SYS_TIME_H=1 -DTIME_WITH_SYS_TIME=1 -DHAVE_TM_ZONE=1 -DHAVE_GMTIME_R=1 -DHAVE_LOCALTIME_R=1 -DHAVE_TM_GMTOFF=1 -DHAVE_TIMEZONE_VAR=1 -DHAVE_ST_BLKSIZE=1 -DSTDC_HEADERS=1 -DNO_UNION_WAIT=1 -DHAVE_SIGNED_CHAR=1 -DHAVE_LANGINFO=1 -DHAVE_FTS=1 -DHAVE_SYS_IOCTL_H=1 -DHAVE_CPUID=1        -DTCL_SHLIB_EXT=\".so\"   /home/wb/Work/nGit/projects/solar_build_test/solar/old_root-9.0.1/lib_src/libtcl8.4/unix/../generic/tclIOCmd.c
/home/wb/Work/nGit/projects/solar_build_test/solar/old_root-9.0.1/lib_src/libtcl8.4/unix/../generic/tclIOCmd.c: In function ‘Tcl_ExecObjCmd’:
/home/wb/Work/nGit/projects/solar_build_test/solar/old_root-9.0.1/lib_src/libtcl8.4/unix/../generic/tclIOCmd.c:774:41: warning: division ‘sizeof (const char **) / sizeof (const char *)’ does not compute the number of array elements [-Wsizeof-pointer-div]
  774 |     if ((argc + 1) > (int)(sizeof(argv) / sizeof(argv[0]))) {
      |                                         ^
/home/wb/Work/nGit/projects/solar_build_test/solar/old_root-9.0.1/lib_src/libtcl8.4/unix/../generic/tclIOCmd.c:717:18: note: first ‘sizeof’ operand was declared here
  717 |     CONST char **argv;
      |                  ^~~~
/usr/bin/gcc -c -O2  -pipe  -DTCL_DBGX= -Wall -fno-strict-aliasing -fPIC -I. -I/home/wb/Work/nGit/projects/solar_build_test/solar/old_root-9.0.1/lib_src/libtcl8.4/unix/../generic -I/home/wb/Work/nGit/projects/solar_build_test/solar/old_root-9.0.1/lib_src/libtcl8.4/unix -DHAVE_LIMITS_H=1 -DHAVE_UNISTD_H=1 -DHAVE_SYS_PARAM_H=1 -DUSE_THREAD_ALLOC=1 -D_REENTRANT=1 -D_THREAD_SAFE=1 -DHAVE_PTHREAD_ATTR_SETSTACKSIZE=1 -DHAVE_PTHREAD_ATFORK=1 -DTCL_THREADS=1 -DPEEK_XCLOSEIM=1 -DHAVE_CAST_TO_UNION=1 -DNDEBUG=1 -D_LARGEFILE64_SOURCE=1 -DTCL_WIDE_INT_IS_LONG=1 -DHAVE_GETCWD=1 -DHAVE_OPENDIR=1 -DHAVE_STRSTR=1 -DHAVE_STRTOL=1 -DHAVE_STRTOLL=1 -DHAVE_STRTOULL=1 -DHAVE_TMPNAM=1 -DHAVE_WAITPID=1 -DHAVE_GETPWUID_R_5=1 -DHAVE_GETPWUID_R=1 -DHAVE_GETPWNAM_R_5=1 -DHAVE_GETPWNAM_R=1 -DHAVE_GETGRGID_R_5=1 -DHAVE_GETGRGID_R=1 -DHAVE_GETGRNAM_R_5=1 -DHAVE_GETGRNAM_R=1 -DHAVE_GETHOSTBYNAME_R_6=1 -DHAVE_GETHOSTBYNAME_R=1 -DHAVE_GETHOSTBYADDR_R_8=1 -DHAVE_GETHOSTBYADDR_R=1 -DUSE_TERMIOS=1 -DHAVE_SYS_TIME_H=1 -DTIME_WITH_SYS_TIME=1 -DHAVE_TM_ZONE=1 -DHAVE_GMTIME_R=1 -DHAVE_LOCALTIME_R=1 -DHAVE_TM_GMTOFF=1 -DHAVE_TIMEZONE_VAR=1 -DHAVE_ST_BLKSIZE=1 -DSTDC_HEADERS=1 -DNO_UNION_WAIT=1 -DHAVE_SIGNED_CHAR=1 -DHAVE_LANGINFO=1 -DHAVE_FTS=1 -DHAVE_SYS_IOCTL_H=1 -DHAVE_CPUID=1        -DTCL_SHLIB_EXT=\".so\"   /home/wb/Work/nGit/projects/solar_build_test/solar/old_root-9.0.1/lib_src/libtcl8.4/unix/../generic/tclIOGT.c
/usr/bin/gcc -c -O2  -pipe  -DTCL_DBGX= -Wall -fno-strict-aliasing -fPIC -I. -I/home/wb/Work/nGit/projects/solar_build_test/solar/old_root-9.0.1/lib_src/libtcl8.4/unix/../generic -I/home/wb/Work/nGit/projects/solar_build_test/solar/old_root-9.0.1/lib_src/libtcl8.4/unix -DHAVE_LIMITS_H=1 -DHAVE_UNISTD_H=1 -DHAVE_SYS_PARAM_H=1 -DUSE_THREAD_ALLOC=1 -D_REENTRANT=1 -D_THREAD_SAFE=1 -DHAVE_PTHREAD_ATTR_SETSTACKSIZE=1 -DHAVE_PTHREAD_ATFORK=1 -DTCL_THREADS=1 -DPEEK_XCLOSEIM=1 -DHAVE_CAST_TO_UNION=1 -DNDEBUG=1 -D_LARGEFILE64_SOURCE=1 -DTCL_WIDE_INT_IS_LONG=1 -DHAVE_GETCWD=1 -DHAVE_OPENDIR=1 -DHAVE_STRSTR=1 -DHAVE_STRTOL=1 -DHAVE_STRTOLL=1 -DHAVE_STRTOULL=1 -DHAVE_TMPNAM=1 -DHAVE_WAITPID=1 -DHAVE_GETPWUID_R_5=1 -DHAVE_GETPWUID_R=1 -DHAVE_GETPWNAM_R_5=1 -DHAVE_GETPWNAM_R=1 -DHAVE_GETGRGID_R_5=1 -DHAVE_GETGRGID_R=1 -DHAVE_GETGRNAM_R_5=1 -DHAVE_GETGRNAM_R=1 -DHAVE_GETHOSTBYNAME_R_6=1 -DHAVE_GETHOSTBYNAME_R=1 -DHAVE_GETHOSTBYADDR_R_8=1 -DHAVE_GETHOSTBYADDR_R=1 -DUSE_TERMIOS=1 -DHAVE_SYS_TIME_H=1 -DTIME_WITH_SYS_TIME=1 -DHAVE_TM_ZONE=1 -DHAVE_GMTIME_R=1 -DHAVE_LOCALTIME_R=1 -DHAVE_TM_GMTOFF=1 -DHAVE_TIMEZONE_VAR=1 -DHAVE_ST_BLKSIZE=1 -DSTDC_HEADERS=1 -DNO_UNION_WAIT=1 -DHAVE_SIGNED_CHAR=1 -DHAVE_LANGINFO=1 -DHAVE_FTS=1 -DHAVE_SYS_IOCTL_H=1 -DHAVE_CPUID=1        -DTCL_SHLIB_EXT=\".so\"   /home/wb/Work/nGit/projects/solar_build_test/solar/old_root-9.0.1/lib_src/libtcl8.4/unix/../generic/tclIOSock.c
/usr/bin/gcc -c -O2  -pipe  -DTCL_DBGX= -Wall -fno-strict-aliasing -fPIC -I. -I/home/wb/Work/nGit/projects/solar_build_test/solar/old_root-9.0.1/lib_src/libtcl8.4/unix/../generic -I/home/wb/Work/nGit/projects/solar_build_test/solar/old_root-9.0.1/lib_src/libtcl8.4/unix -DHAVE_LIMITS_H=1 -DHAVE_UNISTD_H=1 -DHAVE_SYS_PARAM_H=1 -DUSE_THREAD_ALLOC=1 -D_REENTRANT=1 -D_THREAD_SAFE=1 -DHAVE_PTHREAD_ATTR_SETSTACKSIZE=1 -DHAVE_PTHREAD_ATFORK=1 -DTCL_THREADS=1 -DPEEK_XCLOSEIM=1 -DHAVE_CAST_TO_UNION=1 -DNDEBUG=1 -D_LARGEFILE64_SOURCE=1 -DTCL_WIDE_INT_IS_LONG=1 -DHAVE_GETCWD=1 -DHAVE_OPENDIR=1 -DHAVE_STRSTR=1 -DHAVE_STRTOL=1 -DHAVE_STRTOLL=1 -DHAVE_STRTOULL=1 -DHAVE_TMPNAM=1 -DHAVE_WAITPID=1 -DHAVE_GETPWUID_R_5=1 -DHAVE_GETPWUID_R=1 -DHAVE_GETPWNAM_R_5=1 -DHAVE_GETPWNAM_R=1 -DHAVE_GETGRGID_R_5=1 -DHAVE_GETGRGID_R=1 -DHAVE_GETGRNAM_R_5=1 -DHAVE_GETGRNAM_R=1 -DHAVE_GETHOSTBYNAME_R_6=1 -DHAVE_GETHOSTBYNAME_R=1 -DHAVE_GETHOSTBYADDR_R_8=1 -DHAVE_GETHOSTBYADDR_R=1 -DUSE_TERMIOS=1 -DHAVE_SYS_TIME_H=1 -DTIME_WITH_SYS_TIME=1 -DHAVE_TM_ZONE=1 -DHAVE_GMTIME_R=1 -DHAVE_LOCALTIME_R=1 -DHAVE_TM_GMTOFF=1 -DHAVE_TIMEZONE_VAR=1 -DHAVE_ST_BLKSIZE=1 -DSTDC_HEADERS=1 -DNO_UNION_WAIT=1 -DHAVE_SIGNED_CHAR=1 -DHAVE_LANGINFO=1 -DHAVE_FTS=1 -DHAVE_SYS_IOCTL_H=1 -DHAVE_CPUID=1        -DTCL_SHLIB_EXT=\".so\"   /home/wb/Work/nGit/projects/solar_build_test/solar/old_root-9.0.1/lib_src/libtcl8.4/unix/../generic/tclIOUtil.c
/usr/bin/gcc -c -O2  -pipe  -DTCL_DBGX= -Wall -fno-strict-aliasing -fPIC -I. -I/home/wb/Work/nGit/projects/solar_build_test/solar/old_root-9.0.1/lib_src/libtcl8.4/unix/../generic -I/home/wb/Work/nGit/projects/solar_build_test/solar/old_root-9.0.1/lib_src/libtcl8.4/unix -DHAVE_LIMITS_H=1 -DHAVE_UNISTD_H=1 -DHAVE_SYS_PARAM_H=1 -DUSE_THREAD_ALLOC=1 -D_REENTRANT=1 -D_THREAD_SAFE=1 -DHAVE_PTHREAD_ATTR_SETSTACKSIZE=1 -DHAVE_PTHREAD_ATFORK=1 -DTCL_THREADS=1 -DPEEK_XCLOSEIM=1 -DHAVE_CAST_TO_UNION=1 -DNDEBUG=1 -D_LARGEFILE64_SOURCE=1 -DTCL_WIDE_INT_IS_LONG=1 -DHAVE_GETCWD=1 -DHAVE_OPENDIR=1 -DHAVE_STRSTR=1 -DHAVE_STRTOL=1 -DHAVE_STRTOLL=1 -DHAVE_STRTOULL=1 -DHAVE_TMPNAM=1 -DHAVE_WAITPID=1 -DHAVE_GETPWUID_R_5=1 -DHAVE_GETPWUID_R=1 -DHAVE_GETPWNAM_R_5=1 -DHAVE_GETPWNAM_R=1 -DHAVE_GETGRGID_R_5=1 -DHAVE_GETGRGID_R=1 -DHAVE_GETGRNAM_R_5=1 -DHAVE_GETGRNAM_R=1 -DHAVE_GETHOSTBYNAME_R_6=1 -DHAVE_GETHOSTBYNAME_R=1 -DHAVE_GETHOSTBYADDR_R_8=1 -DHAVE_GETHOSTBYADDR_R=1 -DUSE_TERMIOS=1 -DHAVE_SYS_TIME_H=1 -DTIME_WITH_SYS_TIME=1 -DHAVE_TM_ZONE=1 -DHAVE_GMTIME_R=1 -DHAVE_LOCALTIME_R=1 -DHAVE_TM_GMTOFF=1 -DHAVE_TIMEZONE_VAR=1 -DHAVE_ST_BLKSIZE=1 -DSTDC_HEADERS=1 -DNO_UNION_WAIT=1 -DHAVE_SIGNED_CHAR=1 -DHAVE_LANGINFO=1 -DHAVE_FTS=1 -DHAVE_SYS_IOCTL_H=1 -DHAVE_CPUID=1        -DTCL_SHLIB_EXT=\".so\"   /home/wb/Work/nGit/projects/solar_build_test/solar/old_root-9.0.1/lib_src/libtcl8.4/unix/../generic/tclLink.c
/usr/bin/gcc -c -O2  -pipe  -DTCL_DBGX= -Wall -fno-strict-aliasing -fPIC -I. -I/home/wb/Work/nGit/projects/solar_build_test/solar/old_root-9.0.1/lib_src/libtcl8.4/unix/../generic -I/home/wb/Work/nGit/projects/solar_build_test/solar/old_root-9.0.1/lib_src/libtcl8.4/unix -DHAVE_LIMITS_H=1 -DHAVE_UNISTD_H=1 -DHAVE_SYS_PARAM_H=1 -DUSE_THREAD_ALLOC=1 -D_REENTRANT=1 -D_THREAD_SAFE=1 -DHAVE_PTHREAD_ATTR_SETSTACKSIZE=1 -DHAVE_PTHREAD_ATFORK=1 -DTCL_THREADS=1 -DPEEK_XCLOSEIM=1 -DHAVE_CAST_TO_UNION=1 -DNDEBUG=1 -D_LARGEFILE64_SOURCE=1 -DTCL_WIDE_INT_IS_LONG=1 -DHAVE_GETCWD=1 -DHAVE_OPENDIR=1 -DHAVE_STRSTR=1 -DHAVE_STRTOL=1 -DHAVE_STRTOLL=1 -DHAVE_STRTOULL=1 -DHAVE_TMPNAM=1 -DHAVE_WAITPID=1 -DHAVE_GETPWUID_R_5=1 -DHAVE_GETPWUID_R=1 -DHAVE_GETPWNAM_R_5=1 -DHAVE_GETPWNAM_R=1 -DHAVE_GETGRGID_R_5=1 -DHAVE_GETGRGID_R=1 -DHAVE_GETGRNAM_R_5=1 -DHAVE_GETGRNAM_R=1 -DHAVE_GETHOSTBYNAME_R_6=1 -DHAVE_GETHOSTBYNAME_R=1 -DHAVE_GETHOSTBYADDR_R_8=1 -DHAVE_GETHOSTBYADDR_R=1 -DUSE_TERMIOS=1 -DHAVE_SYS_TIME_H=1 -DTIME_WITH_SYS_TIME=1 -DHAVE_TM_ZONE=1 -DHAVE_GMTIME_R=1 -DHAVE_LOCALTIME_R=1 -DHAVE_TM_GMTOFF=1 -DHAVE_TIMEZONE_VAR=1 -DHAVE_ST_BLKSIZE=1 -DSTDC_HEADERS=1 -DNO_UNION_WAIT=1 -DHAVE_SIGNED_CHAR=1 -DHAVE_LANGINFO=1 -DHAVE_FTS=1 -DHAVE_SYS_IOCTL_H=1 -DHAVE_CPUID=1        -DTCL_SHLIB_EXT=\".so\"   /home/wb/Work/nGit/projects/solar_build_test/solar/old_root-9.0.1/lib_src/libtcl8.4/unix/../generic/tclListObj.c
/usr/bin/gcc -c -O2  -pipe  -DTCL_DBGX= -Wall -fno-strict-aliasing -fPIC -I. -I/home/wb/Work/nGit/projects/solar_build_test/solar/old_root-9.0.1/lib_src/libtcl8.4/unix/../generic -I/home/wb/Work/nGit/projects/solar_build_test/solar/old_root-9.0.1/lib_src/libtcl8.4/unix -DHAVE_LIMITS_H=1 -DHAVE_UNISTD_H=1 -DHAVE_SYS_PARAM_H=1 -DUSE_THREAD_ALLOC=1 -D_REENTRANT=1 -D_THREAD_SAFE=1 -DHAVE_PTHREAD_ATTR_SETSTACKSIZE=1 -DHAVE_PTHREAD_ATFORK=1 -DTCL_THREADS=1 -DPEEK_XCLOSEIM=1 -DHAVE_CAST_TO_UNION=1 -DNDEBUG=1 -D_LARGEFILE64_SOURCE=1 -DTCL_WIDE_INT_IS_LONG=1 -DHAVE_GETCWD=1 -DHAVE_OPENDIR=1 -DHAVE_STRSTR=1 -DHAVE_STRTOL=1 -DHAVE_STRTOLL=1 -DHAVE_STRTOULL=1 -DHAVE_TMPNAM=1 -DHAVE_WAITPID=1 -DHAVE_GETPWUID_R_5=1 -DHAVE_GETPWUID_R=1 -DHAVE_GETPWNAM_R_5=1 -DHAVE_GETPWNAM_R=1 -DHAVE_GETGRGID_R_5=1 -DHAVE_GETGRGID_R=1 -DHAVE_GETGRNAM_R_5=1 -DHAVE_GETGRNAM_R=1 -DHAVE_GETHOSTBYNAME_R_6=1 -DHAVE_GETHOSTBYNAME_R=1 -DHAVE_GETHOSTBYADDR_R_8=1 -DHAVE_GETHOSTBYADDR_R=1 -DUSE_TERMIOS=1 -DHAVE_SYS_TIME_H=1 -DTIME_WITH_SYS_TIME=1 -DHAVE_TM_ZONE=1 -DHAVE_GMTIME_R=1 -DHAVE_LOCALTIME_R=1 -DHAVE_TM_GMTOFF=1 -DHAVE_TIMEZONE_VAR=1 -DHAVE_ST_BLKSIZE=1 -DSTDC_HEADERS=1 -DNO_UNION_WAIT=1 -DHAVE_SIGNED_CHAR=1 -DHAVE_LANGINFO=1 -DHAVE_FTS=1 -DHAVE_SYS_IOCTL_H=1 -DHAVE_CPUID=1        -DTCL_SHLIB_EXT=\".so\"   /home/wb/Work/nGit/projects/solar_build_test/solar/old_root-9.0.1/lib_src/libtcl8.4/unix/../generic/tclLiteral.c
/usr/bin/gcc -c -O2  -pipe  -DTCL_DBGX= -Wall -fno-strict-aliasing -fPIC -I. -I/home/wb/Work/nGit/projects/solar_build_test/solar/old_root-9.0.1/lib_src/libtcl8.4/unix/../generic -I/home/wb/Work/nGit/projects/solar_build_test/solar/old_root-9.0.1/lib_src/libtcl8.4/unix -DHAVE_LIMITS_H=1 -DHAVE_UNISTD_H=1 -DHAVE_SYS_PARAM_H=1 -DUSE_THREAD_ALLOC=1 -D_REENTRANT=1 -D_THREAD_SAFE=1 -DHAVE_PTHREAD_ATTR_SETSTACKSIZE=1 -DHAVE_PTHREAD_ATFORK=1 -DTCL_THREADS=1 -DPEEK_XCLOSEIM=1 -DHAVE_CAST_TO_UNION=1 -DNDEBUG=1 -D_LARGEFILE64_SOURCE=1 -DTCL_WIDE_INT_IS_LONG=1 -DHAVE_GETCWD=1 -DHAVE_OPENDIR=1 -DHAVE_STRSTR=1 -DHAVE_STRTOL=1 -DHAVE_STRTOLL=1 -DHAVE_STRTOULL=1 -DHAVE_TMPNAM=1 -DHAVE_WAITPID=1 -DHAVE_GETPWUID_R_5=1 -DHAVE_GETPWUID_R=1 -DHAVE_GETPWNAM_R_5=1 -DHAVE_GETPWNAM_R=1 -DHAVE_GETGRGID_R_5=1 -DHAVE_GETGRGID_R=1 -DHAVE_GETGRNAM_R_5=1 -DHAVE_GETGRNAM_R=1 -DHAVE_GETHOSTBYNAME_R_6=1 -DHAVE_GETHOSTBYNAME_R=1 -DHAVE_GETHOSTBYADDR_R_8=1 -DHAVE_GETHOSTBYADDR_R=1 -DUSE_TERMIOS=1 -DHAVE_SYS_TIME_H=1 -DTIME_WITH_SYS_TIME=1 -DHAVE_TM_ZONE=1 -DHAVE_GMTIME_R=1 -DHAVE_LOCALTIME_R=1 -DHAVE_TM_GMTOFF=1 -DHAVE_TIMEZONE_VAR=1 -DHAVE_ST_BLKSIZE=1 -DSTDC_HEADERS=1 -DNO_UNION_WAIT=1 -DHAVE_SIGNED_CHAR=1 -DHAVE_LANGINFO=1 -DHAVE_FTS=1 -DHAVE_SYS_IOCTL_H=1 -DHAVE_CPUID=1        -DTCL_SHLIB_EXT=\".so\"   /home/wb/Work/nGit/projects/solar_build_test/solar/old_root-9.0.1/lib_src/libtcl8.4/unix/../generic/tclLoad.c
/usr/bin/gcc -c -O2  -pipe  -DTCL_DBGX= -Wall -fno-strict-aliasing -fPIC -I. -I/home/wb/Work/nGit/projects/solar_build_test/solar/old_root-9.0.1/lib_src/libtcl8.4/unix/../generic -I/home/wb/Work/nGit/projects/solar_build_test/solar/old_root-9.0.1/lib_src/libtcl8.4/unix -DHAVE_LIMITS_H=1 -DHAVE_UNISTD_H=1 -DHAVE_SYS_PARAM_H=1 -DUSE_THREAD_ALLOC=1 -D_REENTRANT=1 -D_THREAD_SAFE=1 -DHAVE_PTHREAD_ATTR_SETSTACKSIZE=1 -DHAVE_PTHREAD_ATFORK=1 -DTCL_THREADS=1 -DPEEK_XCLOSEIM=1 -DHAVE_CAST_TO_UNION=1 -DNDEBUG=1 -D_LARGEFILE64_SOURCE=1 -DTCL_WIDE_INT_IS_LONG=1 -DHAVE_GETCWD=1 -DHAVE_OPENDIR=1 -DHAVE_STRSTR=1 -DHAVE_STRTOL=1 -DHAVE_STRTOLL=1 -DHAVE_STRTOULL=1 -DHAVE_TMPNAM=1 -DHAVE_WAITPID=1 -DHAVE_GETPWUID_R_5=1 -DHAVE_GETPWUID_R=1 -DHAVE_GETPWNAM_R_5=1 -DHAVE_GETPWNAM_R=1 -DHAVE_GETGRGID_R_5=1 -DHAVE_GETGRGID_R=1 -DHAVE_GETGRNAM_R_5=1 -DHAVE_GETGRNAM_R=1 -DHAVE_GETHOSTBYNAME_R_6=1 -DHAVE_GETHOSTBYNAME_R=1 -DHAVE_GETHOSTBYADDR_R_8=1 -DHAVE_GETHOSTBYADDR_R=1 -DUSE_TERMIOS=1 -DHAVE_SYS_TIME_H=1 -DTIME_WITH_SYS_TIME=1 -DHAVE_TM_ZONE=1 -DHAVE_GMTIME_R=1 -DHAVE_LOCALTIME_R=1 -DHAVE_TM_GMTOFF=1 -DHAVE_TIMEZONE_VAR=1 -DHAVE_ST_BLKSIZE=1 -DSTDC_HEADERS=1 -DNO_UNION_WAIT=1 -DHAVE_SIGNED_CHAR=1 -DHAVE_LANGINFO=1 -DHAVE_FTS=1 -DHAVE_SYS_IOCTL_H=1 -DHAVE_CPUID=1        -DTCL_SHLIB_EXT=\".so\"   /home/wb/Work/nGit/projects/solar_build_test/solar/old_root-9.0.1/lib_src/libtcl8.4/unix/../generic/tclMain.c
/usr/bin/gcc -c -O2  -pipe  -DTCL_DBGX= -Wall -fno-strict-aliasing -fPIC -I. -I/home/wb/Work/nGit/projects/solar_build_test/solar/old_root-9.0.1/lib_src/libtcl8.4/unix/../generic -I/home/wb/Work/nGit/projects/solar_build_test/solar/old_root-9.0.1/lib_src/libtcl8.4/unix -DHAVE_LIMITS_H=1 -DHAVE_UNISTD_H=1 -DHAVE_SYS_PARAM_H=1 -DUSE_THREAD_ALLOC=1 -D_REENTRANT=1 -D_THREAD_SAFE=1 -DHAVE_PTHREAD_ATTR_SETSTACKSIZE=1 -DHAVE_PTHREAD_ATFORK=1 -DTCL_THREADS=1 -DPEEK_XCLOSEIM=1 -DHAVE_CAST_TO_UNION=1 -DNDEBUG=1 -D_LARGEFILE64_SOURCE=1 -DTCL_WIDE_INT_IS_LONG=1 -DHAVE_GETCWD=1 -DHAVE_OPENDIR=1 -DHAVE_STRSTR=1 -DHAVE_STRTOL=1 -DHAVE_STRTOLL=1 -DHAVE_STRTOULL=1 -DHAVE_TMPNAM=1 -DHAVE_WAITPID=1 -DHAVE_GETPWUID_R_5=1 -DHAVE_GETPWUID_R=1 -DHAVE_GETPWNAM_R_5=1 -DHAVE_GETPWNAM_R=1 -DHAVE_GETGRGID_R_5=1 -DHAVE_GETGRGID_R=1 -DHAVE_GETGRNAM_R_5=1 -DHAVE_GETGRNAM_R=1 -DHAVE_GETHOSTBYNAME_R_6=1 -DHAVE_GETHOSTBYNAME_R=1 -DHAVE_GETHOSTBYADDR_R_8=1 -DHAVE_GETHOSTBYADDR_R=1 -DUSE_TERMIOS=1 -DHAVE_SYS_TIME_H=1 -DTIME_WITH_SYS_TIME=1 -DHAVE_TM_ZONE=1 -DHAVE_GMTIME_R=1 -DHAVE_LOCALTIME_R=1 -DHAVE_TM_GMTOFF=1 -DHAVE_TIMEZONE_VAR=1 -DHAVE_ST_BLKSIZE=1 -DSTDC_HEADERS=1 -DNO_UNION_WAIT=1 -DHAVE_SIGNED_CHAR=1 -DHAVE_LANGINFO=1 -DHAVE_FTS=1 -DHAVE_SYS_IOCTL_H=1 -DHAVE_CPUID=1        -DTCL_SHLIB_EXT=\".so\"   /home/wb/Work/nGit/projects/solar_build_test/solar/old_root-9.0.1/lib_src/libtcl8.4/unix/../generic/tclNamesp.c
/usr/bin/gcc -c -O2  -pipe  -DTCL_DBGX= -Wall -fno-strict-aliasing -fPIC -I. -I/home/wb/Work/nGit/projects/solar_build_test/solar/old_root-9.0.1/lib_src/libtcl8.4/unix/../generic -I/home/wb/Work/nGit/projects/solar_build_test/solar/old_root-9.0.1/lib_src/libtcl8.4/unix -DHAVE_LIMITS_H=1 -DHAVE_UNISTD_H=1 -DHAVE_SYS_PARAM_H=1 -DUSE_THREAD_ALLOC=1 -D_REENTRANT=1 -D_THREAD_SAFE=1 -DHAVE_PTHREAD_ATTR_SETSTACKSIZE=1 -DHAVE_PTHREAD_ATFORK=1 -DTCL_THREADS=1 -DPEEK_XCLOSEIM=1 -DHAVE_CAST_TO_UNION=1 -DNDEBUG=1 -D_LARGEFILE64_SOURCE=1 -DTCL_WIDE_INT_IS_LONG=1 -DHAVE_GETCWD=1 -DHAVE_OPENDIR=1 -DHAVE_STRSTR=1 -DHAVE_STRTOL=1 -DHAVE_STRTOLL=1 -DHAVE_STRTOULL=1 -DHAVE_TMPNAM=1 -DHAVE_WAITPID=1 -DHAVE_GETPWUID_R_5=1 -DHAVE_GETPWUID_R=1 -DHAVE_GETPWNAM_R_5=1 -DHAVE_GETPWNAM_R=1 -DHAVE_GETGRGID_R_5=1 -DHAVE_GETGRGID_R=1 -DHAVE_GETGRNAM_R_5=1 -DHAVE_GETGRNAM_R=1 -DHAVE_GETHOSTBYNAME_R_6=1 -DHAVE_GETHOSTBYNAME_R=1 -DHAVE_GETHOSTBYADDR_R_8=1 -DHAVE_GETHOSTBYADDR_R=1 -DUSE_TERMIOS=1 -DHAVE_SYS_TIME_H=1 -DTIME_WITH_SYS_TIME=1 -DHAVE_TM_ZONE=1 -DHAVE_GMTIME_R=1 -DHAVE_LOCALTIME_R=1 -DHAVE_TM_GMTOFF=1 -DHAVE_TIMEZONE_VAR=1 -DHAVE_ST_BLKSIZE=1 -DSTDC_HEADERS=1 -DNO_UNION_WAIT=1 -DHAVE_SIGNED_CHAR=1 -DHAVE_LANGINFO=1 -DHAVE_FTS=1 -DHAVE_SYS_IOCTL_H=1 -DHAVE_CPUID=1        -DTCL_SHLIB_EXT=\".so\"   /home/wb/Work/nGit/projects/solar_build_test/solar/old_root-9.0.1/lib_src/libtcl8.4/unix/../generic/tclNotify.c
/usr/bin/gcc -c -O2  -pipe  -DTCL_DBGX= -Wall -fno-strict-aliasing -fPIC -I. -I/home/wb/Work/nGit/projects/solar_build_test/solar/old_root-9.0.1/lib_src/libtcl8.4/unix/../generic -I/home/wb/Work/nGit/projects/solar_build_test/solar/old_root-9.0.1/lib_src/libtcl8.4/unix -DHAVE_LIMITS_H=1 -DHAVE_UNISTD_H=1 -DHAVE_SYS_PARAM_H=1 -DUSE_THREAD_ALLOC=1 -D_REENTRANT=1 -D_THREAD_SAFE=1 -DHAVE_PTHREAD_ATTR_SETSTACKSIZE=1 -DHAVE_PTHREAD_ATFORK=1 -DTCL_THREADS=1 -DPEEK_XCLOSEIM=1 -DHAVE_CAST_TO_UNION=1 -DNDEBUG=1 -D_LARGEFILE64_SOURCE=1 -DTCL_WIDE_INT_IS_LONG=1 -DHAVE_GETCWD=1 -DHAVE_OPENDIR=1 -DHAVE_STRSTR=1 -DHAVE_STRTOL=1 -DHAVE_STRTOLL=1 -DHAVE_STRTOULL=1 -DHAVE_TMPNAM=1 -DHAVE_WAITPID=1 -DHAVE_GETPWUID_R_5=1 -DHAVE_GETPWUID_R=1 -DHAVE_GETPWNAM_R_5=1 -DHAVE_GETPWNAM_R=1 -DHAVE_GETGRGID_R_5=1 -DHAVE_GETGRGID_R=1 -DHAVE_GETGRNAM_R_5=1 -DHAVE_GETGRNAM_R=1 -DHAVE_GETHOSTBYNAME_R_6=1 -DHAVE_GETHOSTBYNAME_R=1 -DHAVE_GETHOSTBYADDR_R_8=1 -DHAVE_GETHOSTBYADDR_R=1 -DUSE_TERMIOS=1 -DHAVE_SYS_TIME_H=1 -DTIME_WITH_SYS_TIME=1 -DHAVE_TM_ZONE=1 -DHAVE_GMTIME_R=1 -DHAVE_LOCALTIME_R=1 -DHAVE_TM_GMTOFF=1 -DHAVE_TIMEZONE_VAR=1 -DHAVE_ST_BLKSIZE=1 -DSTDC_HEADERS=1 -DNO_UNION_WAIT=1 -DHAVE_SIGNED_CHAR=1 -DHAVE_LANGINFO=1 -DHAVE_FTS=1 -DHAVE_SYS_IOCTL_H=1 -DHAVE_CPUID=1        -DTCL_SHLIB_EXT=\".so\"   /home/wb/Work/nGit/projects/solar_build_test/solar/old_root-9.0.1/lib_src/libtcl8.4/unix/../generic/tclObj.c
/usr/bin/gcc -c -O2  -pipe  -DTCL_DBGX= -Wall -fno-strict-aliasing -fPIC -I. -I/home/wb/Work/nGit/projects/solar_build_test/solar/old_root-9.0.1/lib_src/libtcl8.4/unix/../generic -I/home/wb/Work/nGit/projects/solar_build_test/solar/old_root-9.0.1/lib_src/libtcl8.4/unix -DHAVE_LIMITS_H=1 -DHAVE_UNISTD_H=1 -DHAVE_SYS_PARAM_H=1 -DUSE_THREAD_ALLOC=1 -D_REENTRANT=1 -D_THREAD_SAFE=1 -DHAVE_PTHREAD_ATTR_SETSTACKSIZE=1 -DHAVE_PTHREAD_ATFORK=1 -DTCL_THREADS=1 -DPEEK_XCLOSEIM=1 -DHAVE_CAST_TO_UNION=1 -DNDEBUG=1 -D_LARGEFILE64_SOURCE=1 -DTCL_WIDE_INT_IS_LONG=1 -DHAVE_GETCWD=1 -DHAVE_OPENDIR=1 -DHAVE_STRSTR=1 -DHAVE_STRTOL=1 -DHAVE_STRTOLL=1 -DHAVE_STRTOULL=1 -DHAVE_TMPNAM=1 -DHAVE_WAITPID=1 -DHAVE_GETPWUID_R_5=1 -DHAVE_GETPWUID_R=1 -DHAVE_GETPWNAM_R_5=1 -DHAVE_GETPWNAM_R=1 -DHAVE_GETGRGID_R_5=1 -DHAVE_GETGRGID_R=1 -DHAVE_GETGRNAM_R_5=1 -DHAVE_GETGRNAM_R=1 -DHAVE_GETHOSTBYNAME_R_6=1 -DHAVE_GETHOSTBYNAME_R=1 -DHAVE_GETHOSTBYADDR_R_8=1 -DHAVE_GETHOSTBYADDR_R=1 -DUSE_TERMIOS=1 -DHAVE_SYS_TIME_H=1 -DTIME_WITH_SYS_TIME=1 -DHAVE_TM_ZONE=1 -DHAVE_GMTIME_R=1 -DHAVE_LOCALTIME_R=1 -DHAVE_TM_GMTOFF=1 -DHAVE_TIMEZONE_VAR=1 -DHAVE_ST_BLKSIZE=1 -DSTDC_HEADERS=1 -DNO_UNION_WAIT=1 -DHAVE_SIGNED_CHAR=1 -DHAVE_LANGINFO=1 -DHAVE_FTS=1 -DHAVE_SYS_IOCTL_H=1 -DHAVE_CPUID=1        -DTCL_SHLIB_EXT=\".so\"   /home/wb/Work/nGit/projects/solar_build_test/solar/old_root-9.0.1/lib_src/libtcl8.4/unix/../generic/tclPanic.c
/usr/bin/gcc -c -O2  -pipe  -DTCL_DBGX= -Wall -fno-strict-aliasing -fPIC -I. -I/home/wb/Work/nGit/projects/solar_build_test/solar/old_root-9.0.1/lib_src/libtcl8.4/unix/../generic -I/home/wb/Work/nGit/projects/solar_build_test/solar/old_root-9.0.1/lib_src/libtcl8.4/unix -DHAVE_LIMITS_H=1 -DHAVE_UNISTD_H=1 -DHAVE_SYS_PARAM_H=1 -DUSE_THREAD_ALLOC=1 -D_REENTRANT=1 -D_THREAD_SAFE=1 -DHAVE_PTHREAD_ATTR_SETSTACKSIZE=1 -DHAVE_PTHREAD_ATFORK=1 -DTCL_THREADS=1 -DPEEK_XCLOSEIM=1 -DHAVE_CAST_TO_UNION=1 -DNDEBUG=1 -D_LARGEFILE64_SOURCE=1 -DTCL_WIDE_INT_IS_LONG=1 -DHAVE_GETCWD=1 -DHAVE_OPENDIR=1 -DHAVE_STRSTR=1 -DHAVE_STRTOL=1 -DHAVE_STRTOLL=1 -DHAVE_STRTOULL=1 -DHAVE_TMPNAM=1 -DHAVE_WAITPID=1 -DHAVE_GETPWUID_R_5=1 -DHAVE_GETPWUID_R=1 -DHAVE_GETPWNAM_R_5=1 -DHAVE_GETPWNAM_R=1 -DHAVE_GETGRGID_R_5=1 -DHAVE_GETGRGID_R=1 -DHAVE_GETGRNAM_R_5=1 -DHAVE_GETGRNAM_R=1 -DHAVE_GETHOSTBYNAME_R_6=1 -DHAVE_GETHOSTBYNAME_R=1 -DHAVE_GETHOSTBYADDR_R_8=1 -DHAVE_GETHOSTBYADDR_R=1 -DUSE_TERMIOS=1 -DHAVE_SYS_TIME_H=1 -DTIME_WITH_SYS_TIME=1 -DHAVE_TM_ZONE=1 -DHAVE_GMTIME_R=1 -DHAVE_LOCALTIME_R=1 -DHAVE_TM_GMTOFF=1 -DHAVE_TIMEZONE_VAR=1 -DHAVE_ST_BLKSIZE=1 -DSTDC_HEADERS=1 -DNO_UNION_WAIT=1 -DHAVE_SIGNED_CHAR=1 -DHAVE_LANGINFO=1 -DHAVE_FTS=1 -DHAVE_SYS_IOCTL_H=1 -DHAVE_CPUID=1        -DTCL_SHLIB_EXT=\".so\"   /home/wb/Work/nGit/projects/solar_build_test/solar/old_root-9.0.1/lib_src/libtcl8.4/unix/../generic/tclParse.c
/usr/bin/gcc -c -O2  -pipe  -DTCL_DBGX= -Wall -fno-strict-aliasing -fPIC -I. -I/home/wb/Work/nGit/projects/solar_build_test/solar/old_root-9.0.1/lib_src/libtcl8.4/unix/../generic -I/home/wb/Work/nGit/projects/solar_build_test/solar/old_root-9.0.1/lib_src/libtcl8.4/unix -DHAVE_LIMITS_H=1 -DHAVE_UNISTD_H=1 -DHAVE_SYS_PARAM_H=1 -DUSE_THREAD_ALLOC=1 -D_REENTRANT=1 -D_THREAD_SAFE=1 -DHAVE_PTHREAD_ATTR_SETSTACKSIZE=1 -DHAVE_PTHREAD_ATFORK=1 -DTCL_THREADS=1 -DPEEK_XCLOSEIM=1 -DHAVE_CAST_TO_UNION=1 -DNDEBUG=1 -D_LARGEFILE64_SOURCE=1 -DTCL_WIDE_INT_IS_LONG=1 -DHAVE_GETCWD=1 -DHAVE_OPENDIR=1 -DHAVE_STRSTR=1 -DHAVE_STRTOL=1 -DHAVE_STRTOLL=1 -DHAVE_STRTOULL=1 -DHAVE_TMPNAM=1 -DHAVE_WAITPID=1 -DHAVE_GETPWUID_R_5=1 -DHAVE_GETPWUID_R=1 -DHAVE_GETPWNAM_R_5=1 -DHAVE_GETPWNAM_R=1 -DHAVE_GETGRGID_R_5=1 -DHAVE_GETGRGID_R=1 -DHAVE_GETGRNAM_R_5=1 -DHAVE_GETGRNAM_R=1 -DHAVE_GETHOSTBYNAME_R_6=1 -DHAVE_GETHOSTBYNAME_R=1 -DHAVE_GETHOSTBYADDR_R_8=1 -DHAVE_GETHOSTBYADDR_R=1 -DUSE_TERMIOS=1 -DHAVE_SYS_TIME_H=1 -DTIME_WITH_SYS_TIME=1 -DHAVE_TM_ZONE=1 -DHAVE_GMTIME_R=1 -DHAVE_LOCALTIME_R=1 -DHAVE_TM_GMTOFF=1 -DHAVE_TIMEZONE_VAR=1 -DHAVE_ST_BLKSIZE=1 -DSTDC_HEADERS=1 -DNO_UNION_WAIT=1 -DHAVE_SIGNED_CHAR=1 -DHAVE_LANGINFO=1 -DHAVE_FTS=1 -DHAVE_SYS_IOCTL_H=1 -DHAVE_CPUID=1        -DTCL_SHLIB_EXT=\".so\"   /home/wb/Work/nGit/projects/solar_build_test/solar/old_root-9.0.1/lib_src/libtcl8.4/unix/../generic/tclParseExpr.c
/usr/bin/gcc -c -O2  -pipe  -DTCL_DBGX= -Wall -fno-strict-aliasing -fPIC -I. -I/home/wb/Work/nGit/projects/solar_build_test/solar/old_root-9.0.1/lib_src/libtcl8.4/unix/../generic -I/home/wb/Work/nGit/projects/solar_build_test/solar/old_root-9.0.1/lib_src/libtcl8.4/unix -DHAVE_LIMITS_H=1 -DHAVE_UNISTD_H=1 -DHAVE_SYS_PARAM_H=1 -DUSE_THREAD_ALLOC=1 -D_REENTRANT=1 -D_THREAD_SAFE=1 -DHAVE_PTHREAD_ATTR_SETSTACKSIZE=1 -DHAVE_PTHREAD_ATFORK=1 -DTCL_THREADS=1 -DPEEK_XCLOSEIM=1 -DHAVE_CAST_TO_UNION=1 -DNDEBUG=1 -D_LARGEFILE64_SOURCE=1 -DTCL_WIDE_INT_IS_LONG=1 -DHAVE_GETCWD=1 -DHAVE_OPENDIR=1 -DHAVE_STRSTR=1 -DHAVE_STRTOL=1 -DHAVE_STRTOLL=1 -DHAVE_STRTOULL=1 -DHAVE_TMPNAM=1 -DHAVE_WAITPID=1 -DHAVE_GETPWUID_R_5=1 -DHAVE_GETPWUID_R=1 -DHAVE_GETPWNAM_R_5=1 -DHAVE_GETPWNAM_R=1 -DHAVE_GETGRGID_R_5=1 -DHAVE_GETGRGID_R=1 -DHAVE_GETGRNAM_R_5=1 -DHAVE_GETGRNAM_R=1 -DHAVE_GETHOSTBYNAME_R_6=1 -DHAVE_GETHOSTBYNAME_R=1 -DHAVE_GETHOSTBYADDR_R_8=1 -DHAVE_GETHOSTBYADDR_R=1 -DUSE_TERMIOS=1 -DHAVE_SYS_TIME_H=1 -DTIME_WITH_SYS_TIME=1 -DHAVE_TM_ZONE=1 -DHAVE_GMTIME_R=1 -DHAVE_LOCALTIME_R=1 -DHAVE_TM_GMTOFF=1 -DHAVE_TIMEZONE_VAR=1 -DHAVE_ST_BLKSIZE=1 -DSTDC_HEADERS=1 -DNO_UNION_WAIT=1 -DHAVE_SIGNED_CHAR=1 -DHAVE_LANGINFO=1 -DHAVE_FTS=1 -DHAVE_SYS_IOCTL_H=1 -DHAVE_CPUID=1        -DTCL_SHLIB_EXT=\".so\"   /home/wb/Work/nGit/projects/solar_build_test/solar/old_root-9.0.1/lib_src/libtcl8.4/unix/../generic/tclPipe.c
/usr/bin/gcc -c -O2  -pipe  -DTCL_DBGX= -Wall -fno-strict-aliasing -fPIC -I. -I/home/wb/Work/nGit/projects/solar_build_test/solar/old_root-9.0.1/lib_src/libtcl8.4/unix/../generic -I/home/wb/Work/nGit/projects/solar_build_test/solar/old_root-9.0.1/lib_src/libtcl8.4/unix -DHAVE_LIMITS_H=1 -DHAVE_UNISTD_H=1 -DHAVE_SYS_PARAM_H=1 -DUSE_THREAD_ALLOC=1 -D_REENTRANT=1 -D_THREAD_SAFE=1 -DHAVE_PTHREAD_ATTR_SETSTACKSIZE=1 -DHAVE_PTHREAD_ATFORK=1 -DTCL_THREADS=1 -DPEEK_XCLOSEIM=1 -DHAVE_CAST_TO_UNION=1 -DNDEBUG=1 -D_LARGEFILE64_SOURCE=1 -DTCL_WIDE_INT_IS_LONG=1 -DHAVE_GETCWD=1 -DHAVE_OPENDIR=1 -DHAVE_STRSTR=1 -DHAVE_STRTOL=1 -DHAVE_STRTOLL=1 -DHAVE_STRTOULL=1 -DHAVE_TMPNAM=1 -DHAVE_WAITPID=1 -DHAVE_GETPWUID_R_5=1 -DHAVE_GETPWUID_R=1 -DHAVE_GETPWNAM_R_5=1 -DHAVE_GETPWNAM_R=1 -DHAVE_GETGRGID_R_5=1 -DHAVE_GETGRGID_R=1 -DHAVE_GETGRNAM_R_5=1 -DHAVE_GETGRNAM_R=1 -DHAVE_GETHOSTBYNAME_R_6=1 -DHAVE_GETHOSTBYNAME_R=1 -DHAVE_GETHOSTBYADDR_R_8=1 -DHAVE_GETHOSTBYADDR_R=1 -DUSE_TERMIOS=1 -DHAVE_SYS_TIME_H=1 -DTIME_WITH_SYS_TIME=1 -DHAVE_TM_ZONE=1 -DHAVE_GMTIME_R=1 -DHAVE_LOCALTIME_R=1 -DHAVE_TM_GMTOFF=1 -DHAVE_TIMEZONE_VAR=1 -DHAVE_ST_BLKSIZE=1 -DSTDC_HEADERS=1 -DNO_UNION_WAIT=1 -DHAVE_SIGNED_CHAR=1 -DHAVE_LANGINFO=1 -DHAVE_FTS=1 -DHAVE_SYS_IOCTL_H=1 -DHAVE_CPUID=1        -DTCL_SHLIB_EXT=\".so\"   /home/wb/Work/nGit/projects/solar_build_test/solar/old_root-9.0.1/lib_src/libtcl8.4/unix/../generic/tclPkg.c
/usr/bin/gcc -c -O2  -pipe  -DTCL_DBGX= -Wall -fno-strict-aliasing -fPIC -I. -I/home/wb/Work/nGit/projects/solar_build_test/solar/old_root-9.0.1/lib_src/libtcl8.4/unix/../generic -I/home/wb/Work/nGit/projects/solar_build_test/solar/old_root-9.0.1/lib_src/libtcl8.4/unix -DHAVE_LIMITS_H=1 -DHAVE_UNISTD_H=1 -DHAVE_SYS_PARAM_H=1 -DUSE_THREAD_ALLOC=1 -D_REENTRANT=1 -D_THREAD_SAFE=1 -DHAVE_PTHREAD_ATTR_SETSTACKSIZE=1 -DHAVE_PTHREAD_ATFORK=1 -DTCL_THREADS=1 -DPEEK_XCLOSEIM=1 -DHAVE_CAST_TO_UNION=1 -DNDEBUG=1 -D_LARGEFILE64_SOURCE=1 -DTCL_WIDE_INT_IS_LONG=1 -DHAVE_GETCWD=1 -DHAVE_OPENDIR=1 -DHAVE_STRSTR=1 -DHAVE_STRTOL=1 -DHAVE_STRTOLL=1 -DHAVE_STRTOULL=1 -DHAVE_TMPNAM=1 -DHAVE_WAITPID=1 -DHAVE_GETPWUID_R_5=1 -DHAVE_GETPWUID_R=1 -DHAVE_GETPWNAM_R_5=1 -DHAVE_GETPWNAM_R=1 -DHAVE_GETGRGID_R_5=1 -DHAVE_GETGRGID_R=1 -DHAVE_GETGRNAM_R_5=1 -DHAVE_GETGRNAM_R=1 -DHAVE_GETHOSTBYNAME_R_6=1 -DHAVE_GETHOSTBYNAME_R=1 -DHAVE_GETHOSTBYADDR_R_8=1 -DHAVE_GETHOSTBYADDR_R=1 -DUSE_TERMIOS=1 -DHAVE_SYS_TIME_H=1 -DTIME_WITH_SYS_TIME=1 -DHAVE_TM_ZONE=1 -DHAVE_GMTIME_R=1 -DHAVE_LOCALTIME_R=1 -DHAVE_TM_GMTOFF=1 -DHAVE_TIMEZONE_VAR=1 -DHAVE_ST_BLKSIZE=1 -DSTDC_HEADERS=1 -DNO_UNION_WAIT=1 -DHAVE_SIGNED_CHAR=1 -DHAVE_LANGINFO=1 -DHAVE_FTS=1 -DHAVE_SYS_IOCTL_H=1 -DHAVE_CPUID=1        -DTCL_SHLIB_EXT=\".so\"   /home/wb/Work/nGit/projects/solar_build_test/solar/old_root-9.0.1/lib_src/libtcl8.4/unix/../generic/tclPosixStr.c
/usr/bin/gcc -c -O2  -pipe  -DTCL_DBGX= -Wall -fno-strict-aliasing -fPIC -I. -I/home/wb/Work/nGit/projects/solar_build_test/solar/old_root-9.0.1/lib_src/libtcl8.4/unix/../generic -I/home/wb/Work/nGit/projects/solar_build_test/solar/old_root-9.0.1/lib_src/libtcl8.4/unix -DHAVE_LIMITS_H=1 -DHAVE_UNISTD_H=1 -DHAVE_SYS_PARAM_H=1 -DUSE_THREAD_ALLOC=1 -D_REENTRANT=1 -D_THREAD_SAFE=1 -DHAVE_PTHREAD_ATTR_SETSTACKSIZE=1 -DHAVE_PTHREAD_ATFORK=1 -DTCL_THREADS=1 -DPEEK_XCLOSEIM=1 -DHAVE_CAST_TO_UNION=1 -DNDEBUG=1 -D_LARGEFILE64_SOURCE=1 -DTCL_WIDE_INT_IS_LONG=1 -DHAVE_GETCWD=1 -DHAVE_OPENDIR=1 -DHAVE_STRSTR=1 -DHAVE_STRTOL=1 -DHAVE_STRTOLL=1 -DHAVE_STRTOULL=1 -DHAVE_TMPNAM=1 -DHAVE_WAITPID=1 -DHAVE_GETPWUID_R_5=1 -DHAVE_GETPWUID_R=1 -DHAVE_GETPWNAM_R_5=1 -DHAVE_GETPWNAM_R=1 -DHAVE_GETGRGID_R_5=1 -DHAVE_GETGRGID_R=1 -DHAVE_GETGRNAM_R_5=1 -DHAVE_GETGRNAM_R=1 -DHAVE_GETHOSTBYNAME_R_6=1 -DHAVE_GETHOSTBYNAME_R=1 -DHAVE_GETHOSTBYADDR_R_8=1 -DHAVE_GETHOSTBYADDR_R=1 -DUSE_TERMIOS=1 -DHAVE_SYS_TIME_H=1 -DTIME_WITH_SYS_TIME=1 -DHAVE_TM_ZONE=1 -DHAVE_GMTIME_R=1 -DHAVE_LOCALTIME_R=1 -DHAVE_TM_GMTOFF=1 -DHAVE_TIMEZONE_VAR=1 -DHAVE_ST_BLKSIZE=1 -DSTDC_HEADERS=1 -DNO_UNION_WAIT=1 -DHAVE_SIGNED_CHAR=1 -DHAVE_LANGINFO=1 -DHAVE_FTS=1 -DHAVE_SYS_IOCTL_H=1 -DHAVE_CPUID=1        -DTCL_SHLIB_EXT=\".so\"   /home/wb/Work/nGit/projects/solar_build_test/solar/old_root-9.0.1/lib_src/libtcl8.4/unix/../generic/tclPreserve.c
/usr/bin/gcc -c -O2  -pipe  -DTCL_DBGX= -Wall -fno-strict-aliasing -fPIC -I. -I/home/wb/Work/nGit/projects/solar_build_test/solar/old_root-9.0.1/lib_src/libtcl8.4/unix/../generic -I/home/wb/Work/nGit/projects/solar_build_test/solar/old_root-9.0.1/lib_src/libtcl8.4/unix -DHAVE_LIMITS_H=1 -DHAVE_UNISTD_H=1 -DHAVE_SYS_PARAM_H=1 -DUSE_THREAD_ALLOC=1 -D_REENTRANT=1 -D_THREAD_SAFE=1 -DHAVE_PTHREAD_ATTR_SETSTACKSIZE=1 -DHAVE_PTHREAD_ATFORK=1 -DTCL_THREADS=1 -DPEEK_XCLOSEIM=1 -DHAVE_CAST_TO_UNION=1 -DNDEBUG=1 -D_LARGEFILE64_SOURCE=1 -DTCL_WIDE_INT_IS_LONG=1 -DHAVE_GETCWD=1 -DHAVE_OPENDIR=1 -DHAVE_STRSTR=1 -DHAVE_STRTOL=1 -DHAVE_STRTOLL=1 -DHAVE_STRTOULL=1 -DHAVE_TMPNAM=1 -DHAVE_WAITPID=1 -DHAVE_GETPWUID_R_5=1 -DHAVE_GETPWUID_R=1 -DHAVE_GETPWNAM_R_5=1 -DHAVE_GETPWNAM_R=1 -DHAVE_GETGRGID_R_5=1 -DHAVE_GETGRGID_R=1 -DHAVE_GETGRNAM_R_5=1 -DHAVE_GETGRNAM_R=1 -DHAVE_GETHOSTBYNAME_R_6=1 -DHAVE_GETHOSTBYNAME_R=1 -DHAVE_GETHOSTBYADDR_R_8=1 -DHAVE_GETHOSTBYADDR_R=1 -DUSE_TERMIOS=1 -DHAVE_SYS_TIME_H=1 -DTIME_WITH_SYS_TIME=1 -DHAVE_TM_ZONE=1 -DHAVE_GMTIME_R=1 -DHAVE_LOCALTIME_R=1 -DHAVE_TM_GMTOFF=1 -DHAVE_TIMEZONE_VAR=1 -DHAVE_ST_BLKSIZE=1 -DSTDC_HEADERS=1 -DNO_UNION_WAIT=1 -DHAVE_SIGNED_CHAR=1 -DHAVE_LANGINFO=1 -DHAVE_FTS=1 -DHAVE_SYS_IOCTL_H=1 -DHAVE_CPUID=1        -DTCL_SHLIB_EXT=\".so\"   /home/wb/Work/nGit/projects/solar_build_test/solar/old_root-9.0.1/lib_src/libtcl8.4/unix/../generic/tclProc.c
/usr/bin/gcc -c -O2  -pipe  -DTCL_DBGX= -Wall -fno-strict-aliasing -fPIC -I. -I/home/wb/Work/nGit/projects/solar_build_test/solar/old_root-9.0.1/lib_src/libtcl8.4/unix/../generic -I/home/wb/Work/nGit/projects/solar_build_test/solar/old_root-9.0.1/lib_src/libtcl8.4/unix -DHAVE_LIMITS_H=1 -DHAVE_UNISTD_H=1 -DHAVE_SYS_PARAM_H=1 -DUSE_THREAD_ALLOC=1 -D_REENTRANT=1 -D_THREAD_SAFE=1 -DHAVE_PTHREAD_ATTR_SETSTACKSIZE=1 -DHAVE_PTHREAD_ATFORK=1 -DTCL_THREADS=1 -DPEEK_XCLOSEIM=1 -DHAVE_CAST_TO_UNION=1 -DNDEBUG=1 -D_LARGEFILE64_SOURCE=1 -DTCL_WIDE_INT_IS_LONG=1 -DHAVE_GETCWD=1 -DHAVE_OPENDIR=1 -DHAVE_STRSTR=1 -DHAVE_STRTOL=1 -DHAVE_STRTOLL=1 -DHAVE_STRTOULL=1 -DHAVE_TMPNAM=1 -DHAVE_WAITPID=1 -DHAVE_GETPWUID_R_5=1 -DHAVE_GETPWUID_R=1 -DHAVE_GETPWNAM_R_5=1 -DHAVE_GETPWNAM_R=1 -DHAVE_GETGRGID_R_5=1 -DHAVE_GETGRGID_R=1 -DHAVE_GETGRNAM_R_5=1 -DHAVE_GETGRNAM_R=1 -DHAVE_GETHOSTBYNAME_R_6=1 -DHAVE_GETHOSTBYNAME_R=1 -DHAVE_GETHOSTBYADDR_R_8=1 -DHAVE_GETHOSTBYADDR_R=1 -DUSE_TERMIOS=1 -DHAVE_SYS_TIME_H=1 -DTIME_WITH_SYS_TIME=1 -DHAVE_TM_ZONE=1 -DHAVE_GMTIME_R=1 -DHAVE_LOCALTIME_R=1 -DHAVE_TM_GMTOFF=1 -DHAVE_TIMEZONE_VAR=1 -DHAVE_ST_BLKSIZE=1 -DSTDC_HEADERS=1 -DNO_UNION_WAIT=1 -DHAVE_SIGNED_CHAR=1 -DHAVE_LANGINFO=1 -DHAVE_FTS=1 -DHAVE_SYS_IOCTL_H=1 -DHAVE_CPUID=1        -DTCL_SHLIB_EXT=\".so\"   /home/wb/Work/nGit/projects/solar_build_test/solar/old_root-9.0.1/lib_src/libtcl8.4/unix/../generic/tclRegexp.c
/usr/bin/gcc -c -O2  -pipe  -DTCL_DBGX= -Wall -fno-strict-aliasing -fPIC -I. -I/home/wb/Work/nGit/projects/solar_build_test/solar/old_root-9.0.1/lib_src/libtcl8.4/unix/../generic -I/home/wb/Work/nGit/projects/solar_build_test/solar/old_root-9.0.1/lib_src/libtcl8.4/unix -DHAVE_LIMITS_H=1 -DHAVE_UNISTD_H=1 -DHAVE_SYS_PARAM_H=1 -DUSE_THREAD_ALLOC=1 -D_REENTRANT=1 -D_THREAD_SAFE=1 -DHAVE_PTHREAD_ATTR_SETSTACKSIZE=1 -DHAVE_PTHREAD_ATFORK=1 -DTCL_THREADS=1 -DPEEK_XCLOSEIM=1 -DHAVE_CAST_TO_UNION=1 -DNDEBUG=1 -D_LARGEFILE64_SOURCE=1 -DTCL_WIDE_INT_IS_LONG=1 -DHAVE_GETCWD=1 -DHAVE_OPENDIR=1 -DHAVE_STRSTR=1 -DHAVE_STRTOL=1 -DHAVE_STRTOLL=1 -DHAVE_STRTOULL=1 -DHAVE_TMPNAM=1 -DHAVE_WAITPID=1 -DHAVE_GETPWUID_R_5=1 -DHAVE_GETPWUID_R=1 -DHAVE_GETPWNAM_R_5=1 -DHAVE_GETPWNAM_R=1 -DHAVE_GETGRGID_R_5=1 -DHAVE_GETGRGID_R=1 -DHAVE_GETGRNAM_R_5=1 -DHAVE_GETGRNAM_R=1 -DHAVE_GETHOSTBYNAME_R_6=1 -DHAVE_GETHOSTBYNAME_R=1 -DHAVE_GETHOSTBYADDR_R_8=1 -DHAVE_GETHOSTBYADDR_R=1 -DUSE_TERMIOS=1 -DHAVE_SYS_TIME_H=1 -DTIME_WITH_SYS_TIME=1 -DHAVE_TM_ZONE=1 -DHAVE_GMTIME_R=1 -DHAVE_LOCALTIME_R=1 -DHAVE_TM_GMTOFF=1 -DHAVE_TIMEZONE_VAR=1 -DHAVE_ST_BLKSIZE=1 -DSTDC_HEADERS=1 -DNO_UNION_WAIT=1 -DHAVE_SIGNED_CHAR=1 -DHAVE_LANGINFO=1 -DHAVE_FTS=1 -DHAVE_SYS_IOCTL_H=1 -DHAVE_CPUID=1        -DTCL_SHLIB_EXT=\".so\"   /home/wb/Work/nGit/projects/solar_build_test/solar/old_root-9.0.1/lib_src/libtcl8.4/unix/../generic/tclResolve.c
/usr/bin/gcc -c -O2  -pipe  -DTCL_DBGX= -Wall -fno-strict-aliasing -fPIC -I. -I/home/wb/Work/nGit/projects/solar_build_test/solar/old_root-9.0.1/lib_src/libtcl8.4/unix/../generic -I/home/wb/Work/nGit/projects/solar_build_test/solar/old_root-9.0.1/lib_src/libtcl8.4/unix -DHAVE_LIMITS_H=1 -DHAVE_UNISTD_H=1 -DHAVE_SYS_PARAM_H=1 -DUSE_THREAD_ALLOC=1 -D_REENTRANT=1 -D_THREAD_SAFE=1 -DHAVE_PTHREAD_ATTR_SETSTACKSIZE=1 -DHAVE_PTHREAD_ATFORK=1 -DTCL_THREADS=1 -DPEEK_XCLOSEIM=1 -DHAVE_CAST_TO_UNION=1 -DNDEBUG=1 -D_LARGEFILE64_SOURCE=1 -DTCL_WIDE_INT_IS_LONG=1 -DHAVE_GETCWD=1 -DHAVE_OPENDIR=1 -DHAVE_STRSTR=1 -DHAVE_STRTOL=1 -DHAVE_STRTOLL=1 -DHAVE_STRTOULL=1 -DHAVE_TMPNAM=1 -DHAVE_WAITPID=1 -DHAVE_GETPWUID_R_5=1 -DHAVE_GETPWUID_R=1 -DHAVE_GETPWNAM_R_5=1 -DHAVE_GETPWNAM_R=1 -DHAVE_GETGRGID_R_5=1 -DHAVE_GETGRGID_R=1 -DHAVE_GETGRNAM_R_5=1 -DHAVE_GETGRNAM_R=1 -DHAVE_GETHOSTBYNAME_R_6=1 -DHAVE_GETHOSTBYNAME_R=1 -DHAVE_GETHOSTBYADDR_R_8=1 -DHAVE_GETHOSTBYADDR_R=1 -DUSE_TERMIOS=1 -DHAVE_SYS_TIME_H=1 -DTIME_WITH_SYS_TIME=1 -DHAVE_TM_ZONE=1 -DHAVE_GMTIME_R=1 -DHAVE_LOCALTIME_R=1 -DHAVE_TM_GMTOFF=1 -DHAVE_TIMEZONE_VAR=1 -DHAVE_ST_BLKSIZE=1 -DSTDC_HEADERS=1 -DNO_UNION_WAIT=1 -DHAVE_SIGNED_CHAR=1 -DHAVE_LANGINFO=1 -DHAVE_FTS=1 -DHAVE_SYS_IOCTL_H=1 -DHAVE_CPUID=1        -DTCL_SHLIB_EXT=\".so\"   /home/wb/Work/nGit/projects/solar_build_test/solar/old_root-9.0.1/lib_src/libtcl8.4/unix/../generic/tclResult.c
/usr/bin/gcc -c -O2  -pipe  -DTCL_DBGX= -Wall -fno-strict-aliasing -fPIC -I. -I/home/wb/Work/nGit/projects/solar_build_test/solar/old_root-9.0.1/lib_src/libtcl8.4/unix/../generic -I/home/wb/Work/nGit/projects/solar_build_test/solar/old_root-9.0.1/lib_src/libtcl8.4/unix -DHAVE_LIMITS_H=1 -DHAVE_UNISTD_H=1 -DHAVE_SYS_PARAM_H=1 -DUSE_THREAD_ALLOC=1 -D_REENTRANT=1 -D_THREAD_SAFE=1 -DHAVE_PTHREAD_ATTR_SETSTACKSIZE=1 -DHAVE_PTHREAD_ATFORK=1 -DTCL_THREADS=1 -DPEEK_XCLOSEIM=1 -DHAVE_CAST_TO_UNION=1 -DNDEBUG=1 -D_LARGEFILE64_SOURCE=1 -DTCL_WIDE_INT_IS_LONG=1 -DHAVE_GETCWD=1 -DHAVE_OPENDIR=1 -DHAVE_STRSTR=1 -DHAVE_STRTOL=1 -DHAVE_STRTOLL=1 -DHAVE_STRTOULL=1 -DHAVE_TMPNAM=1 -DHAVE_WAITPID=1 -DHAVE_GETPWUID_R_5=1 -DHAVE_GETPWUID_R=1 -DHAVE_GETPWNAM_R_5=1 -DHAVE_GETPWNAM_R=1 -DHAVE_GETGRGID_R_5=1 -DHAVE_GETGRGID_R=1 -DHAVE_GETGRNAM_R_5=1 -DHAVE_GETGRNAM_R=1 -DHAVE_GETHOSTBYNAME_R_6=1 -DHAVE_GETHOSTBYNAME_R=1 -DHAVE_GETHOSTBYADDR_R_8=1 -DHAVE_GETHOSTBYADDR_R=1 -DUSE_TERMIOS=1 -DHAVE_SYS_TIME_H=1 -DTIME_WITH_SYS_TIME=1 -DHAVE_TM_ZONE=1 -DHAVE_GMTIME_R=1 -DHAVE_LOCALTIME_R=1 -DHAVE_TM_GMTOFF=1 -DHAVE_TIMEZONE_VAR=1 -DHAVE_ST_BLKSIZE=1 -DSTDC_HEADERS=1 -DNO_UNION_WAIT=1 -DHAVE_SIGNED_CHAR=1 -DHAVE_LANGINFO=1 -DHAVE_FTS=1 -DHAVE_SYS_IOCTL_H=1 -DHAVE_CPUID=1        -DTCL_SHLIB_EXT=\".so\"   /home/wb/Work/nGit/projects/solar_build_test/solar/old_root-9.0.1/lib_src/libtcl8.4/unix/../generic/tclScan.c
/usr/bin/gcc -c -O2  -pipe  -DTCL_DBGX= -Wall -fno-strict-aliasing -fPIC -I. -I/home/wb/Work/nGit/projects/solar_build_test/solar/old_root-9.0.1/lib_src/libtcl8.4/unix/../generic -I/home/wb/Work/nGit/projects/solar_build_test/solar/old_root-9.0.1/lib_src/libtcl8.4/unix -DHAVE_LIMITS_H=1 -DHAVE_UNISTD_H=1 -DHAVE_SYS_PARAM_H=1 -DUSE_THREAD_ALLOC=1 -D_REENTRANT=1 -D_THREAD_SAFE=1 -DHAVE_PTHREAD_ATTR_SETSTACKSIZE=1 -DHAVE_PTHREAD_ATFORK=1 -DTCL_THREADS=1 -DPEEK_XCLOSEIM=1 -DHAVE_CAST_TO_UNION=1 -DNDEBUG=1 -D_LARGEFILE64_SOURCE=1 -DTCL_WIDE_INT_IS_LONG=1 -DHAVE_GETCWD=1 -DHAVE_OPENDIR=1 -DHAVE_STRSTR=1 -DHAVE_STRTOL=1 -DHAVE_STRTOLL=1 -DHAVE_STRTOULL=1 -DHAVE_TMPNAM=1 -DHAVE_WAITPID=1 -DHAVE_GETPWUID_R_5=1 -DHAVE_GETPWUID_R=1 -DHAVE_GETPWNAM_R_5=1 -DHAVE_GETPWNAM_R=1 -DHAVE_GETGRGID_R_5=1 -DHAVE_GETGRGID_R=1 -DHAVE_GETGRNAM_R_5=1 -DHAVE_GETGRNAM_R=1 -DHAVE_GETHOSTBYNAME_R_6=1 -DHAVE_GETHOSTBYNAME_R=1 -DHAVE_GETHOSTBYADDR_R_8=1 -DHAVE_GETHOSTBYADDR_R=1 -DUSE_TERMIOS=1 -DHAVE_SYS_TIME_H=1 -DTIME_WITH_SYS_TIME=1 -DHAVE_TM_ZONE=1 -DHAVE_GMTIME_R=1 -DHAVE_LOCALTIME_R=1 -DHAVE_TM_GMTOFF=1 -DHAVE_TIMEZONE_VAR=1 -DHAVE_ST_BLKSIZE=1 -DSTDC_HEADERS=1 -DNO_UNION_WAIT=1 -DHAVE_SIGNED_CHAR=1 -DHAVE_LANGINFO=1 -DHAVE_FTS=1 -DHAVE_SYS_IOCTL_H=1 -DHAVE_CPUID=1        -DTCL_SHLIB_EXT=\".so\"   /home/wb/Work/nGit/projects/solar_build_test/solar/old_root-9.0.1/lib_src/libtcl8.4/unix/../generic/tclStringObj.c
In file included from /home/wb/Work/nGit/projects/solar_build_test/solar/old_root-9.0.1/lib_src/libtcl8.4/unix/../generic/tclInt.h:31,
                 from /home/wb/Work/nGit/projects/solar_build_test/solar/old_root-9.0.1/lib_src/libtcl8.4/unix/../generic/tclStringObj.c:37:
/home/wb/Work/nGit/projects/solar_build_test/solar/old_root-9.0.1/lib_src/libtcl8.4/unix/../generic/tclStringObj.c: In function ‘GrowUnicodeBuffer’:
/home/wb/Work/nGit/projects/solar_build_test/solar/old_root-9.0.1/lib_src/libtcl8.4/unix/../generic/tclStringObj.c:111:21: warning: ‘*’ in boolean context, suggest ‘&&’ instead [-Wint-in-bool-context]
  111 |         ((numChars) * sizeof(Tcl_UniChar))
      |                     ^
/home/wb/Work/nGit/projects/solar_build_test/solar/old_root-9.0.1/lib_src/libtcl8.4/unix/../generic/tcl.h:1540:55: note: in definition of macro ‘attemptckrealloc’
 1540 | #   define attemptckrealloc(x,y) Tcl_AttemptRealloc(x,y)
      |                                                       ^
/home/wb/Work/nGit/projects/solar_build_test/solar/old_root-9.0.1/lib_src/libtcl8.4/unix/../generic/tclStringObj.c:126:28: note: in expansion of macro ‘STRING_SIZE’
  126 |                 (unsigned) STRING_SIZE(STRING_UALLOC(numChars)) )
      |                            ^~~~~~~~~~~
/home/wb/Work/nGit/projects/solar_build_test/solar/old_root-9.0.1/lib_src/libtcl8.4/unix/../generic/tclStringObj.c:126:40: note: in expansion of macro ‘STRING_UALLOC’
  126 |                 (unsigned) STRING_SIZE(STRING_UALLOC(numChars)) )
      |                                        ^~~~~~~~~~~~~
/home/wb/Work/nGit/projects/solar_build_test/solar/old_root-9.0.1/lib_src/libtcl8.4/unix/../generic/tclStringObj.c:187:19: note: in expansion of macro ‘stringAttemptRealloc’
  187 |             ptr = stringAttemptRealloc(stringPtr, attempt);
      |                   ^~~~~~~~~~~~~~~~~~~~
/home/wb/Work/nGit/projects/solar_build_test/solar/old_root-9.0.1/lib_src/libtcl8.4/unix/../generic/tclStringObj.c:111:21: warning: ‘*’ in boolean context, suggest ‘&&’ instead [-Wint-in-bool-context]
  111 |         ((numChars) * sizeof(Tcl_UniChar))
      |                     ^
/home/wb/Work/nGit/projects/solar_build_test/solar/old_root-9.0.1/lib_src/libtcl8.4/unix/../generic/tcl.h:1540:55: note: in definition of macro ‘attemptckrealloc’
 1540 | #   define attemptckrealloc(x,y) Tcl_AttemptRealloc(x,y)
      |                                                       ^
/home/wb/Work/nGit/projects/solar_build_test/solar/old_root-9.0.1/lib_src/libtcl8.4/unix/../generic/tclStringObj.c:126:28: note: in expansion of macro ‘STRING_SIZE’
  126 |                 (unsigned) STRING_SIZE(STRING_UALLOC(numChars)) )
      |                            ^~~~~~~~~~~
/home/wb/Work/nGit/projects/solar_build_test/solar/old_root-9.0.1/lib_src/libtcl8.4/unix/../generic/tclStringObj.c:126:40: note: in expansion of macro ‘STRING_UALLOC’
  126 |                 (unsigned) STRING_SIZE(STRING_UALLOC(numChars)) )
      |                                        ^~~~~~~~~~~~~
/home/wb/Work/nGit/projects/solar_build_test/solar/old_root-9.0.1/lib_src/libtcl8.4/unix/../generic/tclStringObj.c:199:19: note: in expansion of macro ‘stringAttemptRealloc’
  199 |             ptr = stringAttemptRealloc(stringPtr, attempt);
      |                   ^~~~~~~~~~~~~~~~~~~~
/home/wb/Work/nGit/projects/solar_build_test/solar/old_root-9.0.1/lib_src/libtcl8.4/unix/../generic/tclStringObj.c:111:21: warning: ‘*’ in boolean context, suggest ‘&&’ instead [-Wint-in-bool-context]
  111 |         ((numChars) * sizeof(Tcl_UniChar))
      |                     ^
/home/wb/Work/nGit/projects/solar_build_test/solar/old_root-9.0.1/lib_src/libtcl8.4/unix/../generic/tcl.h:1538:41: note: in definition of macro ‘ckrealloc’
 1538 | #   define ckrealloc(x,y) Tcl_Realloc(x,y)
      |                                         ^
/home/wb/Work/nGit/projects/solar_build_test/solar/old_root-9.0.1/lib_src/libtcl8.4/unix/../generic/tclStringObj.c:123:28: note: in expansion of macro ‘STRING_SIZE’
  123 |                 (unsigned) STRING_SIZE(STRING_UALLOC(numChars)) )
      |                            ^~~~~~~~~~~
/home/wb/Work/nGit/projects/solar_build_test/solar/old_root-9.0.1/lib_src/libtcl8.4/unix/../generic/tclStringObj.c:123:40: note: in expansion of macro ‘STRING_UALLOC’
  123 |                 (unsigned) STRING_SIZE(STRING_UALLOC(numChars)) )
      |                                        ^~~~~~~~~~~~~
/home/wb/Work/nGit/projects/solar_build_test/solar/old_root-9.0.1/lib_src/libtcl8.4/unix/../generic/tclStringObj.c:205:15: note: in expansion of macro ‘stringRealloc’
  205 |         ptr = stringRealloc(stringPtr, attempt);
      |               ^~~~~~~~~~~~~
/home/wb/Work/nGit/projects/solar_build_test/solar/old_root-9.0.1/lib_src/libtcl8.4/unix/../generic/tclStringObj.c: In function ‘Tcl_SetObjLength’:
/home/wb/Work/nGit/projects/solar_build_test/solar/old_root-9.0.1/lib_src/libtcl8.4/unix/../generic/tclStringObj.c:111:21: warning: ‘*’ in boolean context, suggest ‘&&’ instead [-Wint-in-bool-context]
  111 |         ((numChars) * sizeof(Tcl_UniChar))
      |                     ^
/home/wb/Work/nGit/projects/solar_build_test/solar/old_root-9.0.1/lib_src/libtcl8.4/unix/../generic/tcl.h:1538:41: note: in definition of macro ‘ckrealloc’
 1538 | #   define ckrealloc(x,y) Tcl_Realloc(x,y)
      |                                         ^
/home/wb/Work/nGit/projects/solar_build_test/solar/old_root-9.0.1/lib_src/libtcl8.4/unix/../generic/tclStringObj.c:123:28: note: in expansion of macro ‘STRING_SIZE’
  123 |                 (unsigned) STRING_SIZE(STRING_UALLOC(numChars)) )
      |                            ^~~~~~~~~~~
/home/wb/Work/nGit/projects/solar_build_test/solar/old_root-9.0.1/lib_src/libtcl8.4/unix/../generic/tclStringObj.c:123:40: note: in expansion of macro ‘STRING_UALLOC’
  123 |                 (unsigned) STRING_SIZE(STRING_UALLOC(numChars)) )
      |                                        ^~~~~~~~~~~~~
/home/wb/Work/nGit/projects/solar_build_test/solar/old_root-9.0.1/lib_src/libtcl8.4/unix/../generic/tclStringObj.c:855:25: note: in expansion of macro ‘stringRealloc’
  855 |             stringPtr = stringRealloc(stringPtr, length);
      |                         ^~~~~~~~~~~~~
/home/wb/Work/nGit/projects/solar_build_test/solar/old_root-9.0.1/lib_src/libtcl8.4/unix/../generic/tclStringObj.c: In function ‘Tcl_AttemptSetObjLength’:
/home/wb/Work/nGit/projects/solar_build_test/solar/old_root-9.0.1/lib_src/libtcl8.4/unix/../generic/tclStringObj.c:111:21: warning: ‘*’ in boolean context, suggest ‘&&’ instead [-Wint-in-bool-context]
  111 |         ((numChars) * sizeof(Tcl_UniChar))
      |                     ^
/home/wb/Work/nGit/projects/solar_build_test/solar/old_root-9.0.1/lib_src/libtcl8.4/unix/../generic/tcl.h:1540:55: note: in definition of macro ‘attemptckrealloc’
 1540 | #   define attemptckrealloc(x,y) Tcl_AttemptRealloc(x,y)
      |                                                       ^
/home/wb/Work/nGit/projects/solar_build_test/solar/old_root-9.0.1/lib_src/libtcl8.4/unix/../generic/tclStringObj.c:126:28: note: in expansion of macro ‘STRING_SIZE’
  126 |                 (unsigned) STRING_SIZE(STRING_UALLOC(numChars)) )
      |                            ^~~~~~~~~~~
/home/wb/Work/nGit/projects/solar_build_test/solar/old_root-9.0.1/lib_src/libtcl8.4/unix/../generic/tclStringObj.c:126:40: note: in expansion of macro ‘STRING_UALLOC’
  126 |                 (unsigned) STRING_SIZE(STRING_UALLOC(numChars)) )
      |                                        ^~~~~~~~~~~~~
/home/wb/Work/nGit/projects/solar_build_test/solar/old_root-9.0.1/lib_src/libtcl8.4/unix/../generic/tclStringObj.c:966:25: note: in expansion of macro ‘stringAttemptRealloc’
  966 |             stringPtr = stringAttemptRealloc(stringPtr, length);
      |                         ^~~~~~~~~~~~~~~~~~~~
/usr/bin/gcc -c -O2  -pipe  -DTCL_DBGX= -Wall -fno-strict-aliasing -fPIC -I. -I/home/wb/Work/nGit/projects/solar_build_test/solar/old_root-9.0.1/lib_src/libtcl8.4/unix/../generic -I/home/wb/Work/nGit/projects/solar_build_test/solar/old_root-9.0.1/lib_src/libtcl8.4/unix -DHAVE_LIMITS_H=1 -DHAVE_UNISTD_H=1 -DHAVE_SYS_PARAM_H=1 -DUSE_THREAD_ALLOC=1 -D_REENTRANT=1 -D_THREAD_SAFE=1 -DHAVE_PTHREAD_ATTR_SETSTACKSIZE=1 -DHAVE_PTHREAD_ATFORK=1 -DTCL_THREADS=1 -DPEEK_XCLOSEIM=1 -DHAVE_CAST_TO_UNION=1 -DNDEBUG=1 -D_LARGEFILE64_SOURCE=1 -DTCL_WIDE_INT_IS_LONG=1 -DHAVE_GETCWD=1 -DHAVE_OPENDIR=1 -DHAVE_STRSTR=1 -DHAVE_STRTOL=1 -DHAVE_STRTOLL=1 -DHAVE_STRTOULL=1 -DHAVE_TMPNAM=1 -DHAVE_WAITPID=1 -DHAVE_GETPWUID_R_5=1 -DHAVE_GETPWUID_R=1 -DHAVE_GETPWNAM_R_5=1 -DHAVE_GETPWNAM_R=1 -DHAVE_GETGRGID_R_5=1 -DHAVE_GETGRGID_R=1 -DHAVE_GETGRNAM_R_5=1 -DHAVE_GETGRNAM_R=1 -DHAVE_GETHOSTBYNAME_R_6=1 -DHAVE_GETHOSTBYNAME_R=1 -DHAVE_GETHOSTBYADDR_R_8=1 -DHAVE_GETHOSTBYADDR_R=1 -DUSE_TERMIOS=1 -DHAVE_SYS_TIME_H=1 -DTIME_WITH_SYS_TIME=1 -DHAVE_TM_ZONE=1 -DHAVE_GMTIME_R=1 -DHAVE_LOCALTIME_R=1 -DHAVE_TM_GMTOFF=1 -DHAVE_TIMEZONE_VAR=1 -DHAVE_ST_BLKSIZE=1 -DSTDC_HEADERS=1 -DNO_UNION_WAIT=1 -DHAVE_SIGNED_CHAR=1 -DHAVE_LANGINFO=1 -DHAVE_FTS=1 -DHAVE_SYS_IOCTL_H=1 -DHAVE_CPUID=1        -DTCL_SHLIB_EXT=\".so\"   /home/wb/Work/nGit/projects/solar_build_test/solar/old_root-9.0.1/lib_src/libtcl8.4/unix/../generic/tclThread.c
/usr/bin/gcc -c -O2  -pipe  -DTCL_DBGX= -Wall -fno-strict-aliasing -fPIC -I. -I/home/wb/Work/nGit/projects/solar_build_test/solar/old_root-9.0.1/lib_src/libtcl8.4/unix/../generic -I/home/wb/Work/nGit/projects/solar_build_test/solar/old_root-9.0.1/lib_src/libtcl8.4/unix -DHAVE_LIMITS_H=1 -DHAVE_UNISTD_H=1 -DHAVE_SYS_PARAM_H=1 -DUSE_THREAD_ALLOC=1 -D_REENTRANT=1 -D_THREAD_SAFE=1 -DHAVE_PTHREAD_ATTR_SETSTACKSIZE=1 -DHAVE_PTHREAD_ATFORK=1 -DTCL_THREADS=1 -DPEEK_XCLOSEIM=1 -DHAVE_CAST_TO_UNION=1 -DNDEBUG=1 -D_LARGEFILE64_SOURCE=1 -DTCL_WIDE_INT_IS_LONG=1 -DHAVE_GETCWD=1 -DHAVE_OPENDIR=1 -DHAVE_STRSTR=1 -DHAVE_STRTOL=1 -DHAVE_STRTOLL=1 -DHAVE_STRTOULL=1 -DHAVE_TMPNAM=1 -DHAVE_WAITPID=1 -DHAVE_GETPWUID_R_5=1 -DHAVE_GETPWUID_R=1 -DHAVE_GETPWNAM_R_5=1 -DHAVE_GETPWNAM_R=1 -DHAVE_GETGRGID_R_5=1 -DHAVE_GETGRGID_R=1 -DHAVE_GETGRNAM_R_5=1 -DHAVE_GETGRNAM_R=1 -DHAVE_GETHOSTBYNAME_R_6=1 -DHAVE_GETHOSTBYNAME_R=1 -DHAVE_GETHOSTBYADDR_R_8=1 -DHAVE_GETHOSTBYADDR_R=1 -DUSE_TERMIOS=1 -DHAVE_SYS_TIME_H=1 -DTIME_WITH_SYS_TIME=1 -DHAVE_TM_ZONE=1 -DHAVE_GMTIME_R=1 -DHAVE_LOCALTIME_R=1 -DHAVE_TM_GMTOFF=1 -DHAVE_TIMEZONE_VAR=1 -DHAVE_ST_BLKSIZE=1 -DSTDC_HEADERS=1 -DNO_UNION_WAIT=1 -DHAVE_SIGNED_CHAR=1 -DHAVE_LANGINFO=1 -DHAVE_FTS=1 -DHAVE_SYS_IOCTL_H=1 -DHAVE_CPUID=1        -DTCL_SHLIB_EXT=\".so\"   /home/wb/Work/nGit/projects/solar_build_test/solar/old_root-9.0.1/lib_src/libtcl8.4/unix/../generic/tclThreadAlloc.c
/home/wb/Work/nGit/projects/solar_build_test/solar/old_root-9.0.1/lib_src/libtcl8.4/unix/../generic/tclThreadAlloc.c: In function ‘Tcl_GetMemoryInfo’:
/home/wb/Work/nGit/projects/solar_build_test/solar/old_root-9.0.1/lib_src/libtcl8.4/unix/../generic/tclThreadAlloc.c:664:38: warning: cast from pointer to integer of different size [-Wpointer-to-int-cast]
  664 |             sprintf(buf, "thread%d", (int) cachePtr->owner);
      |                                      ^
/usr/bin/gcc -c -O2  -pipe  -DTCL_DBGX= -Wall -fno-strict-aliasing -fPIC -I. -I/home/wb/Work/nGit/projects/solar_build_test/solar/old_root-9.0.1/lib_src/libtcl8.4/unix/../generic -I/home/wb/Work/nGit/projects/solar_build_test/solar/old_root-9.0.1/lib_src/libtcl8.4/unix -DHAVE_LIMITS_H=1 -DHAVE_UNISTD_H=1 -DHAVE_SYS_PARAM_H=1 -DUSE_THREAD_ALLOC=1 -D_REENTRANT=1 -D_THREAD_SAFE=1 -DHAVE_PTHREAD_ATTR_SETSTACKSIZE=1 -DHAVE_PTHREAD_ATFORK=1 -DTCL_THREADS=1 -DPEEK_XCLOSEIM=1 -DHAVE_CAST_TO_UNION=1 -DNDEBUG=1 -D_LARGEFILE64_SOURCE=1 -DTCL_WIDE_INT_IS_LONG=1 -DHAVE_GETCWD=1 -DHAVE_OPENDIR=1 -DHAVE_STRSTR=1 -DHAVE_STRTOL=1 -DHAVE_STRTOLL=1 -DHAVE_STRTOULL=1 -DHAVE_TMPNAM=1 -DHAVE_WAITPID=1 -DHAVE_GETPWUID_R_5=1 -DHAVE_GETPWUID_R=1 -DHAVE_GETPWNAM_R_5=1 -DHAVE_GETPWNAM_R=1 -DHAVE_GETGRGID_R_5=1 -DHAVE_GETGRGID_R=1 -DHAVE_GETGRNAM_R_5=1 -DHAVE_GETGRNAM_R=1 -DHAVE_GETHOSTBYNAME_R_6=1 -DHAVE_GETHOSTBYNAME_R=1 -DHAVE_GETHOSTBYADDR_R_8=1 -DHAVE_GETHOSTBYADDR_R=1 -DUSE_TERMIOS=1 -DHAVE_SYS_TIME_H=1 -DTIME_WITH_SYS_TIME=1 -DHAVE_TM_ZONE=1 -DHAVE_GMTIME_R=1 -DHAVE_LOCALTIME_R=1 -DHAVE_TM_GMTOFF=1 -DHAVE_TIMEZONE_VAR=1 -DHAVE_ST_BLKSIZE=1 -DSTDC_HEADERS=1 -DNO_UNION_WAIT=1 -DHAVE_SIGNED_CHAR=1 -DHAVE_LANGINFO=1 -DHAVE_FTS=1 -DHAVE_SYS_IOCTL_H=1 -DHAVE_CPUID=1        -DTCL_SHLIB_EXT=\".so\"   /home/wb/Work/nGit/projects/solar_build_test/solar/old_root-9.0.1/lib_src/libtcl8.4/unix/../generic/tclThreadJoin.c
/usr/bin/gcc -c -O2  -pipe  -DTCL_DBGX= -Wall -fno-strict-aliasing -fPIC -I. -I/home/wb/Work/nGit/projects/solar_build_test/solar/old_root-9.0.1/lib_src/libtcl8.4/unix/../generic -I/home/wb/Work/nGit/projects/solar_build_test/solar/old_root-9.0.1/lib_src/libtcl8.4/unix -DHAVE_LIMITS_H=1 -DHAVE_UNISTD_H=1 -DHAVE_SYS_PARAM_H=1 -DUSE_THREAD_ALLOC=1 -D_REENTRANT=1 -D_THREAD_SAFE=1 -DHAVE_PTHREAD_ATTR_SETSTACKSIZE=1 -DHAVE_PTHREAD_ATFORK=1 -DTCL_THREADS=1 -DPEEK_XCLOSEIM=1 -DHAVE_CAST_TO_UNION=1 -DNDEBUG=1 -D_LARGEFILE64_SOURCE=1 -DTCL_WIDE_INT_IS_LONG=1 -DHAVE_GETCWD=1 -DHAVE_OPENDIR=1 -DHAVE_STRSTR=1 -DHAVE_STRTOL=1 -DHAVE_STRTOLL=1 -DHAVE_STRTOULL=1 -DHAVE_TMPNAM=1 -DHAVE_WAITPID=1 -DHAVE_GETPWUID_R_5=1 -DHAVE_GETPWUID_R=1 -DHAVE_GETPWNAM_R_5=1 -DHAVE_GETPWNAM_R=1 -DHAVE_GETGRGID_R_5=1 -DHAVE_GETGRGID_R=1 -DHAVE_GETGRNAM_R_5=1 -DHAVE_GETGRNAM_R=1 -DHAVE_GETHOSTBYNAME_R_6=1 -DHAVE_GETHOSTBYNAME_R=1 -DHAVE_GETHOSTBYADDR_R_8=1 -DHAVE_GETHOSTBYADDR_R=1 -DUSE_TERMIOS=1 -DHAVE_SYS_TIME_H=1 -DTIME_WITH_SYS_TIME=1 -DHAVE_TM_ZONE=1 -DHAVE_GMTIME_R=1 -DHAVE_LOCALTIME_R=1 -DHAVE_TM_GMTOFF=1 -DHAVE_TIMEZONE_VAR=1 -DHAVE_ST_BLKSIZE=1 -DSTDC_HEADERS=1 -DNO_UNION_WAIT=1 -DHAVE_SIGNED_CHAR=1 -DHAVE_LANGINFO=1 -DHAVE_FTS=1 -DHAVE_SYS_IOCTL_H=1 -DHAVE_CPUID=1        -DTCL_SHLIB_EXT=\".so\"   /home/wb/Work/nGit/projects/solar_build_test/solar/old_root-9.0.1/lib_src/libtcl8.4/unix/../generic/tclStubInit.c
/usr/bin/gcc -c -O2  -pipe  -DTCL_DBGX= -Wall -fno-strict-aliasing -fPIC -I. -I/home/wb/Work/nGit/projects/solar_build_test/solar/old_root-9.0.1/lib_src/libtcl8.4/unix/../generic -I/home/wb/Work/nGit/projects/solar_build_test/solar/old_root-9.0.1/lib_src/libtcl8.4/unix -DHAVE_LIMITS_H=1 -DHAVE_UNISTD_H=1 -DHAVE_SYS_PARAM_H=1 -DUSE_THREAD_ALLOC=1 -D_REENTRANT=1 -D_THREAD_SAFE=1 -DHAVE_PTHREAD_ATTR_SETSTACKSIZE=1 -DHAVE_PTHREAD_ATFORK=1 -DTCL_THREADS=1 -DPEEK_XCLOSEIM=1 -DHAVE_CAST_TO_UNION=1 -DNDEBUG=1 -D_LARGEFILE64_SOURCE=1 -DTCL_WIDE_INT_IS_LONG=1 -DHAVE_GETCWD=1 -DHAVE_OPENDIR=1 -DHAVE_STRSTR=1 -DHAVE_STRTOL=1 -DHAVE_STRTOLL=1 -DHAVE_STRTOULL=1 -DHAVE_TMPNAM=1 -DHAVE_WAITPID=1 -DHAVE_GETPWUID_R_5=1 -DHAVE_GETPWUID_R=1 -DHAVE_GETPWNAM_R_5=1 -DHAVE_GETPWNAM_R=1 -DHAVE_GETGRGID_R_5=1 -DHAVE_GETGRGID_R=1 -DHAVE_GETGRNAM_R_5=1 -DHAVE_GETGRNAM_R=1 -DHAVE_GETHOSTBYNAME_R_6=1 -DHAVE_GETHOSTBYNAME_R=1 -DHAVE_GETHOSTBYADDR_R_8=1 -DHAVE_GETHOSTBYADDR_R=1 -DUSE_TERMIOS=1 -DHAVE_SYS_TIME_H=1 -DTIME_WITH_SYS_TIME=1 -DHAVE_TM_ZONE=1 -DHAVE_GMTIME_R=1 -DHAVE_LOCALTIME_R=1 -DHAVE_TM_GMTOFF=1 -DHAVE_TIMEZONE_VAR=1 -DHAVE_ST_BLKSIZE=1 -DSTDC_HEADERS=1 -DNO_UNION_WAIT=1 -DHAVE_SIGNED_CHAR=1 -DHAVE_LANGINFO=1 -DHAVE_FTS=1 -DHAVE_SYS_IOCTL_H=1 -DHAVE_CPUID=1        -DTCL_SHLIB_EXT=\".so\"  /home/wb/Work/nGit/projects/solar_build_test/solar/old_root-9.0.1/lib_src/libtcl8.4/unix/../generic/tclStubLib.c
/usr/bin/gcc -c -O2  -pipe  -DTCL_DBGX= -Wall -fno-strict-aliasing -fPIC -I. -I/home/wb/Work/nGit/projects/solar_build_test/solar/old_root-9.0.1/lib_src/libtcl8.4/unix/../generic -I/home/wb/Work/nGit/projects/solar_build_test/solar/old_root-9.0.1/lib_src/libtcl8.4/unix -DHAVE_LIMITS_H=1 -DHAVE_UNISTD_H=1 -DHAVE_SYS_PARAM_H=1 -DUSE_THREAD_ALLOC=1 -D_REENTRANT=1 -D_THREAD_SAFE=1 -DHAVE_PTHREAD_ATTR_SETSTACKSIZE=1 -DHAVE_PTHREAD_ATFORK=1 -DTCL_THREADS=1 -DPEEK_XCLOSEIM=1 -DHAVE_CAST_TO_UNION=1 -DNDEBUG=1 -D_LARGEFILE64_SOURCE=1 -DTCL_WIDE_INT_IS_LONG=1 -DHAVE_GETCWD=1 -DHAVE_OPENDIR=1 -DHAVE_STRSTR=1 -DHAVE_STRTOL=1 -DHAVE_STRTOLL=1 -DHAVE_STRTOULL=1 -DHAVE_TMPNAM=1 -DHAVE_WAITPID=1 -DHAVE_GETPWUID_R_5=1 -DHAVE_GETPWUID_R=1 -DHAVE_GETPWNAM_R_5=1 -DHAVE_GETPWNAM_R=1 -DHAVE_GETGRGID_R_5=1 -DHAVE_GETGRGID_R=1 -DHAVE_GETGRNAM_R_5=1 -DHAVE_GETGRNAM_R=1 -DHAVE_GETHOSTBYNAME_R_6=1 -DHAVE_GETHOSTBYNAME_R=1 -DHAVE_GETHOSTBYADDR_R_8=1 -DHAVE_GETHOSTBYADDR_R=1 -DUSE_TERMIOS=1 -DHAVE_SYS_TIME_H=1 -DTIME_WITH_SYS_TIME=1 -DHAVE_TM_ZONE=1 -DHAVE_GMTIME_R=1 -DHAVE_LOCALTIME_R=1 -DHAVE_TM_GMTOFF=1 -DHAVE_TIMEZONE_VAR=1 -DHAVE_ST_BLKSIZE=1 -DSTDC_HEADERS=1 -DNO_UNION_WAIT=1 -DHAVE_SIGNED_CHAR=1 -DHAVE_LANGINFO=1 -DHAVE_FTS=1 -DHAVE_SYS_IOCTL_H=1 -DHAVE_CPUID=1        -DTCL_SHLIB_EXT=\".so\"   /home/wb/Work/nGit/projects/solar_build_test/solar/old_root-9.0.1/lib_src/libtcl8.4/unix/../generic/tclTimer.c
/home/wb/Work/nGit/projects/solar_build_test/solar/old_root-9.0.1/lib_src/libtcl8.4/unix/../generic/tclTimer.c: In function ‘Tcl_CreateTimerHandler’:
/home/wb/Work/nGit/projects/solar_build_test/solar/old_root-9.0.1/lib_src/libtcl8.4/unix/../generic/tclTimer.c:252:30: warning: cast to pointer from integer of different size [-Wint-to-pointer-cast]
  252 |     timerHandlerPtr->token = (Tcl_TimerToken) tsdPtr->lastTimerId;
      |                              ^
/home/wb/Work/nGit/projects/solar_build_test/solar/old_root-9.0.1/lib_src/libtcl8.4/unix/../generic/tclTimer.c: In function ‘TimerHandlerEventProc’:
/home/wb/Work/nGit/projects/solar_build_test/solar/old_root-9.0.1/lib_src/libtcl8.4/unix/../generic/tclTimer.c:534:31: warning: cast from pointer to integer of different size [-Wpointer-to-int-cast]
  534 |         if ((currentTimerId - (int)timerHandlerPtr->token) < 0) {
      |                               ^
/usr/bin/gcc -c -O2  -pipe  -DTCL_DBGX= -Wall -fno-strict-aliasing -fPIC -I. -I/home/wb/Work/nGit/projects/solar_build_test/solar/old_root-9.0.1/lib_src/libtcl8.4/unix/../generic -I/home/wb/Work/nGit/projects/solar_build_test/solar/old_root-9.0.1/lib_src/libtcl8.4/unix -DHAVE_LIMITS_H=1 -DHAVE_UNISTD_H=1 -DHAVE_SYS_PARAM_H=1 -DUSE_THREAD_ALLOC=1 -D_REENTRANT=1 -D_THREAD_SAFE=1 -DHAVE_PTHREAD_ATTR_SETSTACKSIZE=1 -DHAVE_PTHREAD_ATFORK=1 -DTCL_THREADS=1 -DPEEK_XCLOSEIM=1 -DHAVE_CAST_TO_UNION=1 -DNDEBUG=1 -D_LARGEFILE64_SOURCE=1 -DTCL_WIDE_INT_IS_LONG=1 -DHAVE_GETCWD=1 -DHAVE_OPENDIR=1 -DHAVE_STRSTR=1 -DHAVE_STRTOL=1 -DHAVE_STRTOLL=1 -DHAVE_STRTOULL=1 -DHAVE_TMPNAM=1 -DHAVE_WAITPID=1 -DHAVE_GETPWUID_R_5=1 -DHAVE_GETPWUID_R=1 -DHAVE_GETPWNAM_R_5=1 -DHAVE_GETPWNAM_R=1 -DHAVE_GETGRGID_R_5=1 -DHAVE_GETGRGID_R=1 -DHAVE_GETGRNAM_R_5=1 -DHAVE_GETGRNAM_R=1 -DHAVE_GETHOSTBYNAME_R_6=1 -DHAVE_GETHOSTBYNAME_R=1 -DHAVE_GETHOSTBYADDR_R_8=1 -DHAVE_GETHOSTBYADDR_R=1 -DUSE_TERMIOS=1 -DHAVE_SYS_TIME_H=1 -DTIME_WITH_SYS_TIME=1 -DHAVE_TM_ZONE=1 -DHAVE_GMTIME_R=1 -DHAVE_LOCALTIME_R=1 -DHAVE_TM_GMTOFF=1 -DHAVE_TIMEZONE_VAR=1 -DHAVE_ST_BLKSIZE=1 -DSTDC_HEADERS=1 -DNO_UNION_WAIT=1 -DHAVE_SIGNED_CHAR=1 -DHAVE_LANGINFO=1 -DHAVE_FTS=1 -DHAVE_SYS_IOCTL_H=1 -DHAVE_CPUID=1        -DTCL_SHLIB_EXT=\".so\"   /home/wb/Work/nGit/projects/solar_build_test/solar/old_root-9.0.1/lib_src/libtcl8.4/unix/../generic/tclUtf.c
/usr/bin/gcc -c -O2  -pipe  -DTCL_DBGX= -Wall -fno-strict-aliasing -fPIC -I. -I/home/wb/Work/nGit/projects/solar_build_test/solar/old_root-9.0.1/lib_src/libtcl8.4/unix/../generic -I/home/wb/Work/nGit/projects/solar_build_test/solar/old_root-9.0.1/lib_src/libtcl8.4/unix -DHAVE_LIMITS_H=1 -DHAVE_UNISTD_H=1 -DHAVE_SYS_PARAM_H=1 -DUSE_THREAD_ALLOC=1 -D_REENTRANT=1 -D_THREAD_SAFE=1 -DHAVE_PTHREAD_ATTR_SETSTACKSIZE=1 -DHAVE_PTHREAD_ATFORK=1 -DTCL_THREADS=1 -DPEEK_XCLOSEIM=1 -DHAVE_CAST_TO_UNION=1 -DNDEBUG=1 -D_LARGEFILE64_SOURCE=1 -DTCL_WIDE_INT_IS_LONG=1 -DHAVE_GETCWD=1 -DHAVE_OPENDIR=1 -DHAVE_STRSTR=1 -DHAVE_STRTOL=1 -DHAVE_STRTOLL=1 -DHAVE_STRTOULL=1 -DHAVE_TMPNAM=1 -DHAVE_WAITPID=1 -DHAVE_GETPWUID_R_5=1 -DHAVE_GETPWUID_R=1 -DHAVE_GETPWNAM_R_5=1 -DHAVE_GETPWNAM_R=1 -DHAVE_GETGRGID_R_5=1 -DHAVE_GETGRGID_R=1 -DHAVE_GETGRNAM_R_5=1 -DHAVE_GETGRNAM_R=1 -DHAVE_GETHOSTBYNAME_R_6=1 -DHAVE_GETHOSTBYNAME_R=1 -DHAVE_GETHOSTBYADDR_R_8=1 -DHAVE_GETHOSTBYADDR_R=1 -DUSE_TERMIOS=1 -DHAVE_SYS_TIME_H=1 -DTIME_WITH_SYS_TIME=1 -DHAVE_TM_ZONE=1 -DHAVE_GMTIME_R=1 -DHAVE_LOCALTIME_R=1 -DHAVE_TM_GMTOFF=1 -DHAVE_TIMEZONE_VAR=1 -DHAVE_ST_BLKSIZE=1 -DSTDC_HEADERS=1 -DNO_UNION_WAIT=1 -DHAVE_SIGNED_CHAR=1 -DHAVE_LANGINFO=1 -DHAVE_FTS=1 -DHAVE_SYS_IOCTL_H=1 -DHAVE_CPUID=1        -DTCL_SHLIB_EXT=\".so\"   /home/wb/Work/nGit/projects/solar_build_test/solar/old_root-9.0.1/lib_src/libtcl8.4/unix/../generic/tclUtil.c
In file included from /home/wb/Work/nGit/projects/solar_build_test/solar/old_root-9.0.1/lib_src/libtcl8.4/unix/../generic/tclInt.h:31,
                 from /home/wb/Work/nGit/projects/solar_build_test/solar/old_root-9.0.1/lib_src/libtcl8.4/unix/../generic/tclUtil.c:15:
/home/wb/Work/nGit/projects/solar_build_test/solar/old_root-9.0.1/lib_src/libtcl8.4/unix/../generic/tclUtil.c: In function ‘SetPGV’:
/home/wb/Work/nGit/projects/solar_build_test/solar/old_root-9.0.1/lib_src/libtcl8.4/unix/../generic/tclUtil.c:2726:42: warning: cast to pointer from integer of different size [-Wint-to-pointer-cast]
 2726 |     hPtr = Tcl_CreateHashEntry(cacheMap, (char *) pgvPtr->epoch, &dummy);
      |                                          ^
/home/wb/Work/nGit/projects/solar_build_test/solar/old_root-9.0.1/lib_src/libtcl8.4/unix/../generic/tcl.h:1362:47: note: in definition of macro ‘Tcl_CreateHashEntry’
 1362 |         (*((tablePtr)->createProc))(tablePtr, key, newPtr)
      |                                               ^~~
/home/wb/Work/nGit/projects/solar_build_test/solar/old_root-9.0.1/lib_src/libtcl8.4/unix/../generic/tclUtil.c: In function ‘GetPGV’:
/home/wb/Work/nGit/projects/solar_build_test/solar/old_root-9.0.1/lib_src/libtcl8.4/unix/../generic/tclUtil.c:2755:40: warning: cast to pointer from integer of different size [-Wint-to-pointer-cast]
 2755 |     hPtr = Tcl_FindHashEntry(cacheMap, (char *) epoch);
      |                                        ^
/home/wb/Work/nGit/projects/solar_build_test/solar/old_root-9.0.1/lib_src/libtcl8.4/unix/../generic/tcl.h:1360:45: note: in definition of macro ‘Tcl_FindHashEntry’
 1360 |         (*((tablePtr)->findProc))(tablePtr, key)
      |                                             ^~~
/home/wb/Work/nGit/projects/solar_build_test/solar/old_root-9.0.1/lib_src/libtcl8.4/unix/../generic/tclUtil.c:2787:46: warning: cast to pointer from integer of different size [-Wint-to-pointer-cast]
 2787 |         hPtr = Tcl_CreateHashEntry(cacheMap, (char *) pgvPtr->epoch, &dummy);
      |                                              ^
/home/wb/Work/nGit/projects/solar_build_test/solar/old_root-9.0.1/lib_src/libtcl8.4/unix/../generic/tcl.h:1362:47: note: in definition of macro ‘Tcl_CreateHashEntry’
 1362 |         (*((tablePtr)->createProc))(tablePtr, key, newPtr)
      |                                               ^~~
/usr/bin/gcc -c -O2  -pipe  -DTCL_DBGX= -Wall -fno-strict-aliasing -fPIC -I. -I/home/wb/Work/nGit/projects/solar_build_test/solar/old_root-9.0.1/lib_src/libtcl8.4/unix/../generic -I/home/wb/Work/nGit/projects/solar_build_test/solar/old_root-9.0.1/lib_src/libtcl8.4/unix -DHAVE_LIMITS_H=1 -DHAVE_UNISTD_H=1 -DHAVE_SYS_PARAM_H=1 -DUSE_THREAD_ALLOC=1 -D_REENTRANT=1 -D_THREAD_SAFE=1 -DHAVE_PTHREAD_ATTR_SETSTACKSIZE=1 -DHAVE_PTHREAD_ATFORK=1 -DTCL_THREADS=1 -DPEEK_XCLOSEIM=1 -DHAVE_CAST_TO_UNION=1 -DNDEBUG=1 -D_LARGEFILE64_SOURCE=1 -DTCL_WIDE_INT_IS_LONG=1 -DHAVE_GETCWD=1 -DHAVE_OPENDIR=1 -DHAVE_STRSTR=1 -DHAVE_STRTOL=1 -DHAVE_STRTOLL=1 -DHAVE_STRTOULL=1 -DHAVE_TMPNAM=1 -DHAVE_WAITPID=1 -DHAVE_GETPWUID_R_5=1 -DHAVE_GETPWUID_R=1 -DHAVE_GETPWNAM_R_5=1 -DHAVE_GETPWNAM_R=1 -DHAVE_GETGRGID_R_5=1 -DHAVE_GETGRGID_R=1 -DHAVE_GETGRNAM_R_5=1 -DHAVE_GETGRNAM_R=1 -DHAVE_GETHOSTBYNAME_R_6=1 -DHAVE_GETHOSTBYNAME_R=1 -DHAVE_GETHOSTBYADDR_R_8=1 -DHAVE_GETHOSTBYADDR_R=1 -DUSE_TERMIOS=1 -DHAVE_SYS_TIME_H=1 -DTIME_WITH_SYS_TIME=1 -DHAVE_TM_ZONE=1 -DHAVE_GMTIME_R=1 -DHAVE_LOCALTIME_R=1 -DHAVE_TM_GMTOFF=1 -DHAVE_TIMEZONE_VAR=1 -DHAVE_ST_BLKSIZE=1 -DSTDC_HEADERS=1 -DNO_UNION_WAIT=1 -DHAVE_SIGNED_CHAR=1 -DHAVE_LANGINFO=1 -DHAVE_FTS=1 -DHAVE_SYS_IOCTL_H=1 -DHAVE_CPUID=1        -DTCL_SHLIB_EXT=\".so\"   /home/wb/Work/nGit/projects/solar_build_test/solar/old_root-9.0.1/lib_src/libtcl8.4/unix/../generic/tclVar.c
/home/wb/Work/nGit/projects/solar_build_test/solar/old_root-9.0.1/lib_src/libtcl8.4/unix/../generic/tclVar.c: In function ‘TclObjLookupVar’:
/home/wb/Work/nGit/projects/solar_build_test/solar/old_root-9.0.1/lib_src/libtcl8.4/unix/../generic/tclVar.c:406:26: warning: cast from pointer to integer of different size [-Wpointer-to-int-cast]
  406 |         int localIndex = (int) part1Ptr->internalRep.twoPtrValue.ptr2;
      |                          ^
/home/wb/Work/nGit/projects/solar_build_test/solar/old_root-9.0.1/lib_src/libtcl8.4/unix/../generic/tclVar.c:553:50: warning: cast to pointer from integer of different size [-Wint-to-pointer-cast]
  553 |         part1Ptr->internalRep.twoPtrValue.ptr2 = (VOID *) index;
      |                                                  ^
/home/wb/Work/nGit/projects/solar_build_test/solar/old_root-9.0.1/lib_src/libtcl8.4/unix/../generic/tclVar.c: In function ‘UpdateLocalVarName’:
/home/wb/Work/nGit/projects/solar_build_test/solar/old_root-9.0.1/lib_src/libtcl8.4/unix/../generic/tclVar.c:5189:26: warning: cast from pointer to integer of different size [-Wpointer-to-int-cast]
 5189 |     unsigned int index = (unsigned int) objPtr->internalRep.twoPtrValue.ptr2;
      |                          ^
/usr/bin/gcc -c -O2  -pipe  -DTCL_DBGX= -Wall -fno-strict-aliasing -fPIC -I. -I/home/wb/Work/nGit/projects/solar_build_test/solar/old_root-9.0.1/lib_src/libtcl8.4/unix/../generic -I/home/wb/Work/nGit/projects/solar_build_test/solar/old_root-9.0.1/lib_src/libtcl8.4/unix -DHAVE_LIMITS_H=1 -DHAVE_UNISTD_H=1 -DHAVE_SYS_PARAM_H=1 -DUSE_THREAD_ALLOC=1 -D_REENTRANT=1 -D_THREAD_SAFE=1 -DHAVE_PTHREAD_ATTR_SETSTACKSIZE=1 -DHAVE_PTHREAD_ATFORK=1 -DTCL_THREADS=1 -DPEEK_XCLOSEIM=1 -DHAVE_CAST_TO_UNION=1 -DNDEBUG=1 -D_LARGEFILE64_SOURCE=1 -DTCL_WIDE_INT_IS_LONG=1 -DHAVE_GETCWD=1 -DHAVE_OPENDIR=1 -DHAVE_STRSTR=1 -DHAVE_STRTOL=1 -DHAVE_STRTOLL=1 -DHAVE_STRTOULL=1 -DHAVE_TMPNAM=1 -DHAVE_WAITPID=1 -DHAVE_GETPWUID_R_5=1 -DHAVE_GETPWUID_R=1 -DHAVE_GETPWNAM_R_5=1 -DHAVE_GETPWNAM_R=1 -DHAVE_GETGRGID_R_5=1 -DHAVE_GETGRGID_R=1 -DHAVE_GETGRNAM_R_5=1 -DHAVE_GETGRNAM_R=1 -DHAVE_GETHOSTBYNAME_R_6=1 -DHAVE_GETHOSTBYNAME_R=1 -DHAVE_GETHOSTBYADDR_R_8=1 -DHAVE_GETHOSTBYADDR_R=1 -DUSE_TERMIOS=1 -DHAVE_SYS_TIME_H=1 -DTIME_WITH_SYS_TIME=1 -DHAVE_TM_ZONE=1 -DHAVE_GMTIME_R=1 -DHAVE_LOCALTIME_R=1 -DHAVE_TM_GMTOFF=1 -DHAVE_TIMEZONE_VAR=1 -DHAVE_ST_BLKSIZE=1 -DSTDC_HEADERS=1 -DNO_UNION_WAIT=1 -DHAVE_SIGNED_CHAR=1 -DHAVE_LANGINFO=1 -DHAVE_FTS=1 -DHAVE_SYS_IOCTL_H=1 -DHAVE_CPUID=1        -DTCL_SHLIB_EXT=\".so\"   /home/wb/Work/nGit/projects/solar_build_test/solar/old_root-9.0.1/lib_src/libtcl8.4/unix/../unix/tclUnixChan.c
/home/wb/Work/nGit/projects/solar_build_test/solar/old_root-9.0.1/lib_src/libtcl8.4/unix/../unix/tclUnixChan.c: In function ‘FileGetHandleProc’:
/home/wb/Work/nGit/projects/solar_build_test/solar/old_root-9.0.1/lib_src/libtcl8.4/unix/../unix/tclUnixChan.c:746:22: warning: cast to pointer from integer of different size [-Wint-to-pointer-cast]
  746 |         *handlePtr = (ClientData) fsPtr->fd;
      |                      ^
/home/wb/Work/nGit/projects/solar_build_test/solar/old_root-9.0.1/lib_src/libtcl8.4/unix/../unix/tclUnixChan.c: In function ‘Tcl_MakeFileChannel’:
/home/wb/Work/nGit/projects/solar_build_test/solar/old_root-9.0.1/lib_src/libtcl8.4/unix/../unix/tclUnixChan.c:1913:14: warning: cast from pointer to integer of different size [-Wpointer-to-int-cast]
 1913 |     int fd = (int) handle;
      |              ^
/home/wb/Work/nGit/projects/solar_build_test/solar/old_root-9.0.1/lib_src/libtcl8.4/unix/../unix/tclUnixChan.c:1952:41: warning: cast to pointer from integer of different size [-Wint-to-pointer-cast]
 1952 |         return MakeTcpClientChannelMode((ClientData) fd, mode);
      |                                         ^
/home/wb/Work/nGit/projects/solar_build_test/solar/old_root-9.0.1/lib_src/libtcl8.4/unix/../unix/tclUnixChan.c: In function ‘TcpGetHandleProc’:
/home/wb/Work/nGit/projects/solar_build_test/solar/old_root-9.0.1/lib_src/libtcl8.4/unix/../unix/tclUnixChan.c:2471:18: warning: cast to pointer from integer of different size [-Wint-to-pointer-cast]
 2471 |     *handlePtr = (ClientData)statePtr->fd;
      |                  ^
/home/wb/Work/nGit/projects/solar_build_test/solar/old_root-9.0.1/lib_src/libtcl8.4/unix/../unix/tclUnixChan.c: In function ‘MakeTcpClientChannelMode’:
/home/wb/Work/nGit/projects/solar_build_test/solar/old_root-9.0.1/lib_src/libtcl8.4/unix/../unix/tclUnixChan.c:2839:20: warning: cast from pointer to integer of different size [-Wpointer-to-int-cast]
 2839 |     statePtr->fd = (int) sock;
      |                    ^
/home/wb/Work/nGit/projects/solar_build_test/solar/old_root-9.0.1/lib_src/libtcl8.4/unix/../unix/tclUnixChan.c: In function ‘TclpGetDefaultStdChannel’:
/home/wb/Work/nGit/projects/solar_build_test/solar/old_root-9.0.1/lib_src/libtcl8.4/unix/../unix/tclUnixChan.c:3046:35: warning: cast to pointer from integer of different size [-Wint-to-pointer-cast]
 3046 |     channel = Tcl_MakeFileChannel((ClientData) fd, mode);
      |                                   ^
/home/wb/Work/nGit/projects/solar_build_test/solar/old_root-9.0.1/lib_src/libtcl8.4/unix/../unix/tclUnixChan.c: In function ‘Tcl_GetOpenFile’:
/home/wb/Work/nGit/projects/solar_build_test/solar/old_root-9.0.1/lib_src/libtcl8.4/unix/../unix/tclUnixChan.c:3136:18: warning: cast from pointer to integer of different size [-Wpointer-to-int-cast]
 3136 |             fd = (int) data;
      |                  ^
/usr/bin/gcc -c -O2  -pipe  -DTCL_DBGX= -Wall -fno-strict-aliasing -fPIC -I. -I/home/wb/Work/nGit/projects/solar_build_test/solar/old_root-9.0.1/lib_src/libtcl8.4/unix/../generic -I/home/wb/Work/nGit/projects/solar_build_test/solar/old_root-9.0.1/lib_src/libtcl8.4/unix -DHAVE_LIMITS_H=1 -DHAVE_UNISTD_H=1 -DHAVE_SYS_PARAM_H=1 -DUSE_THREAD_ALLOC=1 -D_REENTRANT=1 -D_THREAD_SAFE=1 -DHAVE_PTHREAD_ATTR_SETSTACKSIZE=1 -DHAVE_PTHREAD_ATFORK=1 -DTCL_THREADS=1 -DPEEK_XCLOSEIM=1 -DHAVE_CAST_TO_UNION=1 -DNDEBUG=1 -D_LARGEFILE64_SOURCE=1 -DTCL_WIDE_INT_IS_LONG=1 -DHAVE_GETCWD=1 -DHAVE_OPENDIR=1 -DHAVE_STRSTR=1 -DHAVE_STRTOL=1 -DHAVE_STRTOLL=1 -DHAVE_STRTOULL=1 -DHAVE_TMPNAM=1 -DHAVE_WAITPID=1 -DHAVE_GETPWUID_R_5=1 -DHAVE_GETPWUID_R=1 -DHAVE_GETPWNAM_R_5=1 -DHAVE_GETPWNAM_R=1 -DHAVE_GETGRGID_R_5=1 -DHAVE_GETGRGID_R=1 -DHAVE_GETGRNAM_R_5=1 -DHAVE_GETGRNAM_R=1 -DHAVE_GETHOSTBYNAME_R_6=1 -DHAVE_GETHOSTBYNAME_R=1 -DHAVE_GETHOSTBYADDR_R_8=1 -DHAVE_GETHOSTBYADDR_R=1 -DUSE_TERMIOS=1 -DHAVE_SYS_TIME_H=1 -DTIME_WITH_SYS_TIME=1 -DHAVE_TM_ZONE=1 -DHAVE_GMTIME_R=1 -DHAVE_LOCALTIME_R=1 -DHAVE_TM_GMTOFF=1 -DHAVE_TIMEZONE_VAR=1 -DHAVE_ST_BLKSIZE=1 -DSTDC_HEADERS=1 -DNO_UNION_WAIT=1 -DHAVE_SIGNED_CHAR=1 -DHAVE_LANGINFO=1 -DHAVE_FTS=1 -DHAVE_SYS_IOCTL_H=1 -DHAVE_CPUID=1        -DTCL_SHLIB_EXT=\".so\"   /home/wb/Work/nGit/projects/solar_build_test/solar/old_root-9.0.1/lib_src/libtcl8.4/unix/../unix/tclUnixEvent.c
/usr/bin/gcc -c -O2  -pipe  -DTCL_DBGX= -Wall -fno-strict-aliasing -fPIC -I. -I/home/wb/Work/nGit/projects/solar_build_test/solar/old_root-9.0.1/lib_src/libtcl8.4/unix/../generic -I/home/wb/Work/nGit/projects/solar_build_test/solar/old_root-9.0.1/lib_src/libtcl8.4/unix -DHAVE_LIMITS_H=1 -DHAVE_UNISTD_H=1 -DHAVE_SYS_PARAM_H=1 -DUSE_THREAD_ALLOC=1 -D_REENTRANT=1 -D_THREAD_SAFE=1 -DHAVE_PTHREAD_ATTR_SETSTACKSIZE=1 -DHAVE_PTHREAD_ATFORK=1 -DTCL_THREADS=1 -DPEEK_XCLOSEIM=1 -DHAVE_CAST_TO_UNION=1 -DNDEBUG=1 -D_LARGEFILE64_SOURCE=1 -DTCL_WIDE_INT_IS_LONG=1 -DHAVE_GETCWD=1 -DHAVE_OPENDIR=1 -DHAVE_STRSTR=1 -DHAVE_STRTOL=1 -DHAVE_STRTOLL=1 -DHAVE_STRTOULL=1 -DHAVE_TMPNAM=1 -DHAVE_WAITPID=1 -DHAVE_GETPWUID_R_5=1 -DHAVE_GETPWUID_R=1 -DHAVE_GETPWNAM_R_5=1 -DHAVE_GETPWNAM_R=1 -DHAVE_GETGRGID_R_5=1 -DHAVE_GETGRGID_R=1 -DHAVE_GETGRNAM_R_5=1 -DHAVE_GETGRNAM_R=1 -DHAVE_GETHOSTBYNAME_R_6=1 -DHAVE_GETHOSTBYNAME_R=1 -DHAVE_GETHOSTBYADDR_R_8=1 -DHAVE_GETHOSTBYADDR_R=1 -DUSE_TERMIOS=1 -DHAVE_SYS_TIME_H=1 -DTIME_WITH_SYS_TIME=1 -DHAVE_TM_ZONE=1 -DHAVE_GMTIME_R=1 -DHAVE_LOCALTIME_R=1 -DHAVE_TM_GMTOFF=1 -DHAVE_TIMEZONE_VAR=1 -DHAVE_ST_BLKSIZE=1 -DSTDC_HEADERS=1 -DNO_UNION_WAIT=1 -DHAVE_SIGNED_CHAR=1 -DHAVE_LANGINFO=1 -DHAVE_FTS=1 -DHAVE_SYS_IOCTL_H=1 -DHAVE_CPUID=1        -DTCL_SHLIB_EXT=\".so\"   /home/wb/Work/nGit/projects/solar_build_test/solar/old_root-9.0.1/lib_src/libtcl8.4/unix/../unix/tclUnixFCmd.c
/usr/bin/gcc -c -O2  -pipe  -DTCL_DBGX= -Wall -fno-strict-aliasing -fPIC -I. -I/home/wb/Work/nGit/projects/solar_build_test/solar/old_root-9.0.1/lib_src/libtcl8.4/unix/../generic -I/home/wb/Work/nGit/projects/solar_build_test/solar/old_root-9.0.1/lib_src/libtcl8.4/unix -DHAVE_LIMITS_H=1 -DHAVE_UNISTD_H=1 -DHAVE_SYS_PARAM_H=1 -DUSE_THREAD_ALLOC=1 -D_REENTRANT=1 -D_THREAD_SAFE=1 -DHAVE_PTHREAD_ATTR_SETSTACKSIZE=1 -DHAVE_PTHREAD_ATFORK=1 -DTCL_THREADS=1 -DPEEK_XCLOSEIM=1 -DHAVE_CAST_TO_UNION=1 -DNDEBUG=1 -D_LARGEFILE64_SOURCE=1 -DTCL_WIDE_INT_IS_LONG=1 -DHAVE_GETCWD=1 -DHAVE_OPENDIR=1 -DHAVE_STRSTR=1 -DHAVE_STRTOL=1 -DHAVE_STRTOLL=1 -DHAVE_STRTOULL=1 -DHAVE_TMPNAM=1 -DHAVE_WAITPID=1 -DHAVE_GETPWUID_R_5=1 -DHAVE_GETPWUID_R=1 -DHAVE_GETPWNAM_R_5=1 -DHAVE_GETPWNAM_R=1 -DHAVE_GETGRGID_R_5=1 -DHAVE_GETGRGID_R=1 -DHAVE_GETGRNAM_R_5=1 -DHAVE_GETGRNAM_R=1 -DHAVE_GETHOSTBYNAME_R_6=1 -DHAVE_GETHOSTBYNAME_R=1 -DHAVE_GETHOSTBYADDR_R_8=1 -DHAVE_GETHOSTBYADDR_R=1 -DUSE_TERMIOS=1 -DHAVE_SYS_TIME_H=1 -DTIME_WITH_SYS_TIME=1 -DHAVE_TM_ZONE=1 -DHAVE_GMTIME_R=1 -DHAVE_LOCALTIME_R=1 -DHAVE_TM_GMTOFF=1 -DHAVE_TIMEZONE_VAR=1 -DHAVE_ST_BLKSIZE=1 -DSTDC_HEADERS=1 -DNO_UNION_WAIT=1 -DHAVE_SIGNED_CHAR=1 -DHAVE_LANGINFO=1 -DHAVE_FTS=1 -DHAVE_SYS_IOCTL_H=1 -DHAVE_CPUID=1        -DTCL_SHLIB_EXT=\".so\"   /home/wb/Work/nGit/projects/solar_build_test/solar/old_root-9.0.1/lib_src/libtcl8.4/unix/../unix/tclUnixFile.c
/usr/bin/gcc -c -O2  -pipe  -DTCL_DBGX= -Wall -fno-strict-aliasing -fPIC -I. -I/home/wb/Work/nGit/projects/solar_build_test/solar/old_root-9.0.1/lib_src/libtcl8.4/unix/../generic -I/home/wb/Work/nGit/projects/solar_build_test/solar/old_root-9.0.1/lib_src/libtcl8.4/unix -DHAVE_LIMITS_H=1 -DHAVE_UNISTD_H=1 -DHAVE_SYS_PARAM_H=1 -DUSE_THREAD_ALLOC=1 -D_REENTRANT=1 -D_THREAD_SAFE=1 -DHAVE_PTHREAD_ATTR_SETSTACKSIZE=1 -DHAVE_PTHREAD_ATFORK=1 -DTCL_THREADS=1 -DPEEK_XCLOSEIM=1 -DHAVE_CAST_TO_UNION=1 -DNDEBUG=1 -D_LARGEFILE64_SOURCE=1 -DTCL_WIDE_INT_IS_LONG=1 -DHAVE_GETCWD=1 -DHAVE_OPENDIR=1 -DHAVE_STRSTR=1 -DHAVE_STRTOL=1 -DHAVE_STRTOLL=1 -DHAVE_STRTOULL=1 -DHAVE_TMPNAM=1 -DHAVE_WAITPID=1 -DHAVE_GETPWUID_R_5=1 -DHAVE_GETPWUID_R=1 -DHAVE_GETPWNAM_R_5=1 -DHAVE_GETPWNAM_R=1 -DHAVE_GETGRGID_R_5=1 -DHAVE_GETGRGID_R=1 -DHAVE_GETGRNAM_R_5=1 -DHAVE_GETGRNAM_R=1 -DHAVE_GETHOSTBYNAME_R_6=1 -DHAVE_GETHOSTBYNAME_R=1 -DHAVE_GETHOSTBYADDR_R_8=1 -DHAVE_GETHOSTBYADDR_R=1 -DUSE_TERMIOS=1 -DHAVE_SYS_TIME_H=1 -DTIME_WITH_SYS_TIME=1 -DHAVE_TM_ZONE=1 -DHAVE_GMTIME_R=1 -DHAVE_LOCALTIME_R=1 -DHAVE_TM_GMTOFF=1 -DHAVE_TIMEZONE_VAR=1 -DHAVE_ST_BLKSIZE=1 -DSTDC_HEADERS=1 -DNO_UNION_WAIT=1 -DHAVE_SIGNED_CHAR=1 -DHAVE_LANGINFO=1 -DHAVE_FTS=1 -DHAVE_SYS_IOCTL_H=1 -DHAVE_CPUID=1        -DTCL_SHLIB_EXT=\".so\"   /home/wb/Work/nGit/projects/solar_build_test/solar/old_root-9.0.1/lib_src/libtcl8.4/unix/../unix/tclUnixPipe.c
/home/wb/Work/nGit/projects/solar_build_test/solar/old_root-9.0.1/lib_src/libtcl8.4/unix/../unix/tclUnixPipe.c: In function ‘TclpMakeFile’:
/home/wb/Work/nGit/projects/solar_build_test/solar/old_root-9.0.1/lib_src/libtcl8.4/unix/../unix/tclUnixPipe.c:126:25: warning: cast from pointer to integer of different size [-Wpointer-to-int-cast]
  126 |         return MakeFile((int)data);
      |                         ^
/home/wb/Work/nGit/projects/solar_build_test/solar/old_root-9.0.1/lib_src/libtcl8.4/unix/../unix/tclUnixPipe.c:37:39: note: in definition of macro ‘MakeFile’
   37 | #define MakeFile(fd) ((TclFile)(((int)fd)+1))
      |                                       ^~
/home/wb/Work/nGit/projects/solar_build_test/solar/old_root-9.0.1/lib_src/libtcl8.4/unix/../unix/tclUnixPipe.c:37:23: warning: cast to pointer from integer of different size [-Wint-to-pointer-cast]
   37 | #define MakeFile(fd) ((TclFile)(((int)fd)+1))
      |                       ^
/home/wb/Work/nGit/projects/solar_build_test/solar/old_root-9.0.1/lib_src/libtcl8.4/unix/../unix/tclUnixPipe.c:126:16: note: in expansion of macro ‘MakeFile’
  126 |         return MakeFile((int)data);
      |                ^~~~~~~~
/home/wb/Work/nGit/projects/solar_build_test/solar/old_root-9.0.1/lib_src/libtcl8.4/unix/../unix/tclUnixPipe.c: In function ‘TclpOpenFile’:
/home/wb/Work/nGit/projects/solar_build_test/solar/old_root-9.0.1/lib_src/libtcl8.4/unix/../unix/tclUnixPipe.c:37:23: warning: cast to pointer from integer of different size [-Wint-to-pointer-cast]
   37 | #define MakeFile(fd) ((TclFile)(((int)fd)+1))
      |                       ^
/home/wb/Work/nGit/projects/solar_build_test/solar/old_root-9.0.1/lib_src/libtcl8.4/unix/../unix/tclUnixPipe.c:177:16: note: in expansion of macro ‘MakeFile’
  177 |         return MakeFile(fd);
      |                ^~~~~~~~
/home/wb/Work/nGit/projects/solar_build_test/solar/old_root-9.0.1/lib_src/libtcl8.4/unix/../unix/tclUnixPipe.c: In function ‘TclpCreateTempFile’:
/home/wb/Work/nGit/projects/solar_build_test/solar/old_root-9.0.1/lib_src/libtcl8.4/unix/../unix/tclUnixPipe.c:37:23: warning: cast to pointer from integer of different size [-Wint-to-pointer-cast]
   37 | #define MakeFile(fd) ((TclFile)(((int)fd)+1))
      |                       ^
/home/wb/Work/nGit/projects/solar_build_test/solar/old_root-9.0.1/lib_src/libtcl8.4/unix/../unix/tclUnixPipe.c:235:12: note: in expansion of macro ‘MakeFile’
  235 |     return MakeFile(fd);
      |            ^~~~~~~~
/home/wb/Work/nGit/projects/solar_build_test/solar/old_root-9.0.1/lib_src/libtcl8.4/unix/../unix/tclUnixPipe.c: In function ‘TclpCreatePipe’:
/home/wb/Work/nGit/projects/solar_build_test/solar/old_root-9.0.1/lib_src/libtcl8.4/unix/../unix/tclUnixPipe.c:37:23: warning: cast to pointer from integer of different size [-Wint-to-pointer-cast]
   37 | #define MakeFile(fd) ((TclFile)(((int)fd)+1))
      |                       ^
/home/wb/Work/nGit/projects/solar_build_test/solar/old_root-9.0.1/lib_src/libtcl8.4/unix/../unix/tclUnixPipe.c:352:17: note: in expansion of macro ‘MakeFile’
  352 |     *readPipe = MakeFile(pipeIds[0]);
      |                 ^~~~~~~~
/home/wb/Work/nGit/projects/solar_build_test/solar/old_root-9.0.1/lib_src/libtcl8.4/unix/../unix/tclUnixPipe.c:37:23: warning: cast to pointer from integer of different size [-Wint-to-pointer-cast]
   37 | #define MakeFile(fd) ((TclFile)(((int)fd)+1))
      |                       ^
/home/wb/Work/nGit/projects/solar_build_test/solar/old_root-9.0.1/lib_src/libtcl8.4/unix/../unix/tclUnixPipe.c:353:18: note: in expansion of macro ‘MakeFile’
  353 |     *writePipe = MakeFile(pipeIds[1]);
      |                  ^~~~~~~~
/home/wb/Work/nGit/projects/solar_build_test/solar/old_root-9.0.1/lib_src/libtcl8.4/unix/../unix/tclUnixPipe.c: In function ‘TclpCloseFile’:
/home/wb/Work/nGit/projects/solar_build_test/solar/old_root-9.0.1/lib_src/libtcl8.4/unix/../unix/tclUnixPipe.c:38:23: warning: cast from pointer to integer of different size [-Wpointer-to-int-cast]
   38 | #define GetFd(file) (((int)file)-1)
      |                       ^
/home/wb/Work/nGit/projects/solar_build_test/solar/old_root-9.0.1/lib_src/libtcl8.4/unix/../unix/tclUnixPipe.c:377:14: note: in expansion of macro ‘GetFd’
  377 |     int fd = GetFd(file);
      |              ^~~~~
/home/wb/Work/nGit/projects/solar_build_test/solar/old_root-9.0.1/lib_src/libtcl8.4/unix/../unix/tclUnixPipe.c: In function ‘TclpCreateProcess’:
/home/wb/Work/nGit/projects/solar_build_test/solar/old_root-9.0.1/lib_src/libtcl8.4/unix/../unix/tclUnixPipe.c:38:23: warning: cast from pointer to integer of different size [-Wpointer-to-int-cast]
   38 | #define GetFd(file) (((int)file)-1)
      |                       ^
/home/wb/Work/nGit/projects/solar_build_test/solar/old_root-9.0.1/lib_src/libtcl8.4/unix/../unix/tclUnixPipe.c:501:14: note: in expansion of macro ‘GetFd’
  501 |         fd = GetFd(errPipeOut);
      |              ^~~~~
/home/wb/Work/nGit/projects/solar_build_test/solar/old_root-9.0.1/lib_src/libtcl8.4/unix/../unix/tclUnixPipe.c:38:23: warning: cast from pointer to integer of different size [-Wpointer-to-int-cast]
   38 | #define GetFd(file) (((int)file)-1)
      |                       ^
/home/wb/Work/nGit/projects/solar_build_test/solar/old_root-9.0.1/lib_src/libtcl8.4/unix/../unix/tclUnixPipe.c:554:10: note: in expansion of macro ‘GetFd’
  554 |     fd = GetFd(errPipeIn);
      |          ^~~~~
/home/wb/Work/nGit/projects/solar_build_test/solar/old_root-9.0.1/lib_src/libtcl8.4/unix/../unix/tclUnixPipe.c:566:15: warning: cast to pointer from integer of different size [-Wint-to-pointer-cast]
  566 |     *pidPtr = (Tcl_Pid) pid;
      |               ^
/home/wb/Work/nGit/projects/solar_build_test/solar/old_root-9.0.1/lib_src/libtcl8.4/unix/../unix/tclUnixPipe.c:578:21: warning: cast to pointer from integer of different size [-Wint-to-pointer-cast]
  578 |         Tcl_WaitPid((Tcl_Pid) pid, &status, 0);
      |                     ^
/home/wb/Work/nGit/projects/solar_build_test/solar/old_root-9.0.1/lib_src/libtcl8.4/unix/../unix/tclUnixPipe.c: In function ‘SetupStdFile’:
/home/wb/Work/nGit/projects/solar_build_test/solar/old_root-9.0.1/lib_src/libtcl8.4/unix/../unix/tclUnixPipe.c:38:23: warning: cast from pointer to integer of different size [-Wpointer-to-int-cast]
   38 | #define GetFd(file) (((int)file)-1)
      |                       ^
/home/wb/Work/nGit/projects/solar_build_test/solar/old_root-9.0.1/lib_src/libtcl8.4/unix/../unix/tclUnixPipe.c:716:14: note: in expansion of macro ‘GetFd’
  716 |         fd = GetFd(file);
      |              ^~~~~
/home/wb/Work/nGit/projects/solar_build_test/solar/old_root-9.0.1/lib_src/libtcl8.4/unix/../unix/tclUnixPipe.c: In function ‘TclpCreateCommandChannel’:
/home/wb/Work/nGit/projects/solar_build_test/solar/old_root-9.0.1/lib_src/libtcl8.4/unix/../unix/tclUnixPipe.c:38:23: warning: cast from pointer to integer of different size [-Wpointer-to-int-cast]
   38 | #define GetFd(file) (((int)file)-1)
      |                       ^
/home/wb/Work/nGit/projects/solar_build_test/solar/old_root-9.0.1/lib_src/libtcl8.4/unix/../unix/tclUnixPipe.c:799:21: note: in expansion of macro ‘GetFd’
  799 |         channelId = GetFd(readFile);
      |                     ^~~~~
/home/wb/Work/nGit/projects/solar_build_test/solar/old_root-9.0.1/lib_src/libtcl8.4/unix/../unix/tclUnixPipe.c:38:23: warning: cast from pointer to integer of different size [-Wpointer-to-int-cast]
   38 | #define GetFd(file) (((int)file)-1)
      |                       ^
/home/wb/Work/nGit/projects/solar_build_test/solar/old_root-9.0.1/lib_src/libtcl8.4/unix/../unix/tclUnixPipe.c:801:21: note: in expansion of macro ‘GetFd’
  801 |         channelId = GetFd(writeFile);
      |                     ^~~~~
/home/wb/Work/nGit/projects/solar_build_test/solar/old_root-9.0.1/lib_src/libtcl8.4/unix/../unix/tclUnixPipe.c:38:23: warning: cast from pointer to integer of different size [-Wpointer-to-int-cast]
   38 | #define GetFd(file) (((int)file)-1)
      |                       ^
/home/wb/Work/nGit/projects/solar_build_test/solar/old_root-9.0.1/lib_src/libtcl8.4/unix/../unix/tclUnixPipe.c:803:21: note: in expansion of macro ‘GetFd’
  803 |         channelId = GetFd(errorFile);
      |                     ^~~~~
/home/wb/Work/nGit/projects/solar_build_test/solar/old_root-9.0.1/lib_src/libtcl8.4/unix/../unix/tclUnixPipe.c: In function ‘PipeBlockModeProc’:
/home/wb/Work/nGit/projects/solar_build_test/solar/old_root-9.0.1/lib_src/libtcl8.4/unix/../unix/tclUnixPipe.c:38:23: warning: cast from pointer to integer of different size [-Wpointer-to-int-cast]
   38 | #define GetFd(file) (((int)file)-1)
      |                       ^
/home/wb/Work/nGit/projects/solar_build_test/solar/old_root-9.0.1/lib_src/libtcl8.4/unix/../unix/tclUnixPipe.c:901:14: note: in expansion of macro ‘GetFd’
  901 |         fd = GetFd(psPtr->inFile);
      |              ^~~~~
/home/wb/Work/nGit/projects/solar_build_test/solar/old_root-9.0.1/lib_src/libtcl8.4/unix/../unix/tclUnixPipe.c:38:23: warning: cast from pointer to integer of different size [-Wpointer-to-int-cast]
   38 | #define GetFd(file) (((int)file)-1)
      |                       ^
/home/wb/Work/nGit/projects/solar_build_test/solar/old_root-9.0.1/lib_src/libtcl8.4/unix/../unix/tclUnixPipe.c:913:14: note: in expansion of macro ‘GetFd’
  913 |         fd = GetFd(psPtr->outFile);
      |              ^~~~~
/home/wb/Work/nGit/projects/solar_build_test/solar/old_root-9.0.1/lib_src/libtcl8.4/unix/../unix/tclUnixPipe.c: In function ‘PipeCloseProc’:
/home/wb/Work/nGit/projects/solar_build_test/solar/old_root-9.0.1/lib_src/libtcl8.4/unix/../unix/tclUnixPipe.c:38:23: warning: cast from pointer to integer of different size [-Wpointer-to-int-cast]
   38 | #define GetFd(file) (((int)file)-1)
      |                       ^
/home/wb/Work/nGit/projects/solar_build_test/solar/old_root-9.0.1/lib_src/libtcl8.4/unix/../unix/tclUnixPipe.c:1021:30: note: in expansion of macro ‘GetFd’
 1021 |                 (ClientData) GetFd(pipePtr->errorFile), TCL_READABLE);
      |                              ^~~~~
/home/wb/Work/nGit/projects/solar_build_test/solar/old_root-9.0.1/lib_src/libtcl8.4/unix/../unix/tclUnixPipe.c:1021:17: warning: cast to pointer from integer of different size [-Wint-to-pointer-cast]
 1021 |                 (ClientData) GetFd(pipePtr->errorFile), TCL_READABLE);
      |                 ^
/home/wb/Work/nGit/projects/solar_build_test/solar/old_root-9.0.1/lib_src/libtcl8.4/unix/../unix/tclUnixPipe.c: In function ‘PipeInputProc’:
/home/wb/Work/nGit/projects/solar_build_test/solar/old_root-9.0.1/lib_src/libtcl8.4/unix/../unix/tclUnixPipe.c:38:23: warning: cast from pointer to integer of different size [-Wpointer-to-int-cast]
   38 | #define GetFd(file) (((int)file)-1)
      |                       ^
/home/wb/Work/nGit/projects/solar_build_test/solar/old_root-9.0.1/lib_src/libtcl8.4/unix/../unix/tclUnixPipe.c:1081:27: note: in expansion of macro ‘GetFd’
 1081 |         bytesRead = read (GetFd(psPtr->inFile), buf, (size_t) toRead);
      |                           ^~~~~
/home/wb/Work/nGit/projects/solar_build_test/solar/old_root-9.0.1/lib_src/libtcl8.4/unix/../unix/tclUnixPipe.c: In function ‘PipeOutputProc’:
/home/wb/Work/nGit/projects/solar_build_test/solar/old_root-9.0.1/lib_src/libtcl8.4/unix/../unix/tclUnixPipe.c:38:23: warning: cast from pointer to integer of different size [-Wpointer-to-int-cast]
   38 | #define GetFd(file) (((int)file)-1)
      |                       ^
/home/wb/Work/nGit/projects/solar_build_test/solar/old_root-9.0.1/lib_src/libtcl8.4/unix/../unix/tclUnixPipe.c:1129:25: note: in expansion of macro ‘GetFd’
 1129 |         written = write(GetFd(psPtr->outFile), buf, (size_t) toWrite);
      |                         ^~~~~
/home/wb/Work/nGit/projects/solar_build_test/solar/old_root-9.0.1/lib_src/libtcl8.4/unix/../unix/tclUnixPipe.c: In function ‘PipeWatchProc’:
/home/wb/Work/nGit/projects/solar_build_test/solar/old_root-9.0.1/lib_src/libtcl8.4/unix/../unix/tclUnixPipe.c:38:23: warning: cast from pointer to integer of different size [-Wpointer-to-int-cast]
   38 | #define GetFd(file) (((int)file)-1)
      |                       ^
/home/wb/Work/nGit/projects/solar_build_test/solar/old_root-9.0.1/lib_src/libtcl8.4/unix/../unix/tclUnixPipe.c:1170:35: note: in expansion of macro ‘GetFd’
 1170 |             Tcl_CreateFileHandler(GetFd(psPtr->inFile), mask,
      |                                   ^~~~~
/home/wb/Work/nGit/projects/solar_build_test/solar/old_root-9.0.1/lib_src/libtcl8.4/unix/../unix/tclUnixPipe.c:38:23: warning: cast from pointer to integer of different size [-Wpointer-to-int-cast]
   38 | #define GetFd(file) (((int)file)-1)
      |                       ^
/home/wb/Work/nGit/projects/solar_build_test/solar/old_root-9.0.1/lib_src/libtcl8.4/unix/../unix/tclUnixPipe.c:1174:35: note: in expansion of macro ‘GetFd’
 1174 |             Tcl_DeleteFileHandler(GetFd(psPtr->inFile));
      |                                   ^~~~~
/home/wb/Work/nGit/projects/solar_build_test/solar/old_root-9.0.1/lib_src/libtcl8.4/unix/../unix/tclUnixPipe.c:38:23: warning: cast from pointer to integer of different size [-Wpointer-to-int-cast]
   38 | #define GetFd(file) (((int)file)-1)
      |                       ^
/home/wb/Work/nGit/projects/solar_build_test/solar/old_root-9.0.1/lib_src/libtcl8.4/unix/../unix/tclUnixPipe.c:1180:35: note: in expansion of macro ‘GetFd’
 1180 |             Tcl_CreateFileHandler(GetFd(psPtr->outFile), mask,
      |                                   ^~~~~
/home/wb/Work/nGit/projects/solar_build_test/solar/old_root-9.0.1/lib_src/libtcl8.4/unix/../unix/tclUnixPipe.c:38:23: warning: cast from pointer to integer of different size [-Wpointer-to-int-cast]
   38 | #define GetFd(file) (((int)file)-1)
      |                       ^
/home/wb/Work/nGit/projects/solar_build_test/solar/old_root-9.0.1/lib_src/libtcl8.4/unix/../unix/tclUnixPipe.c:1184:35: note: in expansion of macro ‘GetFd’
 1184 |             Tcl_DeleteFileHandler(GetFd(psPtr->outFile));
      |                                   ^~~~~
/home/wb/Work/nGit/projects/solar_build_test/solar/old_root-9.0.1/lib_src/libtcl8.4/unix/../unix/tclUnixPipe.c: In function ‘PipeGetHandleProc’:
/home/wb/Work/nGit/projects/solar_build_test/solar/old_root-9.0.1/lib_src/libtcl8.4/unix/../unix/tclUnixPipe.c:38:23: warning: cast from pointer to integer of different size [-Wpointer-to-int-cast]
   38 | #define GetFd(file) (((int)file)-1)
      |                       ^
/home/wb/Work/nGit/projects/solar_build_test/solar/old_root-9.0.1/lib_src/libtcl8.4/unix/../unix/tclUnixPipe.c:1216:35: note: in expansion of macro ‘GetFd’
 1216 |         *handlePtr = (ClientData) GetFd(psPtr->inFile);
      |                                   ^~~~~
/home/wb/Work/nGit/projects/solar_build_test/solar/old_root-9.0.1/lib_src/libtcl8.4/unix/../unix/tclUnixPipe.c:1216:22: warning: cast to pointer from integer of different size [-Wint-to-pointer-cast]
 1216 |         *handlePtr = (ClientData) GetFd(psPtr->inFile);
      |                      ^
/home/wb/Work/nGit/projects/solar_build_test/solar/old_root-9.0.1/lib_src/libtcl8.4/unix/../unix/tclUnixPipe.c:38:23: warning: cast from pointer to integer of different size [-Wpointer-to-int-cast]
   38 | #define GetFd(file) (((int)file)-1)
      |                       ^
/home/wb/Work/nGit/projects/solar_build_test/solar/old_root-9.0.1/lib_src/libtcl8.4/unix/../unix/tclUnixPipe.c:1220:35: note: in expansion of macro ‘GetFd’
 1220 |         *handlePtr = (ClientData) GetFd(psPtr->outFile);
      |                                   ^~~~~
/home/wb/Work/nGit/projects/solar_build_test/solar/old_root-9.0.1/lib_src/libtcl8.4/unix/../unix/tclUnixPipe.c:1220:22: warning: cast to pointer from integer of different size [-Wint-to-pointer-cast]
 1220 |         *handlePtr = (ClientData) GetFd(psPtr->outFile);
      |                      ^
/home/wb/Work/nGit/projects/solar_build_test/solar/old_root-9.0.1/lib_src/libtcl8.4/unix/../unix/tclUnixPipe.c: In function ‘Tcl_WaitPid’:
/home/wb/Work/nGit/projects/solar_build_test/solar/old_root-9.0.1/lib_src/libtcl8.4/unix/../unix/tclUnixPipe.c:1251:16: warning: cast from pointer to integer of different size [-Wpointer-to-int-cast]
 1251 |     real_pid = (pid_t) pid;
      |                ^
/home/wb/Work/nGit/projects/solar_build_test/solar/old_root-9.0.1/lib_src/libtcl8.4/unix/../unix/tclUnixPipe.c:1255:20: warning: cast to pointer from integer of different size [-Wint-to-pointer-cast]
 1255 |             return (Tcl_Pid) result;
      |                    ^
/home/wb/Work/nGit/projects/solar_build_test/solar/old_root-9.0.1/lib_src/libtcl8.4/unix/../unix/tclUnixPipe.c: In function ‘TclpCreateProcess’:
/home/wb/Work/nGit/projects/solar_build_test/solar/old_root-9.0.1/lib_src/libtcl8.4/unix/../unix/tclUnixPipe.c:515:13: warning: ignoring return value of ‘write’ declared with attribute ‘warn_unused_result’ [-Wunused-result]
  515 |             write(fd, errSpace, (size_t) strlen(errSpace));
      |             ^~~~~~~~~~~~~~~~~~~~~~~~~~~~~~~~~~~~~~~~~~~~~~
/home/wb/Work/nGit/projects/solar_build_test/solar/old_root-9.0.1/lib_src/libtcl8.4/unix/../unix/tclUnixPipe.c:526:9: warning: ignoring return value of ‘write’ declared with attribute ‘warn_unused_result’ [-Wunused-result]
  526 |         write(fd, errSpace, (size_t) strlen(errSpace));
      |         ^~~~~~~~~~~~~~~~~~~~~~~~~~~~~~~~~~~~~~~~~~~~~~
/usr/bin/gcc -c -O2  -pipe  -DTCL_DBGX= -Wall -fno-strict-aliasing -fPIC -I. -I/home/wb/Work/nGit/projects/solar_build_test/solar/old_root-9.0.1/lib_src/libtcl8.4/unix/../generic -I/home/wb/Work/nGit/projects/solar_build_test/solar/old_root-9.0.1/lib_src/libtcl8.4/unix -DHAVE_LIMITS_H=1 -DHAVE_UNISTD_H=1 -DHAVE_SYS_PARAM_H=1 -DUSE_THREAD_ALLOC=1 -D_REENTRANT=1 -D_THREAD_SAFE=1 -DHAVE_PTHREAD_ATTR_SETSTACKSIZE=1 -DHAVE_PTHREAD_ATFORK=1 -DTCL_THREADS=1 -DPEEK_XCLOSEIM=1 -DHAVE_CAST_TO_UNION=1 -DNDEBUG=1 -D_LARGEFILE64_SOURCE=1 -DTCL_WIDE_INT_IS_LONG=1 -DHAVE_GETCWD=1 -DHAVE_OPENDIR=1 -DHAVE_STRSTR=1 -DHAVE_STRTOL=1 -DHAVE_STRTOLL=1 -DHAVE_STRTOULL=1 -DHAVE_TMPNAM=1 -DHAVE_WAITPID=1 -DHAVE_GETPWUID_R_5=1 -DHAVE_GETPWUID_R=1 -DHAVE_GETPWNAM_R_5=1 -DHAVE_GETPWNAM_R=1 -DHAVE_GETGRGID_R_5=1 -DHAVE_GETGRGID_R=1 -DHAVE_GETGRNAM_R_5=1 -DHAVE_GETGRNAM_R=1 -DHAVE_GETHOSTBYNAME_R_6=1 -DHAVE_GETHOSTBYNAME_R=1 -DHAVE_GETHOSTBYADDR_R_8=1 -DHAVE_GETHOSTBYADDR_R=1 -DUSE_TERMIOS=1 -DHAVE_SYS_TIME_H=1 -DTIME_WITH_SYS_TIME=1 -DHAVE_TM_ZONE=1 -DHAVE_GMTIME_R=1 -DHAVE_LOCALTIME_R=1 -DHAVE_TM_GMTOFF=1 -DHAVE_TIMEZONE_VAR=1 -DHAVE_ST_BLKSIZE=1 -DSTDC_HEADERS=1 -DNO_UNION_WAIT=1 -DHAVE_SIGNED_CHAR=1 -DHAVE_LANGINFO=1 -DHAVE_FTS=1 -DHAVE_SYS_IOCTL_H=1 -DHAVE_CPUID=1        -DTCL_SHLIB_EXT=\".so\"   /home/wb/Work/nGit/projects/solar_build_test/solar/old_root-9.0.1/lib_src/libtcl8.4/unix/../unix/tclUnixSock.c
/usr/bin/gcc -c -O2  -pipe  -DTCL_DBGX= -Wall -fno-strict-aliasing -fPIC -I. -I/home/wb/Work/nGit/projects/solar_build_test/solar/old_root-9.0.1/lib_src/libtcl8.4/unix/../generic -I/home/wb/Work/nGit/projects/solar_build_test/solar/old_root-9.0.1/lib_src/libtcl8.4/unix -DHAVE_LIMITS_H=1 -DHAVE_UNISTD_H=1 -DHAVE_SYS_PARAM_H=1 -DUSE_THREAD_ALLOC=1 -D_REENTRANT=1 -D_THREAD_SAFE=1 -DHAVE_PTHREAD_ATTR_SETSTACKSIZE=1 -DHAVE_PTHREAD_ATFORK=1 -DTCL_THREADS=1 -DPEEK_XCLOSEIM=1 -DHAVE_CAST_TO_UNION=1 -DNDEBUG=1 -D_LARGEFILE64_SOURCE=1 -DTCL_WIDE_INT_IS_LONG=1 -DHAVE_GETCWD=1 -DHAVE_OPENDIR=1 -DHAVE_STRSTR=1 -DHAVE_STRTOL=1 -DHAVE_STRTOLL=1 -DHAVE_STRTOULL=1 -DHAVE_TMPNAM=1 -DHAVE_WAITPID=1 -DHAVE_GETPWUID_R_5=1 -DHAVE_GETPWUID_R=1 -DHAVE_GETPWNAM_R_5=1 -DHAVE_GETPWNAM_R=1 -DHAVE_GETGRGID_R_5=1 -DHAVE_GETGRGID_R=1 -DHAVE_GETGRNAM_R_5=1 -DHAVE_GETGRNAM_R=1 -DHAVE_GETHOSTBYNAME_R_6=1 -DHAVE_GETHOSTBYNAME_R=1 -DHAVE_GETHOSTBYADDR_R_8=1 -DHAVE_GETHOSTBYADDR_R=1 -DUSE_TERMIOS=1 -DHAVE_SYS_TIME_H=1 -DTIME_WITH_SYS_TIME=1 -DHAVE_TM_ZONE=1 -DHAVE_GMTIME_R=1 -DHAVE_LOCALTIME_R=1 -DHAVE_TM_GMTOFF=1 -DHAVE_TIMEZONE_VAR=1 -DHAVE_ST_BLKSIZE=1 -DSTDC_HEADERS=1 -DNO_UNION_WAIT=1 -DHAVE_SIGNED_CHAR=1 -DHAVE_LANGINFO=1 -DHAVE_FTS=1 -DHAVE_SYS_IOCTL_H=1 -DHAVE_CPUID=1        -DTCL_SHLIB_EXT=\".so\"   /home/wb/Work/nGit/projects/solar_build_test/solar/old_root-9.0.1/lib_src/libtcl8.4/unix/../unix/tclUnixTime.c
/usr/bin/gcc -c -O2  -pipe  -DTCL_DBGX= -Wall -fno-strict-aliasing -fPIC -I. -I/home/wb/Work/nGit/projects/solar_build_test/solar/old_root-9.0.1/lib_src/libtcl8.4/unix/../generic -I/home/wb/Work/nGit/projects/solar_build_test/solar/old_root-9.0.1/lib_src/libtcl8.4/unix -DHAVE_LIMITS_H=1 -DHAVE_UNISTD_H=1 -DHAVE_SYS_PARAM_H=1 -DUSE_THREAD_ALLOC=1 -D_REENTRANT=1 -D_THREAD_SAFE=1 -DHAVE_PTHREAD_ATTR_SETSTACKSIZE=1 -DHAVE_PTHREAD_ATFORK=1 -DTCL_THREADS=1 -DPEEK_XCLOSEIM=1 -DHAVE_CAST_TO_UNION=1 -DNDEBUG=1 -D_LARGEFILE64_SOURCE=1 -DTCL_WIDE_INT_IS_LONG=1 -DHAVE_GETCWD=1 -DHAVE_OPENDIR=1 -DHAVE_STRSTR=1 -DHAVE_STRTOL=1 -DHAVE_STRTOLL=1 -DHAVE_STRTOULL=1 -DHAVE_TMPNAM=1 -DHAVE_WAITPID=1 -DHAVE_GETPWUID_R_5=1 -DHAVE_GETPWUID_R=1 -DHAVE_GETPWNAM_R_5=1 -DHAVE_GETPWNAM_R=1 -DHAVE_GETGRGID_R_5=1 -DHAVE_GETGRGID_R=1 -DHAVE_GETGRNAM_R_5=1 -DHAVE_GETGRNAM_R=1 -DHAVE_GETHOSTBYNAME_R_6=1 -DHAVE_GETHOSTBYNAME_R=1 -DHAVE_GETHOSTBYADDR_R_8=1 -DHAVE_GETHOSTBYADDR_R=1 -DUSE_TERMIOS=1 -DHAVE_SYS_TIME_H=1 -DTIME_WITH_SYS_TIME=1 -DHAVE_TM_ZONE=1 -DHAVE_GMTIME_R=1 -DHAVE_LOCALTIME_R=1 -DHAVE_TM_GMTOFF=1 -DHAVE_TIMEZONE_VAR=1 -DHAVE_ST_BLKSIZE=1 -DSTDC_HEADERS=1 -DNO_UNION_WAIT=1 -DHAVE_SIGNED_CHAR=1 -DHAVE_LANGINFO=1 -DHAVE_FTS=1 -DHAVE_SYS_IOCTL_H=1 -DHAVE_CPUID=1        -DTCL_SHLIB_EXT=\".so\"   -DTCL_LIBRARY=\"/home/wb/Work/nGit/projects/solar_build_test/solar/old_root-9.0.1/bin_src/solarmain-9.0.1/lib/tcl8.4\" \
	-DTCL_PACKAGE_PATH="\"/home/wb/Work/nGit/projects/solar_build_test/solar/old_root-9.0.1/bin_src/solarmain-9.0.1/lib \"" \
	/home/wb/Work/nGit/projects/solar_build_test/solar/old_root-9.0.1/lib_src/libtcl8.4/unix/../unix/tclUnixInit.c
/usr/bin/gcc -c -O2  -pipe  -DTCL_DBGX= -Wall -fno-strict-aliasing -fPIC -I. -I/home/wb/Work/nGit/projects/solar_build_test/solar/old_root-9.0.1/lib_src/libtcl8.4/unix/../generic -I/home/wb/Work/nGit/projects/solar_build_test/solar/old_root-9.0.1/lib_src/libtcl8.4/unix -DHAVE_LIMITS_H=1 -DHAVE_UNISTD_H=1 -DHAVE_SYS_PARAM_H=1 -DUSE_THREAD_ALLOC=1 -D_REENTRANT=1 -D_THREAD_SAFE=1 -DHAVE_PTHREAD_ATTR_SETSTACKSIZE=1 -DHAVE_PTHREAD_ATFORK=1 -DTCL_THREADS=1 -DPEEK_XCLOSEIM=1 -DHAVE_CAST_TO_UNION=1 -DNDEBUG=1 -D_LARGEFILE64_SOURCE=1 -DTCL_WIDE_INT_IS_LONG=1 -DHAVE_GETCWD=1 -DHAVE_OPENDIR=1 -DHAVE_STRSTR=1 -DHAVE_STRTOL=1 -DHAVE_STRTOLL=1 -DHAVE_STRTOULL=1 -DHAVE_TMPNAM=1 -DHAVE_WAITPID=1 -DHAVE_GETPWUID_R_5=1 -DHAVE_GETPWUID_R=1 -DHAVE_GETPWNAM_R_5=1 -DHAVE_GETPWNAM_R=1 -DHAVE_GETGRGID_R_5=1 -DHAVE_GETGRGID_R=1 -DHAVE_GETGRNAM_R_5=1 -DHAVE_GETGRNAM_R=1 -DHAVE_GETHOSTBYNAME_R_6=1 -DHAVE_GETHOSTBYNAME_R=1 -DHAVE_GETHOSTBYADDR_R_8=1 -DHAVE_GETHOSTBYADDR_R=1 -DUSE_TERMIOS=1 -DHAVE_SYS_TIME_H=1 -DTIME_WITH_SYS_TIME=1 -DHAVE_TM_ZONE=1 -DHAVE_GMTIME_R=1 -DHAVE_LOCALTIME_R=1 -DHAVE_TM_GMTOFF=1 -DHAVE_TIMEZONE_VAR=1 -DHAVE_ST_BLKSIZE=1 -DSTDC_HEADERS=1 -DNO_UNION_WAIT=1 -DHAVE_SIGNED_CHAR=1 -DHAVE_LANGINFO=1 -DHAVE_FTS=1 -DHAVE_SYS_IOCTL_H=1 -DHAVE_CPUID=1        -DTCL_SHLIB_EXT=\".so\"   /home/wb/Work/nGit/projects/solar_build_test/solar/old_root-9.0.1/lib_src/libtcl8.4/unix/../unix/tclUnixThrd.c
/home/wb/Work/nGit/projects/solar_build_test/solar/old_root-9.0.1/lib_src/libtcl8.4/unix/../unix/tclUnixThrd.c: In function ‘TclpThreadExit’:
/home/wb/Work/nGit/projects/solar_build_test/solar/old_root-9.0.1/lib_src/libtcl8.4/unix/../unix/tclUnixThrd.c:199:18: warning: cast to pointer from integer of different size [-Wint-to-pointer-cast]
  199 |     pthread_exit((VOID *)status);
      |                  ^
/usr/bin/gcc -c -O2  -pipe  -DTCL_DBGX= -Wall -fno-strict-aliasing -fPIC -I. -I/home/wb/Work/nGit/projects/solar_build_test/solar/old_root-9.0.1/lib_src/libtcl8.4/unix/../generic -I/home/wb/Work/nGit/projects/solar_build_test/solar/old_root-9.0.1/lib_src/libtcl8.4/unix -DHAVE_LIMITS_H=1 -DHAVE_UNISTD_H=1 -DHAVE_SYS_PARAM_H=1 -DUSE_THREAD_ALLOC=1 -D_REENTRANT=1 -D_THREAD_SAFE=1 -DHAVE_PTHREAD_ATTR_SETSTACKSIZE=1 -DHAVE_PTHREAD_ATFORK=1 -DTCL_THREADS=1 -DPEEK_XCLOSEIM=1 -DHAVE_CAST_TO_UNION=1 -DNDEBUG=1 -D_LARGEFILE64_SOURCE=1 -DTCL_WIDE_INT_IS_LONG=1 -DHAVE_GETCWD=1 -DHAVE_OPENDIR=1 -DHAVE_STRSTR=1 -DHAVE_STRTOL=1 -DHAVE_STRTOLL=1 -DHAVE_STRTOULL=1 -DHAVE_TMPNAM=1 -DHAVE_WAITPID=1 -DHAVE_GETPWUID_R_5=1 -DHAVE_GETPWUID_R=1 -DHAVE_GETPWNAM_R_5=1 -DHAVE_GETPWNAM_R=1 -DHAVE_GETGRGID_R_5=1 -DHAVE_GETGRGID_R=1 -DHAVE_GETGRNAM_R_5=1 -DHAVE_GETGRNAM_R=1 -DHAVE_GETHOSTBYNAME_R_6=1 -DHAVE_GETHOSTBYNAME_R=1 -DHAVE_GETHOSTBYADDR_R_8=1 -DHAVE_GETHOSTBYADDR_R=1 -DUSE_TERMIOS=1 -DHAVE_SYS_TIME_H=1 -DTIME_WITH_SYS_TIME=1 -DHAVE_TM_ZONE=1 -DHAVE_GMTIME_R=1 -DHAVE_LOCALTIME_R=1 -DHAVE_TM_GMTOFF=1 -DHAVE_TIMEZONE_VAR=1 -DHAVE_ST_BLKSIZE=1 -DSTDC_HEADERS=1 -DNO_UNION_WAIT=1 -DHAVE_SIGNED_CHAR=1 -DHAVE_LANGINFO=1 -DHAVE_FTS=1 -DHAVE_SYS_IOCTL_H=1 -DHAVE_CPUID=1        -DTCL_SHLIB_EXT=\".so\"   /home/wb/Work/nGit/projects/solar_build_test/solar/old_root-9.0.1/lib_src/libtcl8.4/unix/../unix/tclUnixCompat.c
/usr/bin/gcc -c -O2  -pipe  -DTCL_DBGX= -Wall -fno-strict-aliasing -fPIC -I. -I/home/wb/Work/nGit/projects/solar_build_test/solar/old_root-9.0.1/lib_src/libtcl8.4/unix/../generic -I/home/wb/Work/nGit/projects/solar_build_test/solar/old_root-9.0.1/lib_src/libtcl8.4/unix -DHAVE_LIMITS_H=1 -DHAVE_UNISTD_H=1 -DHAVE_SYS_PARAM_H=1 -DUSE_THREAD_ALLOC=1 -D_REENTRANT=1 -D_THREAD_SAFE=1 -DHAVE_PTHREAD_ATTR_SETSTACKSIZE=1 -DHAVE_PTHREAD_ATFORK=1 -DTCL_THREADS=1 -DPEEK_XCLOSEIM=1 -DHAVE_CAST_TO_UNION=1 -DNDEBUG=1 -D_LARGEFILE64_SOURCE=1 -DTCL_WIDE_INT_IS_LONG=1 -DHAVE_GETCWD=1 -DHAVE_OPENDIR=1 -DHAVE_STRSTR=1 -DHAVE_STRTOL=1 -DHAVE_STRTOLL=1 -DHAVE_STRTOULL=1 -DHAVE_TMPNAM=1 -DHAVE_WAITPID=1 -DHAVE_GETPWUID_R_5=1 -DHAVE_GETPWUID_R=1 -DHAVE_GETPWNAM_R_5=1 -DHAVE_GETPWNAM_R=1 -DHAVE_GETGRGID_R_5=1 -DHAVE_GETGRGID_R=1 -DHAVE_GETGRNAM_R_5=1 -DHAVE_GETGRNAM_R=1 -DHAVE_GETHOSTBYNAME_R_6=1 -DHAVE_GETHOSTBYNAME_R=1 -DHAVE_GETHOSTBYADDR_R_8=1 -DHAVE_GETHOSTBYADDR_R=1 -DUSE_TERMIOS=1 -DHAVE_SYS_TIME_H=1 -DTIME_WITH_SYS_TIME=1 -DHAVE_TM_ZONE=1 -DHAVE_GMTIME_R=1 -DHAVE_LOCALTIME_R=1 -DHAVE_TM_GMTOFF=1 -DHAVE_TIMEZONE_VAR=1 -DHAVE_ST_BLKSIZE=1 -DSTDC_HEADERS=1 -DNO_UNION_WAIT=1 -DHAVE_SIGNED_CHAR=1 -DHAVE_LANGINFO=1 -DHAVE_FTS=1 -DHAVE_SYS_IOCTL_H=1 -DHAVE_CPUID=1        -DTCL_SHLIB_EXT=\".so\"   /home/wb/Work/nGit/projects/solar_build_test/solar/old_root-9.0.1/lib_src/libtcl8.4/unix/../unix/tclUnixNotfy.c
/home/wb/Work/nGit/projects/solar_build_test/solar/old_root-9.0.1/lib_src/libtcl8.4/unix/../unix/tclUnixNotfy.c: In function ‘Tcl_FinalizeNotifier’:
/home/wb/Work/nGit/projects/solar_build_test/solar/old_root-9.0.1/lib_src/libtcl8.4/unix/../unix/tclUnixNotfy.c:341:9: warning: ignoring return value of ‘write’ declared with attribute ‘warn_unused_result’ [-Wunused-result]
  341 |         write(triggerPipe, "q", 1);
      |         ^~~~~~~~~~~~~~~~~~~~~~~~~~
/home/wb/Work/nGit/projects/solar_build_test/solar/old_root-9.0.1/lib_src/libtcl8.4/unix/../unix/tclUnixNotfy.c: In function ‘Tcl_WaitForEvent’:
/home/wb/Work/nGit/projects/solar_build_test/solar/old_root-9.0.1/lib_src/libtcl8.4/unix/../unix/tclUnixNotfy.c:865:9: warning: ignoring return value of ‘write’ declared with attribute ‘warn_unused_result’ [-Wunused-result]
  865 |         write(triggerPipe, "", 1);
      |         ^~~~~~~~~~~~~~~~~~~~~~~~~
/home/wb/Work/nGit/projects/solar_build_test/solar/old_root-9.0.1/lib_src/libtcl8.4/unix/../unix/tclUnixNotfy.c:926:9: warning: ignoring return value of ‘write’ declared with attribute ‘warn_unused_result’ [-Wunused-result]
  926 |         write(triggerPipe, "", 1);
      |         ^~~~~~~~~~~~~~~~~~~~~~~~~
/usr/bin/gcc -c -O2  -pipe  -DTCL_DBGX= -Wall -fno-strict-aliasing -fPIC -I. -I/home/wb/Work/nGit/projects/solar_build_test/solar/old_root-9.0.1/lib_src/libtcl8.4/unix/../generic -I/home/wb/Work/nGit/projects/solar_build_test/solar/old_root-9.0.1/lib_src/libtcl8.4/unix -DHAVE_LIMITS_H=1 -DHAVE_UNISTD_H=1 -DHAVE_SYS_PARAM_H=1 -DUSE_THREAD_ALLOC=1 -D_REENTRANT=1 -D_THREAD_SAFE=1 -DHAVE_PTHREAD_ATTR_SETSTACKSIZE=1 -DHAVE_PTHREAD_ATFORK=1 -DTCL_THREADS=1 -DPEEK_XCLOSEIM=1 -DHAVE_CAST_TO_UNION=1 -DNDEBUG=1 -D_LARGEFILE64_SOURCE=1 -DTCL_WIDE_INT_IS_LONG=1 -DHAVE_GETCWD=1 -DHAVE_OPENDIR=1 -DHAVE_STRSTR=1 -DHAVE_STRTOL=1 -DHAVE_STRTOLL=1 -DHAVE_STRTOULL=1 -DHAVE_TMPNAM=1 -DHAVE_WAITPID=1 -DHAVE_GETPWUID_R_5=1 -DHAVE_GETPWUID_R=1 -DHAVE_GETPWNAM_R_5=1 -DHAVE_GETPWNAM_R=1 -DHAVE_GETGRGID_R_5=1 -DHAVE_GETGRGID_R=1 -DHAVE_GETGRNAM_R_5=1 -DHAVE_GETGRNAM_R=1 -DHAVE_GETHOSTBYNAME_R_6=1 -DHAVE_GETHOSTBYNAME_R=1 -DHAVE_GETHOSTBYADDR_R_8=1 -DHAVE_GETHOSTBYADDR_R=1 -DUSE_TERMIOS=1 -DHAVE_SYS_TIME_H=1 -DTIME_WITH_SYS_TIME=1 -DHAVE_TM_ZONE=1 -DHAVE_GMTIME_R=1 -DHAVE_LOCALTIME_R=1 -DHAVE_TM_GMTOFF=1 -DHAVE_TIMEZONE_VAR=1 -DHAVE_ST_BLKSIZE=1 -DSTDC_HEADERS=1 -DNO_UNION_WAIT=1 -DHAVE_SIGNED_CHAR=1 -DHAVE_LANGINFO=1 -DHAVE_FTS=1 -DHAVE_SYS_IOCTL_H=1 -DHAVE_CPUID=1        -DTCL_SHLIB_EXT=\".so\"   /home/wb/Work/nGit/projects/solar_build_test/solar/old_root-9.0.1/lib_src/libtcl8.4/unix/../unix/tclLoadDl.c
rm -f libtclstub8.4.a
ar cr libtclstub8.4.a tclStubLib.o  ; ranlib libtclstub8.4.a
rm -f libtcl8.4.so
/usr/bin/gcc -shared -O2  -pipe  -DTCL_DBGX=   -Wl,--export-dynamic -o libtcl8.4.so regcomp.o regexec.o regfree.o regerror.o tclAlloc.o tclAsync.o tclBasic.o tclBinary.o tclCkalloc.o tclClock.o tclCmdAH.o tclCmdIL.o tclCmdMZ.o tclCompCmds.o tclCompExpr.o tclCompile.o tclDate.o tclEncoding.o tclEnv.o tclEvent.o tclExecute.o tclFCmd.o tclFileName.o tclGet.o tclHash.o tclHistory.o tclIndexObj.o tclInterp.o tclIO.o tclIOCmd.o tclIOGT.o tclIOSock.o tclIOUtil.o tclLink.o tclListObj.o tclLiteral.o tclLoad.o tclMain.o tclNamesp.o tclNotify.o tclObj.o tclPanic.o tclParse.o tclParseExpr.o tclPipe.o tclPkg.o tclPosixStr.o tclPreserve.o tclProc.o tclRegexp.o tclResolve.o tclResult.o tclScan.o tclStringObj.o tclThread.o tclThreadAlloc.o tclThreadJoin.o tclStubInit.o tclStubLib.o tclTimer.o tclUtf.o tclUtil.o tclVar.o tclUnixChan.o tclUnixEvent.o tclUnixFCmd.o tclUnixFile.o tclUnixPipe.o tclUnixSock.o tclUnixTime.o tclUnixInit.o tclUnixThrd.o tclUnixCompat.o tclUnixNotfy.o  tclLoadDl.o   -ldl  -lpthread -lm   -Wl,-rpath,/home/wb/Work/nGit/projects/solar_build_test/solar/old_root-9.0.1/bin_src/solarmain-9.0.1/lib
make: Leaving directory '/home/wb/Work/nGit/projects/solar_build_test/solar/old_root-9.0.1/lib_src/libtcl8.4/unix'
make: Entering directory '/home/wb/Work/nGit/projects/solar_build_test/solar/old_root-9.0.1/lib_src/libtcl8.4/unix'
Installing libtcl8.4.so to /home/wb/Work/nGit/projects/solar_build_test/solar/old_root-9.0.1/bin_src/solarmain-9.0.1/lib/
Installing tclConfig.sh to /home/wb/Work/nGit/projects/solar_build_test/solar/old_root-9.0.1/bin_src/solarmain-9.0.1/lib/
Installing libtclstub8.4.a to /home/wb/Work/nGit/projects/solar_build_test/solar/old_root-9.0.1/bin_src/solarmain-9.0.1/lib/
Installing header files
Installing library files to /home/wb/Work/nGit/projects/solar_build_test/solar/old_root-9.0.1/bin_src/solarmain-9.0.1/lib/tcl8.4
Installing library platform directory
Installing library http1.0 directory
Installing library http2.5 directory
Installing library opt0.4 directory
Installing library msgcat1.3 directory
Installing library tcltest2.2 directory
Installing library encoding directory
make: Leaving directory '/home/wb/Work/nGit/projects/solar_build_test/solar/old_root-9.0.1/lib_src/libtcl8.4/unix'
libplinkio makefile successfully made
rm -f /home/wb/Work/nGit/projects/solar_build_test/solar/old_root-9.0.1/lib_src/libplinkio/src/plinkio.o /home/wb/Work/nGit/projects/solar_build_test/solar/old_root-9.0.1/lib_src/libplinkio/src/libcsv.o /home/wb/Work/nGit/projects/solar_build_test/solar/old_root-9.0.1/lib_src/libplinkio/src/file.o /home/wb/Work/nGit/projects/solar_build_test/solar/old_root-9.0.1/lib_src/libplinkio/src/fam_parse.o /home/wb/Work/nGit/projects/solar_build_test/solar/old_root-9.0.1/lib_src/libplinkio/src/fam.o /home/wb/Work/nGit/projects/solar_build_test/solar/old_root-9.0.1/lib_src/libplinkio/src/bim_parse.o /home/wb/Work/nGit/projects/solar_build_test/solar/old_root-9.0.1/lib_src/libplinkio/src/bim.o /home/wb/Work/nGit/projects/solar_build_test/solar/old_root-9.0.1/lib_src/libplinkio/src/bed_header.o /home/wb/Work/nGit/projects/solar_build_test/solar/old_root-9.0.1/lib_src/libplinkio/src/bed.o libplinkio.a
/usr/bin/gcc -c -O3 -I/home/wb/Work/nGit/projects/solar_build_test/solar/old_root-9.0.1/lib_src/libplinkio/include -o /home/wb/Work/nGit/projects/solar_build_test/solar/old_root-9.0.1/lib_src/libplinkio/src/plinkio.o /home/wb/Work/nGit/projects/solar_build_test/solar/old_root-9.0.1/lib_src/libplinkio/src/plinkio.c
/usr/bin/gcc -c -O3 -I/home/wb/Work/nGit/projects/solar_build_test/solar/old_root-9.0.1/lib_src/libplinkio/include -o /home/wb/Work/nGit/projects/solar_build_test/solar/old_root-9.0.1/lib_src/libplinkio/src/libcsv.o /home/wb/Work/nGit/projects/solar_build_test/solar/old_root-9.0.1/lib_src/libplinkio/src/libcsv.c
/usr/bin/gcc -c -O3 -I/home/wb/Work/nGit/projects/solar_build_test/solar/old_root-9.0.1/lib_src/libplinkio/include -o /home/wb/Work/nGit/projects/solar_build_test/solar/old_root-9.0.1/lib_src/libplinkio/src/file.o /home/wb/Work/nGit/projects/solar_build_test/solar/old_root-9.0.1/lib_src/libplinkio/src/file.c
/usr/bin/gcc -c -O3 -I/home/wb/Work/nGit/projects/solar_build_test/solar/old_root-9.0.1/lib_src/libplinkio/include -o /home/wb/Work/nGit/projects/solar_build_test/solar/old_root-9.0.1/lib_src/libplinkio/src/fam_parse.o /home/wb/Work/nGit/projects/solar_build_test/solar/old_root-9.0.1/lib_src/libplinkio/src/fam_parse.c
/usr/bin/gcc -c -O3 -I/home/wb/Work/nGit/projects/solar_build_test/solar/old_root-9.0.1/lib_src/libplinkio/include -o /home/wb/Work/nGit/projects/solar_build_test/solar/old_root-9.0.1/lib_src/libplinkio/src/fam.o /home/wb/Work/nGit/projects/solar_build_test/solar/old_root-9.0.1/lib_src/libplinkio/src/fam.c
/usr/bin/gcc -c -O3 -I/home/wb/Work/nGit/projects/solar_build_test/solar/old_root-9.0.1/lib_src/libplinkio/include -o /home/wb/Work/nGit/projects/solar_build_test/solar/old_root-9.0.1/lib_src/libplinkio/src/bim_parse.o /home/wb/Work/nGit/projects/solar_build_test/solar/old_root-9.0.1/lib_src/libplinkio/src/bim_parse.c
/usr/bin/gcc -c -O3 -I/home/wb/Work/nGit/projects/solar_build_test/solar/old_root-9.0.1/lib_src/libplinkio/include -o /home/wb/Work/nGit/projects/solar_build_test/solar/old_root-9.0.1/lib_src/libplinkio/src/bim.o /home/wb/Work/nGit/projects/solar_build_test/solar/old_root-9.0.1/lib_src/libplinkio/src/bim.c
/usr/bin/gcc -c -O3 -I/home/wb/Work/nGit/projects/solar_build_test/solar/old_root-9.0.1/lib_src/libplinkio/include -o /home/wb/Work/nGit/projects/solar_build_test/solar/old_root-9.0.1/lib_src/libplinkio/src/bed_header.o /home/wb/Work/nGit/projects/solar_build_test/solar/old_root-9.0.1/lib_src/libplinkio/src/bed_header.c
/usr/bin/gcc -c -O3 -I/home/wb/Work/nGit/projects/solar_build_test/solar/old_root-9.0.1/lib_src/libplinkio/include -o /home/wb/Work/nGit/projects/solar_build_test/solar/old_root-9.0.1/lib_src/libplinkio/src/bed.o /home/wb/Work/nGit/projects/solar_build_test/solar/old_root-9.0.1/lib_src/libplinkio/src/bed.c
ar rcs libplinkio.a /home/wb/Work/nGit/projects/solar_build_test/solar/old_root-9.0.1/lib_src/libplinkio/src/plinkio.o /home/wb/Work/nGit/projects/solar_build_test/solar/old_root-9.0.1/lib_src/libplinkio/src/libcsv.o /home/wb/Work/nGit/projects/solar_build_test/solar/old_root-9.0.1/lib_src/libplinkio/src/file.o /home/wb/Work/nGit/projects/solar_build_test/solar/old_root-9.0.1/lib_src/libplinkio/src/fam_parse.o /home/wb/Work/nGit/projects/solar_build_test/solar/old_root-9.0.1/lib_src/libplinkio/src/fam.o /home/wb/Work/nGit/projects/solar_build_test/solar/old_root-9.0.1/lib_src/libplinkio/src/bim_parse.o /home/wb/Work/nGit/projects/solar_build_test/solar/old_root-9.0.1/lib_src/libplinkio/src/bim.o /home/wb/Work/nGit/projects/solar_build_test/solar/old_root-9.0.1/lib_src/libplinkio/src/bed_header.o /home/wb/Work/nGit/projects/solar_build_test/solar/old_root-9.0.1/lib_src/libplinkio/src/bed.o 
mkdir -p /home/wb/Work/nGit/projects/solar_build_test/solar/old_root-9.0.1/bin_src/solarmain-9.0.1/include
mkdir -p /home/wb/Work/nGit/projects/solar_build_test/solar/old_root-9.0.1/bin_src/solarmain-9.0.1/lib
cp -R /home/wb/Work/nGit/projects/solar_build_test/solar/old_root-9.0.1/lib_src/libplinkio/include/* /home/wb/Work/nGit/projects/solar_build_test/solar/old_root-9.0.1/bin_src/solarmain-9.0.1/include
cp libplinkio.a /home/wb/Work/nGit/projects/solar_build_test/solar/old_root-9.0.1/bin_src/solarmain-9.0.1/lib
solarmain makefile successfully made
rm -f /home/wb/Work/nGit/projects/solar_build_test/solar/old_root-9.0.1/bin_src/solarmain-9.0.1/src/alnorm.o /home/wb/Work/nGit/projects/solar_build_test/solar/old_root-9.0.1/bin_src/solarmain-9.0.1/src/astop.o /home/wb/Work/nGit/projects/solar_build_test/solar/old_root-9.0.1/bin_src/solarmain-9.0.1/src/asycov.o /home/wb/Work/nGit/projects/solar_build_test/solar/old_root-9.0.1/bin_src/solarmain-9.0.1/src/beta.o /home/wb/Work/nGit/projects/solar_build_test/solar/old_root-9.0.1/bin_src/solarmain-9.0.1/src/calc.o /home/wb/Work/nGit/projects/solar_build_test/solar/old_root-9.0.1/bin_src/solarmain-9.0.1/src/cdfchi.o /home/wb/Work/nGit/projects/solar_build_test/solar/old_root-9.0.1/bin_src/solarmain-9.0.1/src/cdfnor.o /home/wb/Work/nGit/projects/solar_build_test/solar/old_root-9.0.1/bin_src/solarmain-9.0.1/src/chisq.o /home/wb/Work/nGit/projects/solar_build_test/solar/old_root-9.0.1/bin_src/solarmain-9.0.1/src/clear.o /home/wb/Work/nGit/projects/solar_build_test/solar/old_root-9.0.1/bin_src/solarmain-9.0.1/src/copyped.o /home/wb/Work/nGit/projects/solar_build_test/solar/old_root-9.0.1/bin_src/solarmain-9.0.1/src/covar.o /home/wb/Work/nGit/projects/solar_build_test/solar/old_root-9.0.1/bin_src/solarmain-9.0.1/src/dasycov.o /home/wb/Work/nGit/projects/solar_build_test/solar/old_root-9.0.1/bin_src/solarmain-9.0.1/src/dcopyped.o /home/wb/Work/nGit/projects/solar_build_test/solar/old_root-9.0.1/bin_src/solarmain-9.0.1/src/dcovar.o /home/wb/Work/nGit/projects/solar_build_test/solar/old_root-9.0.1/bin_src/solarmain-9.0.1/src/ddfun.o /home/wb/Work/nGit/projects/solar_build_test/solar/old_root-9.0.1/bin_src/solarmain-9.0.1/src/delta7.o /home/wb/Work/nGit/projects/solar_build_test/solar/old_root-9.0.1/bin_src/solarmain-9.0.1/src/dfun.o /home/wb/Work/nGit/projects/solar_build_test/solar/old_root-9.0.1/bin_src/solarmain-9.0.1/src/digam.o /home/wb/Work/nGit/projects/solar_build_test/solar/old_root-9.0.1/bin_src/solarmain-9.0.1/src/direct.o /home/wb/Work/nGit/projects/solar_build_test/solar/old_root-9.0.1/bin_src/solarmain-9.0.1/src/dmean.o /home/wb/Work/nGit/projects/solar_build_test/solar/old_root-9.0.1/bin_src/solarmain-9.0.1/src/dppfa.o /home/wb/Work/nGit/projects/solar_build_test/solar/old_root-9.0.1/bin_src/solarmain-9.0.1/src/edftst.o /home/wb/Work/nGit/projects/solar_build_test/solar/old_root-9.0.1/bin_src/solarmain-9.0.1/src/evdlik.o /home/wb/Work/nGit/projects/solar_build_test/solar/old_root-9.0.1/bin_src/solarmain-9.0.1/src/evdout.o /home/wb/Work/nGit/projects/solar_build_test/solar/old_root-9.0.1/bin_src/solarmain-9.0.1/src/fdist.o /home/wb/Work/nGit/projects/solar_build_test/solar/old_root-9.0.1/bin_src/solarmain-9.0.1/src/fit2dp.o /home/wb/Work/nGit/projects/solar_build_test/solar/old_root-9.0.1/bin_src/solarmain-9.0.1/src/fortfiles.o /home/wb/Work/nGit/projects/solar_build_test/solar/old_root-9.0.1/bin_src/solarmain-9.0.1/src/fpedifromsnps.o /home/wb/Work/nGit/projects/solar_build_test/solar/old_root-9.0.1/bin_src/solarmain-9.0.1/src/fun.o /home/wb/Work/nGit/projects/solar_build_test/solar/old_root-9.0.1/bin_src/solarmain-9.0.1/src/fun_mehd.o /home/wb/Work/nGit/projects/solar_build_test/solar/old_root-9.0.1/bin_src/solarmain-9.0.1/src/gamlog.o /home/wb/Work/nGit/projects/solar_build_test/solar/old_root-9.0.1/bin_src/solarmain-9.0.1/src/gaucdf.o /home/wb/Work/nGit/projects/solar_build_test/solar/old_root-9.0.1/bin_src/solarmain-9.0.1/src/hessin.o /home/wb/Work/nGit/projects/solar_build_test/solar/old_root-9.0.1/bin_src/solarmain-9.0.1/src/hpsort.o /home/wb/Work/nGit/projects/solar_build_test/solar/old_root-9.0.1/bin_src/solarmain-9.0.1/src/inital.o /home/wb/Work/nGit/projects/solar_build_test/solar/old_root-9.0.1/bin_src/solarmain-9.0.1/src/ipmpar.o /home/wb/Work/nGit/projects/solar_build_test/solar/old_root-9.0.1/bin_src/solarmain-9.0.1/src/kin.o /home/wb/Work/nGit/projects/solar_build_test/solar/old_root-9.0.1/bin_src/solarmain-9.0.1/src/linpack.o /home/wb/Work/nGit/projects/solar_build_test/solar/old_root-9.0.1/bin_src/solarmain-9.0.1/src/logo.o /home/wb/Work/nGit/projects/solar_build_test/solar/old_root-9.0.1/bin_src/solarmain-9.0.1/src/loop.o /home/wb/Work/nGit/projects/solar_build_test/solar/old_root-9.0.1/bin_src/solarmain-9.0.1/src/mblank.o /home/wb/Work/nGit/projects/solar_build_test/solar/old_root-9.0.1/bin_src/solarmain-9.0.1/src/mvncdf.o /home/wb/Work/nGit/projects/solar_build_test/solar/old_root-9.0.1/bin_src/solarmain-9.0.1/src/newlik.o /home/wb/Work/nGit/projects/solar_build_test/solar/old_root-9.0.1/bin_src/solarmain-9.0.1/src/optima.o /home/wb/Work/nGit/projects/solar_build_test/solar/old_root-9.0.1/bin_src/solarmain-9.0.1/src/output.o /home/wb/Work/nGit/projects/solar_build_test/solar/old_root-9.0.1/bin_src/solarmain-9.0.1/src/pedtst.o /home/wb/Work/nGit/projects/solar_build_test/solar/old_root-9.0.1/bin_src/solarmain-9.0.1/src/phidens.o /home/wb/Work/nGit/projects/solar_build_test/solar/old_root-9.0.1/bin_src/solarmain-9.0.1/src/pinput.o /home/wb/Work/nGit/projects/solar_build_test/solar/old_root-9.0.1/bin_src/solarmain-9.0.1/src/ppnd.o /home/wb/Work/nGit/projects/solar_build_test/solar/old_root-9.0.1/bin_src/solarmain-9.0.1/src/preopt.o /home/wb/Work/nGit/projects/solar_build_test/solar/old_root-9.0.1/bin_src/solarmain-9.0.1/src/preped.o /home/wb/Work/nGit/projects/solar_build_test/solar/old_root-9.0.1/bin_src/solarmain-9.0.1/src/qdprog.o /home/wb/Work/nGit/projects/solar_build_test/solar/old_root-9.0.1/bin_src/solarmain-9.0.1/src/random.o /home/wb/Work/nGit/projects/solar_build_test/solar/old_root-9.0.1/bin_src/solarmain-9.0.1/src/resid.o /home/wb/Work/nGit/projects/solar_build_test/solar/old_root-9.0.1/bin_src/solarmain-9.0.1/src/scor.o /home/wb/Work/nGit/projects/solar_build_test/solar/old_root-9.0.1/bin_src/solarmain-9.0.1/src/search.o /home/wb/Work/nGit/projects/solar_build_test/solar/old_root-9.0.1/bin_src/solarmain-9.0.1/src/settab.o /home/wb/Work/nGit/projects/solar_build_test/solar/old_root-9.0.1/bin_src/solarmain-9.0.1/src/smpoutput.o /home/wb/Work/nGit/projects/solar_build_test/solar/old_root-9.0.1/bin_src/solarmain-9.0.1/src/spmpar.o /home/wb/Work/nGit/projects/solar_build_test/solar/old_root-9.0.1/bin_src/solarmain-9.0.1/src/sweep.o /home/wb/Work/nGit/projects/solar_build_test/solar/old_root-9.0.1/bin_src/solarmain-9.0.1/src/symeig.o /home/wb/Work/nGit/projects/solar_build_test/solar/old_root-9.0.1/bin_src/solarmain-9.0.1/src/tdist.o /home/wb/Work/nGit/projects/solar_build_test/solar/old_root-9.0.1/bin_src/solarmain-9.0.1/src/trigam.o /home/wb/Work/nGit/projects/solar_build_test/solar/old_root-9.0.1/bin_src/solarmain-9.0.1/src/upcase.o /home/wb/Work/nGit/projects/solar_build_test/solar/old_root-9.0.1/bin_src/solarmain-9.0.1/src/writestr.o /home/wb/Work/nGit/projects/solar_build_test/solar/old_root-9.0.1/bin_src/solarmain-9.0.1/src/yesno.o  /home/wb/Work/nGit/projects/solar_build_test/solar/old_root-9.0.1/bin_src/solarmain-9.0.1/src/genetic_correlation.o /home/wb/Work/nGit/projects/solar_build_test/solar/old_root-9.0.1/bin_src/solarmain-9.0.1/src/alnormc.o /home/wb/Work/nGit/projects/solar_build_test/solar/old_root-9.0.1/bin_src/solarmain-9.0.1/src/annotate_gwas.o /home/wb/Work/nGit/projects/solar_build_test/solar/old_root-9.0.1/bin_src/solarmain-9.0.1/src/ccsearch.o /home/wb/Work/nGit/projects/solar_build_test/solar/old_root-9.0.1/bin_src/solarmain-9.0.1/src/calculate_snp_frequencies.o /home/wb/Work/nGit/projects/solar_build_test/solar/old_root-9.0.1/bin_src/solarmain-9.0.1/src/chi.o /home/wb/Work/nGit/projects/solar_build_test/solar/old_root-9.0.1/bin_src/solarmain-9.0.1/src/constraint.o /home/wb/Work/nGit/projects/solar_build_test/solar/old_root-9.0.1/bin_src/solarmain-9.0.1/src/covariate.o /home/wb/Work/nGit/projects/solar_build_test/solar/old_root-9.0.1/bin_src/solarmain-9.0.1/src/create_evd.o /home/wb/Work/nGit/projects/solar_build_test/solar/old_root-9.0.1/bin_src/solarmain-9.0.1/src/create_fake_pedigree.o /home/wb/Work/nGit/projects/solar_build_test/solar/old_root-9.0.1/bin_src/solarmain-9.0.1/src/define.o /home/wb/Work/nGit/projects/solar_build_test/solar/old_root-9.0.1/bin_src/solarmain-9.0.1/src/drand.o /home/wb/Work/nGit/projects/solar_build_test/solar/old_root-9.0.1/bin_src/solarmain-9.0.1/src/eqvar.o /home/wb/Work/nGit/projects/solar_build_test/solar/old_root-9.0.1/bin_src/solarmain-9.0.1/src/evd.o /home/wb/Work/nGit/projects/solar_build_test/solar/old_root-9.0.1/bin_src/solarmain-9.0.1/src/expression.o /home/wb/Work/nGit/projects/solar_build_test/solar/old_root-9.0.1/bin_src/solarmain-9.0.1/src/field.o /home/wb/Work/nGit/projects/solar_build_test/solar/old_root-9.0.1/bin_src/solarmain-9.0.1/src/fisherpedigree.o /home/wb/Work/nGit/projects/solar_build_test/solar/old_root-9.0.1/bin_src/solarmain-9.0.1/src/fphi.o /home/wb/Work/nGit/projects/solar_build_test/solar/old_root-9.0.1/bin_src/solarmain-9.0.1/src/freq.o /home/wb/Work/nGit/projects/solar_build_test/solar/old_root-9.0.1/bin_src/solarmain-9.0.1/src/function.o /home/wb/Work/nGit/projects/solar_build_test/solar/old_root-9.0.1/bin_src/solarmain-9.0.1/src/gwas.o /home/wb/Work/nGit/projects/solar_build_test/solar/old_root-9.0.1/bin_src/solarmain-9.0.1/src/help.o /home/wb/Work/nGit/projects/solar_build_test/solar/old_root-9.0.1/bin_src/solarmain-9.0.1/src/howclose.o /home/wb/Work/nGit/projects/solar_build_test/solar/old_root-9.0.1/bin_src/solarmain-9.0.1/src/ibd.o /home/wb/Work/nGit/projects/solar_build_test/solar/old_root-9.0.1/bin_src/solarmain-9.0.1/src/ibdoption.o /home/wb/Work/nGit/projects/solar_build_test/solar/old_root-9.0.1/bin_src/solarmain-9.0.1/src/ibs.o /home/wb/Work/nGit/projects/solar_build_test/solar/old_root-9.0.1/bin_src/solarmain-9.0.1/src/inorm_nifti.o /home/wb/Work/nGit/projects/solar_build_test/solar/old_root-9.0.1/bin_src/solarmain-9.0.1/src/key.o /home/wb/Work/nGit/projects/solar_build_test/solar/old_root-9.0.1/bin_src/solarmain-9.0.1/src/listmaker.o /home/wb/Work/nGit/projects/solar_build_test/solar/old_root-9.0.1/bin_src/solarmain-9.0.1/src/loadsave.o /home/wb/Work/nGit/projects/solar_build_test/solar/old_root-9.0.1/bin_src/solarmain-9.0.1/src/loglike.o /home/wb/Work/nGit/projects/solar_build_test/solar/old_root-9.0.1/bin_src/solarmain-9.0.1/src/map.o /home/wb/Work/nGit/projects/solar_build_test/solar/old_root-9.0.1/bin_src/solarmain-9.0.1/src/marker.o /home/wb/Work/nGit/projects/solar_build_test/solar/old_root-9.0.1/bin_src/solarmain-9.0.1/src/mathmatrix.o /home/wb/Work/nGit/projects/solar_build_test/solar/old_root-9.0.1/bin_src/solarmain-9.0.1/src/matrix.o /home/wb/Work/nGit/projects/solar_build_test/solar/old_root-9.0.1/bin_src/solarmain-9.0.1/src/maximize.o /home/wb/Work/nGit/projects/solar_build_test/solar/old_root-9.0.1/bin_src/solarmain-9.0.1/src/mibd.o /home/wb/Work/nGit/projects/solar_build_test/solar/old_root-9.0.1/bin_src/solarmain-9.0.1/src/model.o /home/wb/Work/nGit/projects/solar_build_test/solar/old_root-9.0.1/bin_src/solarmain-9.0.1/src/mu.o /home/wb/Work/nGit/projects/solar_build_test/solar/old_root-9.0.1/bin_src/solarmain-9.0.1/src/nifti_assemble.o /home/wb/Work/nGit/projects/solar_build_test/solar/old_root-9.0.1/bin_src/solarmain-9.0.1/src/nifti_to_csv.o /home/wb/Work/nGit/projects/solar_build_test/solar/old_root-9.0.1/bin_src/solarmain-9.0.1/src/normal.o /home/wb/Work/nGit/projects/solar_build_test/solar/old_root-9.0.1/bin_src/solarmain-9.0.1/src/omega.o /home/wb/Work/nGit/projects/solar_build_test/solar/old_root-9.0.1/bin_src/solarmain-9.0.1/src/option.o /home/wb/Work/nGit/projects/solar_build_test/solar/old_root-9.0.1/bin_src/solarmain-9.0.1/src/parameter.o /home/wb/Work/nGit/projects/solar_build_test/solar/old_root-9.0.1/bin_src/solarmain-9.0.1/src/pedifromsnps.o /home/wb/Work/nGit/projects/solar_build_test/solar/old_root-9.0.1/bin_src/solarmain-9.0.1/src/pedigree.o /home/wb/Work/nGit/projects/solar_build_test/solar/old_root-9.0.1/bin_src/solarmain-9.0.1/src/phenotypes.o /home/wb/Work/nGit/projects/solar_build_test/solar/old_root-9.0.1/bin_src/solarmain-9.0.1/src/plink_converter.o /home/wb/Work/nGit/projects/solar_build_test/solar/old_root-9.0.1/bin_src/solarmain-9.0.1/src/power.o /home/wb/Work/nGit/projects/solar_build_test/solar/old_root-9.0.1/bin_src/solarmain-9.0.1/src/reorder_phenotype.o /home/wb/Work/nGit/projects/solar_build_test/solar/old_root-9.0.1/bin_src/solarmain-9.0.1/src/scale.o /home/wb/Work/nGit/projects/solar_build_test/solar/old_root-9.0.1/bin_src/solarmain-9.0.1/src/scan.o /home/wb/Work/nGit/projects/solar_build_test/solar/old_root-9.0.1/bin_src/solarmain-9.0.1/src/scratchfile.o /home/wb/Work/nGit/projects/solar_build_test/solar/old_root-9.0.1/bin_src/solarmain-9.0.1/src/simqtl.o /home/wb/Work/nGit/projects/solar_build_test/solar/old_root-9.0.1/bin_src/solarmain-9.0.1/src/snp.o /home/wb/Work/nGit/projects/solar_build_test/solar/old_root-9.0.1/bin_src/solarmain-9.0.1/src/solar.o /home/wb/Work/nGit/projects/solar_build_test/solar/old_root-9.0.1/bin_src/solarmain-9.0.1/src/solarfile.o /home/wb/Work/nGit/projects/solar_build_test/solar/old_root-9.0.1/bin_src/solarmain-9.0.1/src/solarfilecmd.o /home/wb/Work/nGit/projects/solar_build_test/solar/old_root-9.0.1/bin_src/solarmain-9.0.1/src/solar_mle_setup.o /home/wb/Work/nGit/projects/solar_build_test/solar/old_root-9.0.1/bin_src/solarmain-9.0.1/src/solar-trait-reader.o /home/wb/Work/nGit/projects/solar_build_test/solar/old_root-9.0.1/bin_src/solarmain-9.0.1/src/split_pheno_file.o /home/wb/Work/nGit/projects/solar_build_test/solar/old_root-9.0.1/bin_src/solarmain-9.0.1/src/sporadic.o /home/wb/Work/nGit/projects/solar_build_test/solar/old_root-9.0.1/bin_src/solarmain-9.0.1/src/tablefile.o /home/wb/Work/nGit/projects/solar_build_test/solar/old_root-9.0.1/bin_src/solarmain-9.0.1/src/tablefilecmd.o /home/wb/Work/nGit/projects/solar_build_test/solar/old_root-9.0.1/bin_src/solarmain-9.0.1/src/token.o /home/wb/Work/nGit/projects/solar_build_test/solar/old_root-9.0.1/bin_src/solarmain-9.0.1/src/trait.o /home/wb/Work/nGit/projects/solar_build_test/solar/old_root-9.0.1/bin_src/solarmain-9.0.1/src/verbosity.o /home/wb/Work/nGit/projects/solar_build_test/solar/old_root-9.0.1/bin_src/solarmain-9.0.1/src/voxel.o /home/wb/Work/nGit/projects/solar_build_test/solar/old_root-9.0.1/bin_src/solarmain-9.0.1/src/zscore.o /home/wb/Work/nGit/projects/solar_build_test/solar/old_root-9.0.1/bin_src/solarmain-9.0.1/src/print_phi2.o /home/wb/Work/nGit/projects/solar_build_test/solar/old_root-9.0.1/bin_src/solarmain-9.0.1/src/pedigree_power.o  /home/wb/Work/nGit/projects/solar_build_test/solar/old_root-9.0.1/bin_src/solarmain-9.0.1/src/ccuserid.o /home/wb/Work/nGit/projects/solar_build_test/solar/old_root-9.0.1/bin_src/solarmain-9.0.1/src/cplink_converter.o /home/wb/Work/nGit/projects/solar_build_test/solar/old_root-9.0.1/bin_src/solarmain-9.0.1/src/eigstruc.o /home/wb/Work/nGit/projects/solar_build_test/solar/old_root-9.0.1/bin_src/solarmain-9.0.1/src/fdate.o /home/wb/Work/nGit/projects/solar_build_test/solar/old_root-9.0.1/bin_src/solarmain-9.0.1/src/mehd.o /home/wb/Work/nGit/projects/solar_build_test/solar/old_root-9.0.1/bin_src/solarmain-9.0.1/src/ncdf.o /home/wb/Work/nGit/projects/solar_build_test/solar/old_root-9.0.1/bin_src/solarmain-9.0.1/src/npdf.o /home/wb/Work/nGit/projects/solar_build_test/solar/old_root-9.0.1/bin_src/solarmain-9.0.1/src/nrutil.o /home/wb/Work/nGit/projects/solar_build_test/solar/old_root-9.0.1/bin_src/solarmain-9.0.1/src/plinkio.o /home/wb/Work/nGit/projects/solar_build_test/solar/old_root-9.0.1/bin_src/solarmain-9.0.1/src/plotpipe.o /home/wb/Work/nGit/projects/solar_build_test/solar/old_root-9.0.1/bin_src/solarmain-9.0.1/src/safelib.o /home/wb/Work/nGit/projects/solar_build_test/solar/old_root-9.0.1/bin_src/solarmain-9.0.1/src/solarmain.o /home/wb/Work/nGit/projects/solar_build_test/solar/old_root-9.0.1/bin_src/solarmain-9.0.1/src/tclgr.o /home/wb/Work/nGit/projects/solar_build_test/solar/old_root-9.0.1/bin_src/solarmain-9.0.1/src/w_mehd.o   solarmain
/usr/bin/gfortran -c -m64  -O2 -fno-second-underscore -fexceptions -fallow-argument-mismatch -o /home/wb/Work/nGit/projects/solar_build_test/solar/old_root-9.0.1/bin_src/solarmain-9.0.1/src/alnorm.o /home/wb/Work/nGit/projects/solar_build_test/solar/old_root-9.0.1/bin_src/solarmain-9.0.1/src/alnorm.f
/usr/bin/gfortran -c -m64  -O2 -fno-second-underscore -fexceptions -fallow-argument-mismatch -o /home/wb/Work/nGit/projects/solar_build_test/solar/old_root-9.0.1/bin_src/solarmain-9.0.1/src/astop.o /home/wb/Work/nGit/projects/solar_build_test/solar/old_root-9.0.1/bin_src/solarmain-9.0.1/src/astop.f
/usr/bin/gfortran -c -m64  -O2 -fno-second-underscore -fexceptions -fallow-argument-mismatch -o /home/wb/Work/nGit/projects/solar_build_test/solar/old_root-9.0.1/bin_src/solarmain-9.0.1/src/asycov.o /home/wb/Work/nGit/projects/solar_build_test/solar/old_root-9.0.1/bin_src/solarmain-9.0.1/src/asycov.f
/home/wb/Work/nGit/projects/solar_build_test/solar/old_root-9.0.1/bin_src/solarmain-9.0.1/src/asycov.f:36:72:

   36 |  10   WORK1(I)=TABLE(I,I)
      |                                                                        1
Warning: Fortran 2018 deleted feature: DO termination statement which is not END DO or CONTINUE with label 10 at (1)
/home/wb/Work/nGit/projects/solar_build_test/solar/old_root-9.0.1/bin_src/solarmain-9.0.1/src/asycov.f:54:72:

   54 |      :SWEEP(TABLE,WORK2,K,MAXTAB,NTAB,INV)
      |                                                                        1
Warning: Fortran 2018 deleted feature: DO termination statement which is not END DO or CONTINUE with label 40 at (1)
/home/wb/Work/nGit/projects/solar_build_test/solar/old_root-9.0.1/bin_src/solarmain-9.0.1/src/asycov.f:66:72:

   66 |       DO 50 I=1,J
      |                                                                        1
Warning: Fortran 2018 deleted feature: Shared DO termination label 50 at (1)
/home/wb/Work/nGit/projects/solar_build_test/solar/old_root-9.0.1/bin_src/solarmain-9.0.1/src/asycov.f:82:72:

   82 |  100  WRITE(UNIT3,80) (TABLE(I,J),I=1,J)
      |                                                                        1
Warning: Fortran 2018 deleted feature: DO termination statement which is not END DO or CONTINUE with label 100 at (1)
/usr/bin/gfortran -c -m64  -O2 -fno-second-underscore -fexceptions -fallow-argument-mismatch -o /home/wb/Work/nGit/projects/solar_build_test/solar/old_root-9.0.1/bin_src/solarmain-9.0.1/src/beta.o /home/wb/Work/nGit/projects/solar_build_test/solar/old_root-9.0.1/bin_src/solarmain-9.0.1/src/beta.f
/usr/bin/gfortran -c -m64  -O2 -fno-second-underscore -fexceptions -fallow-argument-mismatch -o /home/wb/Work/nGit/projects/solar_build_test/solar/old_root-9.0.1/bin_src/solarmain-9.0.1/src/calc.o /home/wb/Work/nGit/projects/solar_build_test/solar/old_root-9.0.1/bin_src/solarmain-9.0.1/src/calc.f
/home/wb/Work/nGit/projects/solar_build_test/solar/old_root-9.0.1/bin_src/solarmain-9.0.1/src/calc.f:53:72:

   53 |       DO 10 TRAITI=1,NTRAIT
      |                                                                        1
Warning: Fortran 2018 deleted feature: Shared DO termination label 10 at (1)
/home/wb/Work/nGit/projects/solar_build_test/solar/old_root-9.0.1/bin_src/solarmain-9.0.1/src/calc.f:110:72:

  110 |  20   DERIV(M)=(AMEAN-BMEAN)/D
      |                                                                        1
Warning: Fortran 2018 deleted feature: DO termination statement which is not END DO or CONTINUE with label 20 at (1)
/home/wb/Work/nGit/projects/solar_build_test/solar/old_root-9.0.1/bin_src/solarmain-9.0.1/src/calc.f:125:72:

  125 |  30   DERIV(M)=(AMEAN-BMEAN)/(D+D)
      |                                                                        1
Warning: Fortran 2018 deleted feature: DO termination statement which is not END DO or CONTINUE with label 30 at (1)
/home/wb/Work/nGit/projects/solar_build_test/solar/old_root-9.0.1/bin_src/solarmain-9.0.1/src/calc.f:138:72:

  138 |  40   SCORE(M)=SCORE(M)+TERM
      |                                                                        1
Warning: Fortran 2018 deleted feature: DO termination statement which is not END DO or CONTINUE with label 40 at (1)
/home/wb/Work/nGit/projects/solar_build_test/solar/old_root-9.0.1/bin_src/solarmain-9.0.1/src/calc.f:155:72:

  155 |  50   WORK(M,I)=WORK(M,I)+DERIV(M)
      |                                                                        1
Warning: Fortran 2018 deleted feature: DO termination statement which is not END DO or CONTINUE with label 50 at (1)
/home/wb/Work/nGit/projects/solar_build_test/solar/old_root-9.0.1/bin_src/solarmain-9.0.1/src/calc.f:189:72:

  189 |       DO 60 TRAITJ=JSTART,NTRAIT
      |                                                                        1
Warning: Fortran 2018 deleted feature: Shared DO termination label 60 at (1)
/home/wb/Work/nGit/projects/solar_build_test/solar/old_root-9.0.1/bin_src/solarmain-9.0.1/src/calc.f:227:72:

  227 |  70   DERIV(M)=(AOMEGA-BOMEGA)/D
      |                                                                        1
Warning: Fortran 2018 deleted feature: DO termination statement which is not END DO or CONTINUE with label 70 at (1)
/home/wb/Work/nGit/projects/solar_build_test/solar/old_root-9.0.1/bin_src/solarmain-9.0.1/src/calc.f:244:72:

  244 |  80   DERIV(M)=(AOMEGA-BOMEGA)/(D+D)
      |                                                                        1
Warning: Fortran 2018 deleted feature: DO termination statement which is not END DO or CONTINUE with label 80 at (1)
/home/wb/Work/nGit/projects/solar_build_test/solar/old_root-9.0.1/bin_src/solarmain-9.0.1/src/calc.f:261:72:

  261 |  90   SCORE(M)=SCORE(M)+OMEGA(I,J)*DERIV(M)+TERM
      |                                                                        1
Warning: Fortran 2018 deleted feature: DO termination statement which is not END DO or CONTINUE with label 90 at (1)
/home/wb/Work/nGit/projects/solar_build_test/solar/old_root-9.0.1/bin_src/solarmain-9.0.1/src/calc.f:266:72:

  266 |  100  SCORE(M)=SCORE(M)+0.5D0*(OMEGA(I,J)*DERIV(M)+TERM)
      |                                                                        1
Warning: Fortran 2018 deleted feature: DO termination statement which is not END DO or CONTINUE with label 100 at (1)
/home/wb/Work/nGit/projects/solar_build_test/solar/old_root-9.0.1/bin_src/solarmain-9.0.1/src/calc.f:278:72:

  278 |       DO 110 N=M,NPAR
      |                                                                        1
Warning: Fortran 2018 deleted feature: Shared DO termination label 110 at (1)
/home/wb/Work/nGit/projects/solar_build_test/solar/old_root-9.0.1/bin_src/solarmain-9.0.1/src/calc.f:280:72:

  280 |      1*DERIV(N)
      |                                                                        1
Warning: Fortran 2018 deleted feature: DO termination statement which is not END DO or CONTINUE with label 110 at (1)
/home/wb/Work/nGit/projects/solar_build_test/solar/old_root-9.0.1/bin_src/solarmain-9.0.1/src/calc.f:283:72:

  283 |       DO 120 N=M,NPAR
      |                                                                        1
Warning: Fortran 2018 deleted feature: Shared DO termination label 120 at (1)
/home/wb/Work/nGit/projects/solar_build_test/solar/old_root-9.0.1/bin_src/solarmain-9.0.1/src/calc.f:285:72:

  285 |      1*DERIV(N)
      |                                                                        1
Warning: Fortran 2018 deleted feature: DO termination statement which is not END DO or CONTINUE with label 120 at (1)
/home/wb/Work/nGit/projects/solar_build_test/solar/old_root-9.0.1/bin_src/solarmain-9.0.1/src/calc.f:297:72:

  297 |  130  WORK(M,J)=WORK(M,J)+DERIV(M)*OMEGA(I,BORDER)
      |                                                                        1
Warning: Fortran 2018 deleted feature: DO termination statement which is not END DO or CONTINUE with label 130 at (1)
/home/wb/Work/nGit/projects/solar_build_test/solar/old_root-9.0.1/bin_src/solarmain-9.0.1/src/calc.f:300:72:

  300 |  60   J=J+1
      |                                                                        1
Warning: Fortran 2018 deleted feature: DO termination statement which is not END DO or CONTINUE with label 60 at (1)
/home/wb/Work/nGit/projects/solar_build_test/solar/old_root-9.0.1/bin_src/solarmain-9.0.1/src/calc.f:301:72:

  301 |  10   I=I+1
      |                                                                        1
Warning: Fortran 2018 deleted feature: DO termination statement which is not END DO or CONTINUE with label 10 at (1)
/home/wb/Work/nGit/projects/solar_build_test/solar/old_root-9.0.1/bin_src/solarmain-9.0.1/src/calc.f:312:72:

  312 |       DO 140 N=M,NPAR
      |                                                                        1
Warning: Fortran 2018 deleted feature: Shared DO termination label 140 at (1)
/home/wb/Work/nGit/projects/solar_build_test/solar/old_root-9.0.1/bin_src/solarmain-9.0.1/src/calc.f:315:72:

  315 |  150  SUM=SUM+WORK(M,K)*OMEGA(K,K)*WORK(N,K)
      |                                                                        1
Warning: Fortran 2018 deleted feature: DO termination statement which is not END DO or CONTINUE with label 150 at (1)
/home/wb/Work/nGit/projects/solar_build_test/solar/old_root-9.0.1/bin_src/solarmain-9.0.1/src/calc.f:316:72:

  316 |  140  INFORM(M,N)=INFORM(M,N)-SUM
      |                                                                        1
Warning: Fortran 2018 deleted feature: DO termination statement which is not END DO or CONTINUE with label 140 at (1)
/usr/bin/gfortran -c -m64  -O2 -fno-second-underscore -fexceptions -fallow-argument-mismatch -o /home/wb/Work/nGit/projects/solar_build_test/solar/old_root-9.0.1/bin_src/solarmain-9.0.1/src/cdfchi.o /home/wb/Work/nGit/projects/solar_build_test/solar/old_root-9.0.1/bin_src/solarmain-9.0.1/src/cdfchi.f
/usr/bin/gfortran -c -m64  -O2 -fno-second-underscore -fexceptions -fallow-argument-mismatch -o /home/wb/Work/nGit/projects/solar_build_test/solar/old_root-9.0.1/bin_src/solarmain-9.0.1/src/cdfnor.o /home/wb/Work/nGit/projects/solar_build_test/solar/old_root-9.0.1/bin_src/solarmain-9.0.1/src/cdfnor.f
/usr/bin/gfortran -c -m64  -O2 -fno-second-underscore -fexceptions -fallow-argument-mismatch -o /home/wb/Work/nGit/projects/solar_build_test/solar/old_root-9.0.1/bin_src/solarmain-9.0.1/src/chisq.o /home/wb/Work/nGit/projects/solar_build_test/solar/old_root-9.0.1/bin_src/solarmain-9.0.1/src/chisq.f
/home/wb/Work/nGit/projects/solar_build_test/solar/old_root-9.0.1/bin_src/solarmain-9.0.1/src/chisq.f:63:72:

   63 |  10   T=T*RATIO
      |                                                                        1
Warning: Fortran 2018 deleted feature: DO termination statement which is not END DO or CONTINUE with label 10 at (1)
/usr/bin/gfortran -c -m64  -O2 -fno-second-underscore -fexceptions -fallow-argument-mismatch -o /home/wb/Work/nGit/projects/solar_build_test/solar/old_root-9.0.1/bin_src/solarmain-9.0.1/src/clear.o /home/wb/Work/nGit/projects/solar_build_test/solar/old_root-9.0.1/bin_src/solarmain-9.0.1/src/clear.f
/usr/bin/gfortran -c -m64  -O2 -fno-second-underscore -fexceptions -fallow-argument-mismatch -o /home/wb/Work/nGit/projects/solar_build_test/solar/old_root-9.0.1/bin_src/solarmain-9.0.1/src/copyped.o /home/wb/Work/nGit/projects/solar_build_test/solar/old_root-9.0.1/bin_src/solarmain-9.0.1/src/copyped.f
/home/wb/Work/nGit/projects/solar_build_test/solar/old_root-9.0.1/bin_src/solarmain-9.0.1/src/copyped.f:43:21:

   32 |          CALL ISCRAT (NPBAND,1,UNIT1,.FALSE.)
      |                      2
......
   43 |          CALL ISCRAT(IARRAY,NPTOT,UNIT1,.FALSE.)
      |                     1
Warning: Rank mismatch between actual argument at (1) and actual argument at (2) (scalar and rank-1)
/home/wb/Work/nGit/projects/solar_build_test/solar/old_root-9.0.1/bin_src/solarmain-9.0.1/src/copyped.f:44:21:

   32 |          CALL ISCRAT (NPBAND,1,UNIT1,.FALSE.)
      |                      2
......
   44 |          CALL ISCRAT(IARRAY,NPTOT,UNIT2,.TRUE.)
      |                     1
Warning: Rank mismatch between actual argument at (1) and actual argument at (2) (scalar and rank-1)
/home/wb/Work/nGit/projects/solar_build_test/solar/old_root-9.0.1/bin_src/solarmain-9.0.1/src/copyped.f:46:21:

   32 |          CALL ISCRAT (NPBAND,1,UNIT1,.FALSE.)
      |                      2
......
   46 |          CALL ISCRAT(IARRAY,NPTOT,UNIT1,.FALSE.)
      |                     1
Warning: Rank mismatch between actual argument at (1) and actual argument at (2) (scalar and rank-1)
/home/wb/Work/nGit/projects/solar_build_test/solar/old_root-9.0.1/bin_src/solarmain-9.0.1/src/copyped.f:47:21:

   32 |          CALL ISCRAT (NPBAND,1,UNIT1,.FALSE.)
      |                      2
......
   47 |          CALL ISCRAT(IARRAY,NPTOT,UNIT2,.TRUE.)
      |                     1
Warning: Rank mismatch between actual argument at (1) and actual argument at (2) (scalar and rank-1)
/home/wb/Work/nGit/projects/solar_build_test/solar/old_root-9.0.1/bin_src/solarmain-9.0.1/src/copyped.f:49:21:

   32 |          CALL ISCRAT (NPBAND,1,UNIT1,.FALSE.)
      |                      2
......
   49 |          CALL ISCRAT(IARRAY,NPTOT,UNIT1,.FALSE.)
      |                     1
Warning: Rank mismatch between actual argument at (1) and actual argument at (2) (scalar and rank-1)
/home/wb/Work/nGit/projects/solar_build_test/solar/old_root-9.0.1/bin_src/solarmain-9.0.1/src/copyped.f:50:21:

   32 |          CALL ISCRAT (NPBAND,1,UNIT1,.FALSE.)
      |                      2
......
   50 |          CALL ISCRAT(IARRAY,NPTOT,UNIT2,.TRUE.)
      |                     1
Warning: Rank mismatch between actual argument at (1) and actual argument at (2) (scalar and rank-1)
/usr/bin/gfortran -c -m64  -O2 -fno-second-underscore -fexceptions -fallow-argument-mismatch -o /home/wb/Work/nGit/projects/solar_build_test/solar/old_root-9.0.1/bin_src/solarmain-9.0.1/src/covar.o /home/wb/Work/nGit/projects/solar_build_test/solar/old_root-9.0.1/bin_src/solarmain-9.0.1/src/covar.f
/usr/bin/gfortran -c -m64  -O2 -fno-second-underscore -fexceptions -fallow-argument-mismatch -o /home/wb/Work/nGit/projects/solar_build_test/solar/old_root-9.0.1/bin_src/solarmain-9.0.1/src/dasycov.o /home/wb/Work/nGit/projects/solar_build_test/solar/old_root-9.0.1/bin_src/solarmain-9.0.1/src/dasycov.f
/home/wb/Work/nGit/projects/solar_build_test/solar/old_root-9.0.1/bin_src/solarmain-9.0.1/src/dasycov.f:32:72:

   32 |  10   WORK1(I)=TABLE(I,I)
      |                                                                        1
Warning: Fortran 2018 deleted feature: DO termination statement which is not END DO or CONTINUE with label 10 at (1)
/home/wb/Work/nGit/projects/solar_build_test/solar/old_root-9.0.1/bin_src/solarmain-9.0.1/src/dasycov.f:50:72:

   50 |      :CALL SWEEP(TABLE,WORK2,K,MAXTAB,NTAB,.FALSE.)
      |                                                                        1
Warning: Fortran 2018 deleted feature: DO termination statement which is not END DO or CONTINUE with label 40 at (1)
/home/wb/Work/nGit/projects/solar_build_test/solar/old_root-9.0.1/bin_src/solarmain-9.0.1/src/dasycov.f:62:72:

   62 |       DO 50 I=1,J
      |                                                                        1
Warning: Fortran 2018 deleted feature: Shared DO termination label 50 at (1)
/home/wb/Work/nGit/projects/solar_build_test/solar/old_root-9.0.1/bin_src/solarmain-9.0.1/src/dasycov.f:78:72:

   78 |  100  IF (IOUNIT.GE.0) WRITE(IOUNIT,80) (TABLE(I,J),I=1,J)
      |                                                                        1
Warning: Fortran 2018 deleted feature: DO termination statement which is not END DO or CONTINUE with label 100 at (1)
/home/wb/Work/nGit/projects/solar_build_test/solar/old_root-9.0.1/bin_src/solarmain-9.0.1/src/dasycov.f:85:72:

   85 |  120  HESS(J,I)=HESS(I,J)
      |                                                                        1
Warning: Fortran 2018 deleted feature: DO termination statement which is not END DO or CONTINUE with label 120 at (1)
/home/wb/Work/nGit/projects/solar_build_test/solar/old_root-9.0.1/bin_src/solarmain-9.0.1/src/dasycov.f:86:72:

   86 |  110  HESS(J,J)=WORK2(J)
      |                                                                        1
Warning: Fortran 2018 deleted feature: DO termination statement which is not END DO or CONTINUE with label 110 at (1)
/home/wb/Work/nGit/projects/solar_build_test/solar/old_root-9.0.1/bin_src/solarmain-9.0.1/src/dasycov.f:99:72:

   99 |       DO 140 I=1,NPAR
      |                                                                        1
Warning: Fortran 2018 deleted feature: Shared DO termination label 140 at (1)
/home/wb/Work/nGit/projects/solar_build_test/solar/old_root-9.0.1/bin_src/solarmain-9.0.1/src/dasycov.f:100:72:

  100 |  140  HESS(I,J)=0.0D0
      |                                                                        1
Warning: Fortran 2018 deleted feature: DO termination statement which is not END DO or CONTINUE with label 140 at (1)
/usr/bin/gfortran -c -m64  -O2 -fno-second-underscore -fexceptions -fallow-argument-mismatch -o /home/wb/Work/nGit/projects/solar_build_test/solar/old_root-9.0.1/bin_src/solarmain-9.0.1/src/dcopyped.o /home/wb/Work/nGit/projects/solar_build_test/solar/old_root-9.0.1/bin_src/solarmain-9.0.1/src/dcopyped.f
/home/wb/Work/nGit/projects/solar_build_test/solar/old_root-9.0.1/bin_src/solarmain-9.0.1/src/dcopyped.f:72:21:

   55 |          CALL ISCRAT (NPBAND,1,UNIT1,.FALSE.)
      |                      2
......
   72 |          CALL ISCRAT(IARRAY,NPTOT,UNIT1,.FALSE.)
      |                     1
Warning: Rank mismatch between actual argument at (1) and actual argument at (2) (scalar and rank-1)
/home/wb/Work/nGit/projects/solar_build_test/solar/old_root-9.0.1/bin_src/solarmain-9.0.1/src/dcopyped.f:77:21:

   55 |          CALL ISCRAT (NPBAND,1,UNIT1,.FALSE.)
      |                      2
......
   77 |          CALL ISCRAT(IARRAY,NPTOT,UNIT1,.FALSE.)
      |                     1
Warning: Rank mismatch between actual argument at (1) and actual argument at (2) (scalar and rank-1)
/home/wb/Work/nGit/projects/solar_build_test/solar/old_root-9.0.1/bin_src/solarmain-9.0.1/src/dcopyped.f:98:21:

   55 |          CALL ISCRAT (NPBAND,1,UNIT1,.FALSE.)
      |                      2
......
   98 |          CALL ISCRAT(IARRAY,NPTOT,UNIT1,.FALSE.)
      |                     1
Warning: Rank mismatch between actual argument at (1) and actual argument at (2) (scalar and rank-1)
/usr/bin/gfortran -c -m64  -O2 -fno-second-underscore -fexceptions -fallow-argument-mismatch -o /home/wb/Work/nGit/projects/solar_build_test/solar/old_root-9.0.1/bin_src/solarmain-9.0.1/src/dcovar.o /home/wb/Work/nGit/projects/solar_build_test/solar/old_root-9.0.1/bin_src/solarmain-9.0.1/src/dcovar.f
/usr/bin/gfortran -c -m64  -O2 -fno-second-underscore -fexceptions -fallow-argument-mismatch -o /home/wb/Work/nGit/projects/solar_build_test/solar/old_root-9.0.1/bin_src/solarmain-9.0.1/src/ddfun.o /home/wb/Work/nGit/projects/solar_build_test/solar/old_root-9.0.1/bin_src/solarmain-9.0.1/src/ddfun.f
/usr/bin/gfortran -c -m64  -O2 -fno-second-underscore -fexceptions -fallow-argument-mismatch -o /home/wb/Work/nGit/projects/solar_build_test/solar/old_root-9.0.1/bin_src/solarmain-9.0.1/src/delta7.o /home/wb/Work/nGit/projects/solar_build_test/solar/old_root-9.0.1/bin_src/solarmain-9.0.1/src/delta7.f
/usr/bin/gfortran -c -m64  -O2 -fno-second-underscore -fexceptions -fallow-argument-mismatch -o /home/wb/Work/nGit/projects/solar_build_test/solar/old_root-9.0.1/bin_src/solarmain-9.0.1/src/dfun.o /home/wb/Work/nGit/projects/solar_build_test/solar/old_root-9.0.1/bin_src/solarmain-9.0.1/src/dfun.f
/home/wb/Work/nGit/projects/solar_build_test/solar/old_root-9.0.1/bin_src/solarmain-9.0.1/src/dfun.f:31:72:

   31 |  10   DF(I)=0.
      |                                                                        1
Warning: Fortran 2018 deleted feature: DO termination statement which is not END DO or CONTINUE with label 10 at (1)
/home/wb/Work/nGit/projects/solar_build_test/solar/old_root-9.0.1/bin_src/solarmain-9.0.1/src/dfun.f:35:72:

   35 |  30   HESS(I,J)=0.
      |                                                                        1
Warning: Fortran 2018 deleted feature: DO termination statement which is not END DO or CONTINUE with label 30 at (1)
/home/wb/Work/nGit/projects/solar_build_test/solar/old_root-9.0.1/bin_src/solarmain-9.0.1/src/dfun.f:45:72:

   45 |      2,NVAR,NTOT,NIND,NASCER,NPED,NCUMIND,COV,MU,AFFECT,MAXPEO)
      |                                                                        1
Warning: Fortran 2018 deleted feature: DO termination statement which is not END DO or CONTINUE with label 50 at (1)
/home/wb/Work/nGit/projects/solar_build_test/solar/old_root-9.0.1/bin_src/solarmain-9.0.1/src/dfun.f:53:72:

   53 |  70   DG(I)=0.
      |                                                                        1
Warning: Fortran 2018 deleted feature: DO termination statement which is not END DO or CONTINUE with label 70 at (1)
/home/wb/Work/nGit/projects/solar_build_test/solar/old_root-9.0.1/bin_src/solarmain-9.0.1/src/dfun.f:194:72:

  194 |  100  GHESS(I,J)=0.
      |                                                                        1
Warning: Fortran 2018 deleted feature: DO termination statement which is not END DO or CONTINUE with label 100 at (1)
/home/wb/Work/nGit/projects/solar_build_test/solar/old_root-9.0.1/bin_src/solarmain-9.0.1/src/dfun.f:201:72:

  201 |  110  DF(I)=DF(I)+DG(I)
      |                                                                        1
Warning: Fortran 2018 deleted feature: DO termination statement which is not END DO or CONTINUE with label 110 at (1)
/home/wb/Work/nGit/projects/solar_build_test/solar/old_root-9.0.1/bin_src/solarmain-9.0.1/src/dfun.f:205:72:

  205 |  130  HESS(I,J)=HESS(I,J)+GHESS(I,J)
      |                                                                        1
Warning: Fortran 2018 deleted feature: DO termination statement which is not END DO or CONTINUE with label 130 at (1)
/usr/bin/gfortran -c -m64  -O2 -fno-second-underscore -fexceptions -fallow-argument-mismatch -o /home/wb/Work/nGit/projects/solar_build_test/solar/old_root-9.0.1/bin_src/solarmain-9.0.1/src/digam.o /home/wb/Work/nGit/projects/solar_build_test/solar/old_root-9.0.1/bin_src/solarmain-9.0.1/src/digam.f
/usr/bin/gfortran -c -m64  -O2 -fno-second-underscore -fexceptions -fallow-argument-mismatch -o /home/wb/Work/nGit/projects/solar_build_test/solar/old_root-9.0.1/bin_src/solarmain-9.0.1/src/direct.o /home/wb/Work/nGit/projects/solar_build_test/solar/old_root-9.0.1/bin_src/solarmain-9.0.1/src/direct.f
/home/wb/Work/nGit/projects/solar_build_test/solar/old_root-9.0.1/bin_src/solarmain-9.0.1/src/direct.f:34:72:

   34 |  10   KIN2(I)=OMEGA(I,I)
      |                                                                        1
Warning: Fortran 2018 deleted feature: DO termination statement which is not END DO or CONTINUE with label 10 at (1)
/home/wb/Work/nGit/projects/solar_build_test/solar/old_root-9.0.1/bin_src/solarmain-9.0.1/src/direct.f:40:72:

   40 |  20   PERSON(I)=MOD(IABS(GROUP(I)),100000)
      |                                                                        1
Warning: Fortran 2018 deleted feature: DO termination statement which is not END DO or CONTINUE with label 20 at (1)
/home/wb/Work/nGit/projects/solar_build_test/solar/old_root-9.0.1/bin_src/solarmain-9.0.1/src/direct.f:50:72:

   50 |  30   SCORE(I)=0.0D0
      |                                                                        1
Warning: Fortran 2018 deleted feature: DO termination statement which is not END DO or CONTINUE with label 30 at (1)
/home/wb/Work/nGit/projects/solar_build_test/solar/old_root-9.0.1/bin_src/solarmain-9.0.1/src/direct.f:86:72:

   86 |       DO 60 N=1,NPAR
      |                                                                        1
Warning: Fortran 2018 deleted feature: Shared DO termination label 60 at (1)
/home/wb/Work/nGit/projects/solar_build_test/solar/old_root-9.0.1/bin_src/solarmain-9.0.1/src/direct.f:87:72:

   87 |  60   INFORM(M,N)=0.0D0
      |                                                                        1
Warning: Fortran 2018 deleted feature: DO termination statement which is not END DO or CONTINUE with label 60 at (1)
/home/wb/Work/nGit/projects/solar_build_test/solar/old_root-9.0.1/bin_src/solarmain-9.0.1/src/direct.f:89:72:

   89 |  70   WORK(K)=0.0D0
      |                                                                        1
Warning: Fortran 2018 deleted feature: DO termination statement which is not END DO or CONTINUE with label 70 at (1)
/home/wb/Work/nGit/projects/solar_build_test/solar/old_root-9.0.1/bin_src/solarmain-9.0.1/src/direct.f:113:72:

  113 |  80   CALL SWEEP(OMEGA,WORK,K,MOMEGA,BORDER,.FALSE.)
      |                                                                        1
Warning: Fortran 2018 deleted feature: DO termination statement which is not END DO or CONTINUE with label 80 at (1)
/home/wb/Work/nGit/projects/solar_build_test/solar/old_root-9.0.1/bin_src/solarmain-9.0.1/src/direct.f:131:72:

  131 |  90   SCORE(K)=-SCORE(K)
      |                                                                        1
Warning: Fortran 2018 deleted feature: DO termination statement which is not END DO or CONTINUE with label 90 at (1)
/home/wb/Work/nGit/projects/solar_build_test/solar/old_root-9.0.1/bin_src/solarmain-9.0.1/src/direct.f:157:72:

  157 |  110  QDERIV(I)=-2.0D0*QDERIV(I)
      |                                                                        1
Warning: Fortran 2018 deleted feature: DO termination statement which is not END DO or CONTINUE with label 110 at (1)
/usr/bin/gfortran -c -m64  -O2 -fno-second-underscore -fexceptions -fallow-argument-mismatch -o /home/wb/Work/nGit/projects/solar_build_test/solar/old_root-9.0.1/bin_src/solarmain-9.0.1/src/dmean.o /home/wb/Work/nGit/projects/solar_build_test/solar/old_root-9.0.1/bin_src/solarmain-9.0.1/src/dmean.f
/usr/bin/gfortran -c -m64  -O2 -fno-second-underscore -fexceptions -fallow-argument-mismatch -o /home/wb/Work/nGit/projects/solar_build_test/solar/old_root-9.0.1/bin_src/solarmain-9.0.1/src/dppfa.o /home/wb/Work/nGit/projects/solar_build_test/solar/old_root-9.0.1/bin_src/solarmain-9.0.1/src/dppfa.f
/usr/bin/gfortran -c -m64  -O2 -fno-second-underscore -fexceptions -fallow-argument-mismatch -o /home/wb/Work/nGit/projects/solar_build_test/solar/old_root-9.0.1/bin_src/solarmain-9.0.1/src/edftst.o /home/wb/Work/nGit/projects/solar_build_test/solar/old_root-9.0.1/bin_src/solarmain-9.0.1/src/edftst.f
/home/wb/Work/nGit/projects/solar_build_test/solar/old_root-9.0.1/bin_src/solarmain-9.0.1/src/edftst.f:133:72:

  133 |  90   IF (UNIFRM(J).GT.A) GO TO 80
      |                                                                        1
Warning: Fortran 2018 deleted feature: DO termination statement which is not END DO or CONTINUE with label 90 at (1)
/home/wb/Work/nGit/projects/solar_build_test/solar/old_root-9.0.1/bin_src/solarmain-9.0.1/src/edftst.f:135:72:

  135 |  80   COUNT(I)=J-1
      |                                                                        1
Warning: Fortran 2018 deleted feature: DO termination statement which is not END DO or CONTINUE with label 80 at (1)
/home/wb/Work/nGit/projects/solar_build_test/solar/old_root-9.0.1/bin_src/solarmain-9.0.1/src/edftst.f:167:72:

  167 |  120  UNIFRM(L)=A1*UNIFRM(L)+A*UNIFRM(L-1)
      |                                                                        1
Warning: Fortran 2018 deleted feature: DO termination statement which is not END DO or CONTINUE with label 120 at (1)
/home/wb/Work/nGit/projects/solar_build_test/solar/old_root-9.0.1/bin_src/solarmain-9.0.1/src/edftst.f:168:72:

  168 |  110  UNIFRM(1)=A1*UNIFRM(1)
      |                                                                        1
Warning: Fortran 2018 deleted feature: DO termination statement which is not END DO or CONTINUE with label 110 at (1)
/home/wb/Work/nGit/projects/solar_build_test/solar/old_root-9.0.1/bin_src/solarmain-9.0.1/src/edftst.f:174:72:

  174 |  130  SUM=SUM+UNIFRM(K)
      |                                                                        1
Warning: Fortran 2018 deleted feature: DO termination statement which is not END DO or CONTINUE with label 130 at (1)
/home/wb/Work/nGit/projects/solar_build_test/solar/old_root-9.0.1/bin_src/solarmain-9.0.1/src/edftst.f:177:72:

  177 |  100  WRITE(UNIT3,140) A,M,PVALUE
      |                                                                        1
Warning: Fortran 2018 deleted feature: DO termination statement which is not END DO or CONTINUE with label 100 at (1)
/usr/bin/gfortran -c -m64  -O2 -fno-second-underscore -fexceptions -fallow-argument-mismatch -o /home/wb/Work/nGit/projects/solar_build_test/solar/old_root-9.0.1/bin_src/solarmain-9.0.1/src/evdlik.o /home/wb/Work/nGit/projects/solar_build_test/solar/old_root-9.0.1/bin_src/solarmain-9.0.1/src/evdlik.f
/usr/bin/gfortran -c -m64  -O2 -fno-second-underscore -fexceptions -fallow-argument-mismatch -o /home/wb/Work/nGit/projects/solar_build_test/solar/old_root-9.0.1/bin_src/solarmain-9.0.1/src/evdout.o /home/wb/Work/nGit/projects/solar_build_test/solar/old_root-9.0.1/bin_src/solarmain-9.0.1/src/evdout.f
/home/wb/Work/nGit/projects/solar_build_test/solar/old_root-9.0.1/bin_src/solarmain-9.0.1/src/evdout.f:67:72:

   67 |          do 303 j=i,npeo
      |                                                                        1
Warning: Fortran 2018 deleted feature: Shared DO termination label 303 at (1)
/usr/bin/gfortran -c -m64  -O2 -fno-second-underscore -fexceptions -fallow-argument-mismatch -o /home/wb/Work/nGit/projects/solar_build_test/solar/old_root-9.0.1/bin_src/solarmain-9.0.1/src/fdist.o /home/wb/Work/nGit/projects/solar_build_test/solar/old_root-9.0.1/bin_src/solarmain-9.0.1/src/fdist.f
/usr/bin/gfortran -c -m64  -O2 -fno-second-underscore -fexceptions -fallow-argument-mismatch -o /home/wb/Work/nGit/projects/solar_build_test/solar/old_root-9.0.1/bin_src/solarmain-9.0.1/src/fit2dp.o /home/wb/Work/nGit/projects/solar_build_test/solar/old_root-9.0.1/bin_src/solarmain-9.0.1/src/fit2dp.f
/usr/bin/gfortran -c -m64  -O2 -fno-second-underscore -fexceptions -fallow-argument-mismatch -o /home/wb/Work/nGit/projects/solar_build_test/solar/old_root-9.0.1/bin_src/solarmain-9.0.1/src/fortfiles.o /home/wb/Work/nGit/projects/solar_build_test/solar/old_root-9.0.1/bin_src/solarmain-9.0.1/src/fortfiles.f
/usr/bin/gfortran -c -m64  -O2 -fno-second-underscore -fexceptions -fallow-argument-mismatch -o /home/wb/Work/nGit/projects/solar_build_test/solar/old_root-9.0.1/bin_src/solarmain-9.0.1/src/fpedifromsnps.o /home/wb/Work/nGit/projects/solar_build_test/solar/old_root-9.0.1/bin_src/solarmain-9.0.1/src/fpedifromsnps.f
/usr/bin/gfortran -c -m64  -O2 -fno-second-underscore -fexceptions -fallow-argument-mismatch -o /home/wb/Work/nGit/projects/solar_build_test/solar/old_root-9.0.1/bin_src/solarmain-9.0.1/src/fun.o /home/wb/Work/nGit/projects/solar_build_test/solar/old_root-9.0.1/bin_src/solarmain-9.0.1/src/fun.f
/home/wb/Work/nGit/projects/solar_build_test/solar/old_root-9.0.1/bin_src/solarmain-9.0.1/src/fun.f:43:72:

   43 |  10   DF(I)=0.0D0
      |                                                                        1
Warning: Fortran 2018 deleted feature: DO termination statement which is not END DO or CONTINUE with label 10 at (1)
/home/wb/Work/nGit/projects/solar_build_test/solar/old_root-9.0.1/bin_src/solarmain-9.0.1/src/fun.f:50:72:

   50 |  20   PARINC(I)=D
      |                                                                        1
Warning: Fortran 2018 deleted feature: DO termination statement which is not END DO or CONTINUE with label 20 at (1)
/home/wb/Work/nGit/projects/solar_build_test/solar/old_root-9.0.1/bin_src/solarmain-9.0.1/src/fun.f:56:72:

   56 |       DO 30 J=I,NPAR
      |                                                                        1
Warning: Fortran 2018 deleted feature: Shared DO termination label 30 at (1)
/home/wb/Work/nGit/projects/solar_build_test/solar/old_root-9.0.1/bin_src/solarmain-9.0.1/src/fun.f:57:72:

   57 |  30   HESS(I,J)=0.0D0
      |                                                                        1
Warning: Fortran 2018 deleted feature: DO termination statement which is not END DO or CONTINUE with label 30 at (1)
/home/wb/Work/nGit/projects/solar_build_test/solar/old_root-9.0.1/bin_src/solarmain-9.0.1/src/fun.f:116:72:

  116 |  50   DF(I)=DF(I)-SCORE(I)
      |                                                                        1
Warning: Fortran 2018 deleted feature: DO termination statement which is not END DO or CONTINUE with label 50 at (1)
/home/wb/Work/nGit/projects/solar_build_test/solar/old_root-9.0.1/bin_src/solarmain-9.0.1/src/fun.f:119:72:

  119 |       DO 60 J=I,NPAR
      |                                                                        1
Warning: Fortran 2018 deleted feature: Shared DO termination label 60 at (1)
/home/wb/Work/nGit/projects/solar_build_test/solar/old_root-9.0.1/bin_src/solarmain-9.0.1/src/fun.f:120:72:

  120 |  60   HESS(I,J)=HESS(I,J)+INFORM(I,J)
      |                                                                        1
Warning: Fortran 2018 deleted feature: DO termination statement which is not END DO or CONTINUE with label 60 at (1)
/home/wb/Work/nGit/projects/solar_build_test/solar/old_root-9.0.1/bin_src/solarmain-9.0.1/src/fun.f:149:72:

  149 |       DO 70 J=I,NPAR
      |                                                                        1
Warning: Fortran 2018 deleted feature: Shared DO termination label 70 at (1)
/home/wb/Work/nGit/projects/solar_build_test/solar/old_root-9.0.1/bin_src/solarmain-9.0.1/src/fun.f:150:72:

  150 |  70   HESS(J,I)=HESS(I,J)
      |                                                                        1
Warning: Fortran 2018 deleted feature: DO termination statement which is not END DO or CONTINUE with label 70 at (1)
/home/wb/Work/nGit/projects/solar_build_test/solar/old_root-9.0.1/bin_src/solarmain-9.0.1/src/fun.f:77:21:

   74 |          CALL ISCRAT (NPBAND,1,UNIT2,.FALSE.)
      |                      2
......
   77 |          CALL ISCRAT(FATHER,NPTOT,UNIT2,.FALSE.)
      |                     1
Warning: Rank mismatch between actual argument at (1) and actual argument at (2) (scalar and rank-1)
/home/wb/Work/nGit/projects/solar_build_test/solar/old_root-9.0.1/bin_src/solarmain-9.0.1/src/fun.f:78:21:

   74 |          CALL ISCRAT (NPBAND,1,UNIT2,.FALSE.)
      |                      2
......
   78 |          CALL ISCRAT(GROUP,NPTOT,UNIT2,.FALSE.)
      |                     1
Warning: Rank mismatch between actual argument at (1) and actual argument at (2) (scalar and rank-1)
/home/wb/Work/nGit/projects/solar_build_test/solar/old_root-9.0.1/bin_src/solarmain-9.0.1/src/fun.f:79:21:

   74 |          CALL ISCRAT (NPBAND,1,UNIT2,.FALSE.)
      |                      2
......
   79 |          CALL ISCRAT(MOTHER,NPTOT,UNIT2,.FALSE.)
      |                     1
Warning: Rank mismatch between actual argument at (1) and actual argument at (2) (scalar and rank-1)
/usr/bin/gfortran -c -m64  -O2 -fno-second-underscore -fexceptions -fallow-argument-mismatch -o /home/wb/Work/nGit/projects/solar_build_test/solar/old_root-9.0.1/bin_src/solarmain-9.0.1/src/fun_mehd.o /home/wb/Work/nGit/projects/solar_build_test/solar/old_root-9.0.1/bin_src/solarmain-9.0.1/src/fun_mehd.f
/usr/bin/gfortran -c -m64  -O2 -fno-second-underscore -fexceptions -fallow-argument-mismatch -o /home/wb/Work/nGit/projects/solar_build_test/solar/old_root-9.0.1/bin_src/solarmain-9.0.1/src/gamlog.o /home/wb/Work/nGit/projects/solar_build_test/solar/old_root-9.0.1/bin_src/solarmain-9.0.1/src/gamlog.f
/usr/bin/gfortran -c -m64  -O2 -fno-second-underscore -fexceptions -fallow-argument-mismatch -o /home/wb/Work/nGit/projects/solar_build_test/solar/old_root-9.0.1/bin_src/solarmain-9.0.1/src/gaucdf.o /home/wb/Work/nGit/projects/solar_build_test/solar/old_root-9.0.1/bin_src/solarmain-9.0.1/src/gaucdf.f
/usr/bin/gfortran -c -m64  -O2 -fno-second-underscore -fexceptions -fallow-argument-mismatch -o /home/wb/Work/nGit/projects/solar_build_test/solar/old_root-9.0.1/bin_src/solarmain-9.0.1/src/hessin.o /home/wb/Work/nGit/projects/solar_build_test/solar/old_root-9.0.1/bin_src/solarmain-9.0.1/src/hessin.f
/usr/bin/gfortran -c -m64  -O2 -fno-second-underscore -fexceptions -fallow-argument-mismatch -o /home/wb/Work/nGit/projects/solar_build_test/solar/old_root-9.0.1/bin_src/solarmain-9.0.1/src/hpsort.o /home/wb/Work/nGit/projects/solar_build_test/solar/old_root-9.0.1/bin_src/solarmain-9.0.1/src/hpsort.f
/usr/bin/gfortran -c -m64  -O2 -fno-second-underscore -fexceptions -fallow-argument-mismatch -o /home/wb/Work/nGit/projects/solar_build_test/solar/old_root-9.0.1/bin_src/solarmain-9.0.1/src/inital.o /home/wb/Work/nGit/projects/solar_build_test/solar/old_root-9.0.1/bin_src/solarmain-9.0.1/src/inital.f
/usr/bin/gfortran -c -m64  -O2 -fno-second-underscore -fexceptions -fallow-argument-mismatch -o /home/wb/Work/nGit/projects/solar_build_test/solar/old_root-9.0.1/bin_src/solarmain-9.0.1/src/ipmpar.o /home/wb/Work/nGit/projects/solar_build_test/solar/old_root-9.0.1/bin_src/solarmain-9.0.1/src/ipmpar.f
/usr/bin/gfortran -c -m64  -O2 -fno-second-underscore -fexceptions -fallow-argument-mismatch -o /home/wb/Work/nGit/projects/solar_build_test/solar/old_root-9.0.1/bin_src/solarmain-9.0.1/src/kin.o /home/wb/Work/nGit/projects/solar_build_test/solar/old_root-9.0.1/bin_src/solarmain-9.0.1/src/kin.f
/home/wb/Work/nGit/projects/solar_build_test/solar/old_root-9.0.1/bin_src/solarmain-9.0.1/src/kin.f:14:72:

   14 |       DO 10 J=1,I
      |                                                                        1
Warning: Fortran 2018 deleted feature: Shared DO termination label 10 at (1)
/home/wb/Work/nGit/projects/solar_build_test/solar/old_root-9.0.1/bin_src/solarmain-9.0.1/src/kin.f:15:72:

   15 |  10   OMEGA(I,J)=0.0D0
      |                                                                        1
Warning: Fortran 2018 deleted feature: DO termination statement which is not END DO or CONTINUE with label 10 at (1)
/usr/bin/gfortran -c -m64  -O2 -fno-second-underscore -fexceptions -fallow-argument-mismatch -o /home/wb/Work/nGit/projects/solar_build_test/solar/old_root-9.0.1/bin_src/solarmain-9.0.1/src/linpack.o /home/wb/Work/nGit/projects/solar_build_test/solar/old_root-9.0.1/bin_src/solarmain-9.0.1/src/linpack.f
/usr/bin/gfortran -c -m64  -O2 -fno-second-underscore -fexceptions -fallow-argument-mismatch -o /home/wb/Work/nGit/projects/solar_build_test/solar/old_root-9.0.1/bin_src/solarmain-9.0.1/src/logo.o /home/wb/Work/nGit/projects/solar_build_test/solar/old_root-9.0.1/bin_src/solarmain-9.0.1/src/logo.f
/usr/bin/gfortran -c -m64  -O2 -fno-second-underscore -fexceptions -fallow-argument-mismatch -o /home/wb/Work/nGit/projects/solar_build_test/solar/old_root-9.0.1/bin_src/solarmain-9.0.1/src/loop.o /home/wb/Work/nGit/projects/solar_build_test/solar/old_root-9.0.1/bin_src/solarmain-9.0.1/src/loop.f
/home/wb/Work/nGit/projects/solar_build_test/solar/old_root-9.0.1/bin_src/solarmain-9.0.1/src/loop.f:42:72:

   42 |  20   IF (PERM(K).LE.NPEO) GO TO 30
      |                                                                        1
Warning: Fortran 2018 deleted feature: DO termination statement which is not END DO or CONTINUE with label 20 at (1)
/home/wb/Work/nGit/projects/solar_build_test/solar/old_root-9.0.1/bin_src/solarmain-9.0.1/src/loop.f:60:72:

   60 |  40   IF (MOTHER(IP).EQ.ISAVE) PERM(I)=PERM(I)-NPEO
      |                                                                        1
Warning: Fortran 2018 deleted feature: DO termination statement which is not END DO or CONTINUE with label 40 at (1)
/usr/bin/gfortran -c -m64  -O2 -fno-second-underscore -fexceptions -fallow-argument-mismatch -o /home/wb/Work/nGit/projects/solar_build_test/solar/old_root-9.0.1/bin_src/solarmain-9.0.1/src/mblank.o /home/wb/Work/nGit/projects/solar_build_test/solar/old_root-9.0.1/bin_src/solarmain-9.0.1/src/mblank.f
/usr/bin/gfortran -c -m64  -O2 -fno-second-underscore -fexceptions -fallow-argument-mismatch -o /home/wb/Work/nGit/projects/solar_build_test/solar/old_root-9.0.1/bin_src/solarmain-9.0.1/src/mvncdf.o /home/wb/Work/nGit/projects/solar_build_test/solar/old_root-9.0.1/bin_src/solarmain-9.0.1/src/mvncdf.f
/usr/bin/gfortran -c -m64  -O2 -fno-second-underscore -fexceptions -fallow-argument-mismatch -o /home/wb/Work/nGit/projects/solar_build_test/solar/old_root-9.0.1/bin_src/solarmain-9.0.1/src/newlik.o /home/wb/Work/nGit/projects/solar_build_test/solar/old_root-9.0.1/bin_src/solarmain-9.0.1/src/newlik.f
/usr/bin/gfortran -c -m64  -O2 -fno-second-underscore -fexceptions -fallow-argument-mismatch -o /home/wb/Work/nGit/projects/solar_build_test/solar/old_root-9.0.1/bin_src/solarmain-9.0.1/src/optima.o /home/wb/Work/nGit/projects/solar_build_test/solar/old_root-9.0.1/bin_src/solarmain-9.0.1/src/optima.f
/home/wb/Work/nGit/projects/solar_build_test/solar/old_root-9.0.1/bin_src/solarmain-9.0.1/src/optima.f:156:72:

  156 |       DO 10 J=1,NCNSTR
      |                                                                        1
Warning: Fortran 2018 deleted feature: Shared DO termination label 10 at (1)
/home/wb/Work/nGit/projects/solar_build_test/solar/old_root-9.0.1/bin_src/solarmain-9.0.1/src/optima.f:158:72:

  158 |  10   CVALUE(J)=0.0D0
      |                                                                        1
Warning: Fortran 2018 deleted feature: DO termination statement which is not END DO or CONTINUE with label 10 at (1)
/home/wb/Work/nGit/projects/solar_build_test/solar/old_root-9.0.1/bin_src/solarmain-9.0.1/src/optima.f:165:72:

  165 |  30   HESS(J,I)=0.0D0
      |                                                                        1
Warning: Fortran 2018 deleted feature: DO termination statement which is not END DO or CONTINUE with label 30 at (1)
/home/wb/Work/nGit/projects/solar_build_test/solar/old_root-9.0.1/bin_src/solarmain-9.0.1/src/optima.f:166:72:

  166 |  20   HESS(I,I)=1.0D0
      |                                                                        1
Warning: Fortran 2018 deleted feature: DO termination statement which is not END DO or CONTINUE with label 20 at (1)
/home/wb/Work/nGit/projects/solar_build_test/solar/old_root-9.0.1/bin_src/solarmain-9.0.1/src/optima.f:172:72:

  172 |       DO 40 J=1,NPOINT
      |                                                                        1
Warning: Fortran 2018 deleted feature: Shared DO termination label 40 at (1)
/home/wb/Work/nGit/projects/solar_build_test/solar/old_root-9.0.1/bin_src/solarmain-9.0.1/src/optima.f:173:72:

  173 |  40   GRID(J,I)=1.0D-6
      |                                                                        1
Warning: Fortran 2018 deleted feature: DO termination statement which is not END DO or CONTINUE with label 40 at (1)
/home/wb/Work/nGit/projects/solar_build_test/solar/old_root-9.0.1/bin_src/solarmain-9.0.1/src/optima.f:193:72:

  193 |  60   PAROLD(J)=GRID(ITER,J)
      |                                                                        1
Warning: Fortran 2018 deleted feature: DO termination statement which is not END DO or CONTINUE with label 60 at (1)
/home/wb/Work/nGit/projects/solar_build_test/solar/old_root-9.0.1/bin_src/solarmain-9.0.1/src/optima.f:203:72:

  203 |  70   PAR(J)=PAROLD(J)
      |                                                                        1
Warning: Fortran 2018 deleted feature: DO termination statement which is not END DO or CONTINUE with label 70 at (1)
/home/wb/Work/nGit/projects/solar_build_test/solar/old_root-9.0.1/bin_src/solarmain-9.0.1/src/optima.f:273:72:

  273 |  90         IF (HESS(J,J).GT.0.0D0) HMIN=MIN(HMIN,HESS(J,J))
      |                                                                        1
Warning: Fortran 2018 deleted feature: DO termination statement which is not END DO or CONTINUE with label 90 at (1)
/home/wb/Work/nGit/projects/solar_build_test/solar/old_root-9.0.1/bin_src/solarmain-9.0.1/src/optima.f:295:72:

  295 |  120  D=D+DF(J)*DELTA(J)
      |                                                                        1
Warning: Fortran 2018 deleted feature: DO termination statement which is not END DO or CONTINUE with label 120 at (1)
/home/wb/Work/nGit/projects/solar_build_test/solar/old_root-9.0.1/bin_src/solarmain-9.0.1/src/optima.f:326:72:

  326 |  130  DFOLD(J)=DF(J)
      |                                                                        1
Warning: Fortran 2018 deleted feature: DO termination statement which is not END DO or CONTINUE with label 130 at (1)
/home/wb/Work/nGit/projects/solar_build_test/solar/old_root-9.0.1/bin_src/solarmain-9.0.1/src/optima.f:331:72:

  331 |  140  PAR(J)=PAROLD(J)+T*DELTA(J)
      |                                                                        1
Warning: Fortran 2018 deleted feature: DO termination statement which is not END DO or CONTINUE with label 140 at (1)
/home/wb/Work/nGit/projects/solar_build_test/solar/old_root-9.0.1/bin_src/solarmain-9.0.1/src/optima.f:379:72:

  379 |  170  DELTA(J)=T*DELTA(J)
      |                                                                        1
Warning: Fortran 2018 deleted feature: DO termination statement which is not END DO or CONTINUE with label 170 at (1)
/home/wb/Work/nGit/projects/solar_build_test/solar/old_root-9.0.1/bin_src/solarmain-9.0.1/src/optima.f:390:72:

  390 |  190  S=S+HESS(J,K)*DELTA(K)
      |                                                                        1
Warning: Fortran 2018 deleted feature: DO termination statement which is not END DO or CONTINUE with label 190 at (1)
/home/wb/Work/nGit/projects/solar_build_test/solar/old_root-9.0.1/bin_src/solarmain-9.0.1/src/optima.f:392:72:

  392 |  180  C1=C1+DELTA(J)*S
      |                                                                        1
Warning: Fortran 2018 deleted feature: DO termination statement which is not END DO or CONTINUE with label 180 at (1)
/home/wb/Work/nGit/projects/solar_build_test/solar/old_root-9.0.1/bin_src/solarmain-9.0.1/src/optima.f:395:72:

  395 |  200  C2=C2+(DF(J)-DFOLD(J))*DELTA(J)
      |                                                                        1
Warning: Fortran 2018 deleted feature: DO termination statement which is not END DO or CONTINUE with label 200 at (1)
/home/wb/Work/nGit/projects/solar_build_test/solar/old_root-9.0.1/bin_src/solarmain-9.0.1/src/optima.f:408:72:

  408 |  210  WORK2(J)=C3*(DF(J)-DFOLD(J))+(1.0D0-C3)*WORK1(J)
      |                                                                        1
Warning: Fortran 2018 deleted feature: DO termination statement which is not END DO or CONTINUE with label 210 at (1)
/home/wb/Work/nGit/projects/solar_build_test/solar/old_root-9.0.1/bin_src/solarmain-9.0.1/src/optima.f:414:72:

  414 |       DO 220 K=1,NPAR
      |                                                                        1
Warning: Fortran 2018 deleted feature: Shared DO termination label 220 at (1)
/home/wb/Work/nGit/projects/solar_build_test/solar/old_root-9.0.1/bin_src/solarmain-9.0.1/src/optima.f:415:72:

  415 |  220  HESS(K,J)=HESS(K,J)-WORK1(J)*WORK1(K)/C1+WORK2(J)*WORK2(K)/C4
      |                                                                        1
Warning: Fortran 2018 deleted feature: DO termination statement which is not END DO or CONTINUE with label 220 at (1)
/home/wb/Work/nGit/projects/solar_build_test/solar/old_root-9.0.1/bin_src/solarmain-9.0.1/src/optima.f:425:72:

  425 |       DO 230 I=1,NPAR
      |                                                                        1
Warning: Fortran 2018 deleted feature: Shared DO termination label 230 at (1)
/home/wb/Work/nGit/projects/solar_build_test/solar/old_root-9.0.1/bin_src/solarmain-9.0.1/src/optima.f:426:72:

  426 |  230  HESS(I,J)=0.0D0
      |                                                                        1
Warning: Fortran 2018 deleted feature: DO termination statement which is not END DO or CONTINUE with label 230 at (1)
/home/wb/Work/nGit/projects/solar_build_test/solar/old_root-9.0.1/bin_src/solarmain-9.0.1/src/optima.f:483:72:

  483 |  250  HESS(J,I)=HESS(I,J)
      |                                                                        1
Warning: Fortran 2018 deleted feature: DO termination statement which is not END DO or CONTINUE with label 250 at (1)
/home/wb/Work/nGit/projects/solar_build_test/solar/old_root-9.0.1/bin_src/solarmain-9.0.1/src/optima.f:494:72:

  494 |       DO 260 J=1,NPAR
      |                                                                        1
Warning: Fortran 2018 deleted feature: Shared DO termination label 260 at (1)
/home/wb/Work/nGit/projects/solar_build_test/solar/old_root-9.0.1/bin_src/solarmain-9.0.1/src/optima.f:495:72:

  495 |  260  HESS(J,I)=HESS(J,I)/SIGMA
      |                                                                        1
Warning: Fortran 2018 deleted feature: DO termination statement which is not END DO or CONTINUE with label 260 at (1)
/usr/bin/gfortran -c -m64  -O2 -fno-second-underscore -fexceptions -fallow-argument-mismatch -o /home/wb/Work/nGit/projects/solar_build_test/solar/old_root-9.0.1/bin_src/solarmain-9.0.1/src/output.o /home/wb/Work/nGit/projects/solar_build_test/solar/old_root-9.0.1/bin_src/solarmain-9.0.1/src/output.f
/usr/bin/gfortran -c -m64  -O2 -fno-second-underscore -fexceptions -fallow-argument-mismatch -o /home/wb/Work/nGit/projects/solar_build_test/solar/old_root-9.0.1/bin_src/solarmain-9.0.1/src/pedtst.o /home/wb/Work/nGit/projects/solar_build_test/solar/old_root-9.0.1/bin_src/solarmain-9.0.1/src/pedtst.f
/usr/bin/gfortran -c -m64  -O2 -fno-second-underscore -fexceptions -fallow-argument-mismatch -o /home/wb/Work/nGit/projects/solar_build_test/solar/old_root-9.0.1/bin_src/solarmain-9.0.1/src/phidens.o /home/wb/Work/nGit/projects/solar_build_test/solar/old_root-9.0.1/bin_src/solarmain-9.0.1/src/phidens.f
/usr/bin/gfortran -c -m64  -O2 -fno-second-underscore -fexceptions -fallow-argument-mismatch -o /home/wb/Work/nGit/projects/solar_build_test/solar/old_root-9.0.1/bin_src/solarmain-9.0.1/src/pinput.o /home/wb/Work/nGit/projects/solar_build_test/solar/old_root-9.0.1/bin_src/solarmain-9.0.1/src/pinput.f
/home/wb/Work/nGit/projects/solar_build_test/solar/old_root-9.0.1/bin_src/solarmain-9.0.1/src/pinput.f:495:72:

  495 |  140  PARENT(J,IEND)=RSAVE
      |                                                                        1
Warning: Fortran 2018 deleted feature: DO termination statement which is not END DO or CONTINUE with label 140 at (1)
/home/wb/Work/nGit/projects/solar_build_test/solar/old_root-9.0.1/bin_src/solarmain-9.0.1/src/pinput.f:511:72:

  511 |  150  VAR((IEND-1)*NVAR+J)=RSAVE
      |                                                                        1
Warning: Fortran 2018 deleted feature: DO termination statement which is not END DO or CONTINUE with label 150 at (1)
/home/wb/Work/nGit/projects/solar_build_test/solar/old_root-9.0.1/bin_src/solarmain-9.0.1/src/pinput.f:617:72:

  617 |       DO 160 J=1,2
      |                                                                        1
Warning: Fortran 2018 deleted feature: Shared DO termination label 160 at (1)
/home/wb/Work/nGit/projects/solar_build_test/solar/old_root-9.0.1/bin_src/solarmain-9.0.1/src/pinput.f:681:72:

  681 |       DO 180 J=I+1,NPTOT
      |                                                                        1
Warning: Fortran 2018 deleted feature: Shared DO termination label 180 at (1)
/home/wb/Work/nGit/projects/solar_build_test/solar/old_root-9.0.1/bin_src/solarmain-9.0.1/src/pinput.f:707:72:

  707 |  190  IF (SEX(I).EQ.1) GROUP(I)=-GROUP(I)
      |                                                                        1
Warning: Fortran 2018 deleted feature: DO termination statement which is not END DO or CONTINUE with label 190 at (1)
/home/wb/Work/nGit/projects/solar_build_test/solar/old_root-9.0.1/bin_src/solarmain-9.0.1/src/pinput.f:737:21:

  734 |          CALL ISCRAT (NPBAND,1,UNIT1,.TRUE.)
      |                      2
......
  737 |          CALL ISCRAT(FATHER,NPTOT,UNIT1,.TRUE.)
      |                     1
Warning: Rank mismatch between actual argument at (1) and actual argument at (2) (scalar and rank-1)
/home/wb/Work/nGit/projects/solar_build_test/solar/old_root-9.0.1/bin_src/solarmain-9.0.1/src/pinput.f:738:21:

  734 |          CALL ISCRAT (NPBAND,1,UNIT1,.TRUE.)
      |                      2
......
  738 |          CALL ISCRAT(GROUP,NPTOT,UNIT1,.TRUE.)
      |                     1
Warning: Rank mismatch between actual argument at (1) and actual argument at (2) (scalar and rank-1)
/home/wb/Work/nGit/projects/solar_build_test/solar/old_root-9.0.1/bin_src/solarmain-9.0.1/src/pinput.f:739:21:

  734 |          CALL ISCRAT (NPBAND,1,UNIT1,.TRUE.)
      |                      2
......
  739 |          CALL ISCRAT(MOTHER,NPTOT,UNIT1,.TRUE.)
      |                     1
Warning: Rank mismatch between actual argument at (1) and actual argument at (2) (scalar and rank-1)
/home/wb/Work/nGit/projects/solar_build_test/solar/old_root-9.0.1/bin_src/solarmain-9.0.1/src/pinput.f:826:22:

  734 |          CALL ISCRAT (NPBAND,1,UNIT1,.TRUE.)
      |                      2
......
  826 |          CALL ISCRAT (MVFATHER,MVPEO,  UNIT1,.TRUE.)
      |                      1
Warning: Rank mismatch between actual argument at (1) and actual argument at (2) (scalar and rank-1)
/home/wb/Work/nGit/projects/solar_build_test/solar/old_root-9.0.1/bin_src/solarmain-9.0.1/src/pinput.f:827:22:

  734 |          CALL ISCRAT (NPBAND,1,UNIT1,.TRUE.)
      |                      2
......
  827 |          CALL ISCRAT (MVGROUP, MVPEO,  UNIT1,.TRUE.)
      |                      1
Warning: Rank mismatch between actual argument at (1) and actual argument at (2) (scalar and rank-1)
/home/wb/Work/nGit/projects/solar_build_test/solar/old_root-9.0.1/bin_src/solarmain-9.0.1/src/pinput.f:828:22:

  734 |          CALL ISCRAT (NPBAND,1,UNIT1,.TRUE.)
      |                      2
......
  828 |          CALL ISCRAT (MVMOTHER,MVPEO,  UNIT1,.TRUE.)
      |                      1
Warning: Rank mismatch between actual argument at (1) and actual argument at (2) (scalar and rank-1)
/usr/bin/gfortran -c -m64  -O2 -fno-second-underscore -fexceptions -fallow-argument-mismatch -o /home/wb/Work/nGit/projects/solar_build_test/solar/old_root-9.0.1/bin_src/solarmain-9.0.1/src/ppnd.o /home/wb/Work/nGit/projects/solar_build_test/solar/old_root-9.0.1/bin_src/solarmain-9.0.1/src/ppnd.f
/usr/bin/gfortran -c -m64  -O2 -fno-second-underscore -fexceptions -fallow-argument-mismatch -o /home/wb/Work/nGit/projects/solar_build_test/solar/old_root-9.0.1/bin_src/solarmain-9.0.1/src/preopt.o /home/wb/Work/nGit/projects/solar_build_test/solar/old_root-9.0.1/bin_src/solarmain-9.0.1/src/preopt.f
/home/wb/Work/nGit/projects/solar_build_test/solar/old_root-9.0.1/bin_src/solarmain-9.0.1/src/preopt.f:65:72:

   65 |  50   S=S+CNSTR(I,J)*PAR(J)
      |                                                                        1
Warning: Fortran 2018 deleted feature: DO termination statement which is not END DO or CONTINUE with label 50 at (1)
/home/wb/Work/nGit/projects/solar_build_test/solar/old_root-9.0.1/bin_src/solarmain-9.0.1/src/preopt.f:93:72:

   93 |       DO 70 I=1,J
      |                                                                        1
Warning: Fortran 2018 deleted feature: Shared DO termination label 70 at (1)
/home/wb/Work/nGit/projects/solar_build_test/solar/old_root-9.0.1/bin_src/solarmain-9.0.1/src/preopt.f:96:72:

   96 |  80   S=S+CNSTR(I,K)*CNSTR(J,K)
      |                                                                        1
Warning: Fortran 2018 deleted feature: DO termination statement which is not END DO or CONTINUE with label 80 at (1)
/home/wb/Work/nGit/projects/solar_build_test/solar/old_root-9.0.1/bin_src/solarmain-9.0.1/src/preopt.f:97:72:

   97 |  70   TABLE(I,J)=S
      |                                                                        1
Warning: Fortran 2018 deleted feature: DO termination statement which is not END DO or CONTINUE with label 70 at (1)
/home/wb/Work/nGit/projects/solar_build_test/solar/old_root-9.0.1/bin_src/solarmain-9.0.1/src/preopt.f:115:72:

  115 |       DO 110 J=1,NPAR
      |                                                                        1
Warning: Fortran 2018 deleted feature: Shared DO termination label 110 at (1)
/home/wb/Work/nGit/projects/solar_build_test/solar/old_root-9.0.1/bin_src/solarmain-9.0.1/src/preopt.f:118:72:

  118 |  120  S=S+CNSTR(K,I)*CNSTR(K,J)
      |                                                                        1
Warning: Fortran 2018 deleted feature: DO termination statement which is not END DO or CONTINUE with label 120 at (1)
/home/wb/Work/nGit/projects/solar_build_test/solar/old_root-9.0.1/bin_src/solarmain-9.0.1/src/preopt.f:119:72:

  119 |  110  CNORM=CNORM+S*S
      |                                                                        1
Warning: Fortran 2018 deleted feature: DO termination statement which is not END DO or CONTINUE with label 110 at (1)
/home/wb/Work/nGit/projects/solar_build_test/solar/old_root-9.0.1/bin_src/solarmain-9.0.1/src/preopt.f:139:72:

  139 |  180  WRITE(UNIT3,150) CVALUE(I),(CNSTR(I,J),J=1,NPAR)
      |                                                                        1
Warning: Fortran 2018 deleted feature: DO termination statement which is not END DO or CONTINUE with label 180 at (1)
/usr/bin/gfortran -c -m64  -O2 -fno-second-underscore -fexceptions -fallow-argument-mismatch -o /home/wb/Work/nGit/projects/solar_build_test/solar/old_root-9.0.1/bin_src/solarmain-9.0.1/src/preped.o /home/wb/Work/nGit/projects/solar_build_test/solar/old_root-9.0.1/bin_src/solarmain-9.0.1/src/preped.f
/home/wb/Work/nGit/projects/solar_build_test/solar/old_root-9.0.1/bin_src/solarmain-9.0.1/src/preped.f:252:72:

  252 |  465     NTRASAMP(I)=TTRASAMP(I)
      |                                                                        1
Warning: Fortran 2018 deleted feature: DO termination statement which is not END DO or CONTINUE with label 465 at (1)
/usr/bin/gfortran -c -m64  -O2 -fno-second-underscore -fexceptions -fallow-argument-mismatch -o /home/wb/Work/nGit/projects/solar_build_test/solar/old_root-9.0.1/bin_src/solarmain-9.0.1/src/qdprog.o /home/wb/Work/nGit/projects/solar_build_test/solar/old_root-9.0.1/bin_src/solarmain-9.0.1/src/qdprog.f
/home/wb/Work/nGit/projects/solar_build_test/solar/old_root-9.0.1/bin_src/solarmain-9.0.1/src/qdprog.f:39:72:

   39 |  10   DELTA(I)=0.0D0
      |                                                                        1
Warning: Fortran 2018 deleted feature: DO termination statement which is not END DO or CONTINUE with label 10 at (1)
/home/wb/Work/nGit/projects/solar_build_test/solar/old_root-9.0.1/bin_src/solarmain-9.0.1/src/qdprog.f:43:72:

   43 |  20   NSWEEP(I)=1
      |                                                                        1
Warning: Fortran 2018 deleted feature: DO termination statement which is not END DO or CONTINUE with label 20 at (1)
/home/wb/Work/nGit/projects/solar_build_test/solar/old_root-9.0.1/bin_src/solarmain-9.0.1/src/qdprog.f:47:72:

   47 |  30   CALL SWEEP(TABLE,WORK2,K,MAXTAB,NTAB,INV)
      |                                                                        1
Warning: Fortran 2018 deleted feature: DO termination statement which is not END DO or CONTINUE with label 30 at (1)
/usr/bin/gfortran -c -m64  -O2 -fno-second-underscore -fexceptions -fallow-argument-mismatch -o /home/wb/Work/nGit/projects/solar_build_test/solar/old_root-9.0.1/bin_src/solarmain-9.0.1/src/random.o /home/wb/Work/nGit/projects/solar_build_test/solar/old_root-9.0.1/bin_src/solarmain-9.0.1/src/random.f
/usr/bin/gfortran -c -m64  -O2 -fno-second-underscore -fexceptions -fallow-argument-mismatch -o /home/wb/Work/nGit/projects/solar_build_test/solar/old_root-9.0.1/bin_src/solarmain-9.0.1/src/resid.o /home/wb/Work/nGit/projects/solar_build_test/solar/old_root-9.0.1/bin_src/solarmain-9.0.1/src/resid.f
/home/wb/Work/nGit/projects/solar_build_test/solar/old_root-9.0.1/bin_src/solarmain-9.0.1/src/resid.f:37:72:

   37 |       DO 20 J=I,BORDER
      |                                                                        1
Warning: Fortran 2018 deleted feature: Shared DO termination label 20 at (1)
/home/wb/Work/nGit/projects/solar_build_test/solar/old_root-9.0.1/bin_src/solarmain-9.0.1/src/resid.f:38:72:

   38 |  20   OMEGA(J,I)=OMEGA(I,J)
      |                                                                        1
Warning: Fortran 2018 deleted feature: DO termination statement which is not END DO or CONTINUE with label 20 at (1)
/home/wb/Work/nGit/projects/solar_build_test/solar/old_root-9.0.1/bin_src/solarmain-9.0.1/src/resid.f:51:72:

   51 |       DO 40 K=J,NTRAIT
      |                                                                        1
Warning: Fortran 2018 deleted feature: Shared DO termination label 40 at (1)
/home/wb/Work/nGit/projects/solar_build_test/solar/old_root-9.0.1/bin_src/solarmain-9.0.1/src/resid.f:52:72:

   52 |  40   OMEGA(J,K)=OMEGA(ITRAIT+K,ITRAIT+J)
      |                                                                        1
Warning: Fortran 2018 deleted feature: DO termination statement which is not END DO or CONTINUE with label 40 at (1)
/home/wb/Work/nGit/projects/solar_build_test/solar/old_root-9.0.1/bin_src/solarmain-9.0.1/src/resid.f:65:72:

   65 |  50   CALL SWEEP(OMEGA,WORK,J,MOMEGA,NBORD,.TRUE.)
      |                                                                        1
Warning: Fortran 2018 deleted feature: DO termination statement which is not END DO or CONTINUE with label 50 at (1)
/home/wb/Work/nGit/projects/solar_build_test/solar/old_root-9.0.1/bin_src/solarmain-9.0.1/src/resid.f:124:72:

  124 |  30   IF (IPER.EQ.1) OMEGA(NBORD,NBORD)=SAVE
      |                                                                        1
Warning: Fortran 2018 deleted feature: DO termination statement which is not END DO or CONTINUE with label 30 at (1)
/usr/bin/gfortran -c -m64  -O2 -fno-second-underscore -fexceptions -fallow-argument-mismatch -o /home/wb/Work/nGit/projects/solar_build_test/solar/old_root-9.0.1/bin_src/solarmain-9.0.1/src/scor.o /home/wb/Work/nGit/projects/solar_build_test/solar/old_root-9.0.1/bin_src/solarmain-9.0.1/src/scor.f
/home/wb/Work/nGit/projects/solar_build_test/solar/old_root-9.0.1/bin_src/solarmain-9.0.1/src/scor.f:17:72:

   17 |  10   SCORE(I)=0.0D0
      |                                                                        1
Warning: Fortran 2018 deleted feature: DO termination statement which is not END DO or CONTINUE with label 10 at (1)
/home/wb/Work/nGit/projects/solar_build_test/solar/old_root-9.0.1/bin_src/solarmain-9.0.1/src/scor.f:21:72:

   21 |  20   SCORE(I)=-DF(I)
      |                                                                        1
Warning: Fortran 2018 deleted feature: DO termination statement which is not END DO or CONTINUE with label 20 at (1)
/usr/bin/gfortran -c -m64  -O2 -fno-second-underscore -fexceptions -fallow-argument-mismatch -o /home/wb/Work/nGit/projects/solar_build_test/solar/old_root-9.0.1/bin_src/solarmain-9.0.1/src/search.o /home/wb/Work/nGit/projects/solar_build_test/solar/old_root-9.0.1/bin_src/solarmain-9.0.1/src/search.f
/home/wb/Work/nGit/projects/solar_build_test/solar/old_root-9.0.1/bin_src/solarmain-9.0.1/src/search.f:144:72:

  144 |  20   HESS(I,J)=0.0D0
      |                                                                        1
Warning: Fortran 2018 deleted feature: DO termination statement which is not END DO or CONTINUE with label 20 at (1)
/home/wb/Work/nGit/projects/solar_build_test/solar/old_root-9.0.1/bin_src/solarmain-9.0.1/src/search.f:145:72:

  145 |  10   HESS(I,I)=1.0D0
      |                                                                        1
Warning: Fortran 2018 deleted feature: DO termination statement which is not END DO or CONTINUE with label 10 at (1)
/home/wb/Work/nGit/projects/solar_build_test/solar/old_root-9.0.1/bin_src/solarmain-9.0.1/src/search.f:148:72:

  148 |       DO 30 J=1,NPAR
      |                                                                        1
Warning: Fortran 2018 deleted feature: Shared DO termination label 30 at (1)
/home/wb/Work/nGit/projects/solar_build_test/solar/old_root-9.0.1/bin_src/solarmain-9.0.1/src/search.f:149:72:

  149 |  30   CNSTR(I,J)=0.0D0
      |                                                                        1
Warning: Fortran 2018 deleted feature: DO termination statement which is not END DO or CONTINUE with label 30 at (1)
/home/wb/Work/nGit/projects/solar_build_test/solar/old_root-9.0.1/bin_src/solarmain-9.0.1/src/search.f:165:72:

  165 |  50   PAR(J)=GRID(ITER,J)
      |                                                                        1
Warning: Fortran 2018 deleted feature: DO termination statement which is not END DO or CONTINUE with label 50 at (1)
/home/wb/Work/nGit/projects/solar_build_test/solar/old_root-9.0.1/bin_src/solarmain-9.0.1/src/search.f:253:72:

  253 |  101        S=S-CNSTR(I,J)*(PAR(J)+DELTA(J))
      |                                                                        1
Warning: Fortran 2018 deleted feature: DO termination statement which is not END DO or CONTINUE with label 101 at (1)
/home/wb/Work/nGit/projects/solar_build_test/solar/old_root-9.0.1/bin_src/solarmain-9.0.1/src/search.f:269:72:

  269 |  70   IF (HESS(J,J).GT.0.0D0) HMIN=MIN(HMIN,HESS(J,J))
      |                                                                        1
Warning: Fortran 2018 deleted feature: DO termination statement which is not END DO or CONTINUE with label 70 at (1)
/home/wb/Work/nGit/projects/solar_build_test/solar/old_root-9.0.1/bin_src/solarmain-9.0.1/src/search.f:271:72:

  271 |  80   HESS(J,J)=MAX(HESS(J,J),HMIN)*(1.0D0+RANDOM(SEED))
      |                                                                        1
Warning: Fortran 2018 deleted feature: DO termination statement which is not END DO or CONTINUE with label 80 at (1)
/home/wb/Work/nGit/projects/solar_build_test/solar/old_root-9.0.1/bin_src/solarmain-9.0.1/src/search.f:281:72:

  281 |  100  D=D+DF(J)*DELTA(J)
      |                                                                        1
Warning: Fortran 2018 deleted feature: DO termination statement which is not END DO or CONTINUE with label 100 at (1)
/home/wb/Work/nGit/projects/solar_build_test/solar/old_root-9.0.1/bin_src/solarmain-9.0.1/src/search.f:425:72:

  425 |  150  DELTA(J)=T*DELTA(J)
      |                                                                        1
Warning: Fortran 2018 deleted feature: DO termination statement which is not END DO or CONTINUE with label 150 at (1)
/home/wb/Work/nGit/projects/solar_build_test/solar/old_root-9.0.1/bin_src/solarmain-9.0.1/src/search.f:436:72:

  436 |  170  S=S+HESS(J,K)*DELTA(K)
      |                                                                        1
Warning: Fortran 2018 deleted feature: DO termination statement which is not END DO or CONTINUE with label 170 at (1)
/home/wb/Work/nGit/projects/solar_build_test/solar/old_root-9.0.1/bin_src/solarmain-9.0.1/src/search.f:438:72:

  438 |  160  C1=C1+DELTA(J)*S
      |                                                                        1
Warning: Fortran 2018 deleted feature: DO termination statement which is not END DO or CONTINUE with label 160 at (1)
/home/wb/Work/nGit/projects/solar_build_test/solar/old_root-9.0.1/bin_src/solarmain-9.0.1/src/search.f:441:72:

  441 |  180  C2=C2+(DF(J)-DFOLD(J))*DELTA(J)
      |                                                                        1
Warning: Fortran 2018 deleted feature: DO termination statement which is not END DO or CONTINUE with label 180 at (1)
/home/wb/Work/nGit/projects/solar_build_test/solar/old_root-9.0.1/bin_src/solarmain-9.0.1/src/search.f:454:72:

  454 |  190  WORK2(J)=C3*(DF(J)-DFOLD(J))+(1.0D0-C3)*WORK1(J)
      |                                                                        1
Warning: Fortran 2018 deleted feature: DO termination statement which is not END DO or CONTINUE with label 190 at (1)
/home/wb/Work/nGit/projects/solar_build_test/solar/old_root-9.0.1/bin_src/solarmain-9.0.1/src/search.f:460:72:

  460 |       DO 200 K=1,NPAR
      |                                                                        1
Warning: Fortran 2018 deleted feature: Shared DO termination label 200 at (1)
/home/wb/Work/nGit/projects/solar_build_test/solar/old_root-9.0.1/bin_src/solarmain-9.0.1/src/search.f:461:72:

  461 |  200  HESS(J,K)=HESS(J,K)-WORK1(J)*WORK1(K)/C1+WORK2(J)*WORK2(K)/C4
      |                                                                        1
Warning: Fortran 2018 deleted feature: DO termination statement which is not END DO or CONTINUE with label 200 at (1)
/home/wb/Work/nGit/projects/solar_build_test/solar/old_root-9.0.1/bin_src/solarmain-9.0.1/src/search.f:550:72:

  550 |  220  HESS(J,I)=HESS(I,J)
      |                                                                        1
Warning: Fortran 2018 deleted feature: DO termination statement which is not END DO or CONTINUE with label 220 at (1)
/usr/bin/gfortran -c -m64  -O2 -fno-second-underscore -fexceptions -fallow-argument-mismatch -o /home/wb/Work/nGit/projects/solar_build_test/solar/old_root-9.0.1/bin_src/solarmain-9.0.1/src/settab.o /home/wb/Work/nGit/projects/solar_build_test/solar/old_root-9.0.1/bin_src/solarmain-9.0.1/src/settab.f
/home/wb/Work/nGit/projects/solar_build_test/solar/old_root-9.0.1/bin_src/solarmain-9.0.1/src/settab.f:21:72:

   21 |       DO 10 J=1,NPAR
      |                                                                        1
Warning: Fortran 2018 deleted feature: Shared DO termination label 10 at (1)
/home/wb/Work/nGit/projects/solar_build_test/solar/old_root-9.0.1/bin_src/solarmain-9.0.1/src/settab.f:22:72:

   22 |  10   HNORM=HNORM+HESS(I,J)**2
      |                                                                        1
Warning: Fortran 2018 deleted feature: DO termination statement which is not END DO or CONTINUE with label 10 at (1)
/home/wb/Work/nGit/projects/solar_build_test/solar/old_root-9.0.1/bin_src/solarmain-9.0.1/src/settab.f:32:72:

   32 |  30   S=S-CNSTR(I,J)*PAR(J)
      |                                                                        1
Warning: Fortran 2018 deleted feature: DO termination statement which is not END DO or CONTINUE with label 30 at (1)
/home/wb/Work/nGit/projects/solar_build_test/solar/old_root-9.0.1/bin_src/solarmain-9.0.1/src/settab.f:33:72:

   33 |  20   WORK2(I)=S
      |                                                                        1
Warning: Fortran 2018 deleted feature: DO termination statement which is not END DO or CONTINUE with label 20 at (1)
/home/wb/Work/nGit/projects/solar_build_test/solar/old_root-9.0.1/bin_src/solarmain-9.0.1/src/settab.f:47:72:

   47 |       DO 40 J=1,K
      |                                                                        1
Warning: Fortran 2018 deleted feature: Shared DO termination label 40 at (1)
/home/wb/Work/nGit/projects/solar_build_test/solar/old_root-9.0.1/bin_src/solarmain-9.0.1/src/settab.f:50:72:

   50 |  50   S=S+CNSTR(I,J)*CNSTR(I,K)
      |                                                                        1
Warning: Fortran 2018 deleted feature: DO termination statement which is not END DO or CONTINUE with label 50 at (1)
/home/wb/Work/nGit/projects/solar_build_test/solar/old_root-9.0.1/bin_src/solarmain-9.0.1/src/settab.f:51:72:

   51 |  40   TABLE(J,K)=HESS(J,K)+C*S
      |                                                                        1
Warning: Fortran 2018 deleted feature: DO termination statement which is not END DO or CONTINUE with label 40 at (1)
/home/wb/Work/nGit/projects/solar_build_test/solar/old_root-9.0.1/bin_src/solarmain-9.0.1/src/settab.f:55:72:

   55 |  70   TABLE(J,K)=CNSTR(I,J)
      |                                                                        1
Warning: Fortran 2018 deleted feature: DO termination statement which is not END DO or CONTINUE with label 70 at (1)
/home/wb/Work/nGit/projects/solar_build_test/solar/old_root-9.0.1/bin_src/solarmain-9.0.1/src/settab.f:57:72:

   57 |  80   TABLE(J,K)=0.0D0
      |                                                                        1
Warning: Fortran 2018 deleted feature: DO termination statement which is not END DO or CONTINUE with label 80 at (1)
/home/wb/Work/nGit/projects/solar_build_test/solar/old_root-9.0.1/bin_src/solarmain-9.0.1/src/settab.f:60:72:

   60 |  90   TABLE(J,NTAB)=-DF(J)
      |                                                                        1
Warning: Fortran 2018 deleted feature: DO termination statement which is not END DO or CONTINUE with label 90 at (1)
/home/wb/Work/nGit/projects/solar_build_test/solar/old_root-9.0.1/bin_src/solarmain-9.0.1/src/settab.f:62:72:

   62 |  100  TABLE(J+NPAR,NTAB)=WORK2(J)
      |                                                                        1
Warning: Fortran 2018 deleted feature: DO termination statement which is not END DO or CONTINUE with label 100 at (1)
/usr/bin/gfortran -c -m64  -O2 -fno-second-underscore -fexceptions -fallow-argument-mismatch -o /home/wb/Work/nGit/projects/solar_build_test/solar/old_root-9.0.1/bin_src/solarmain-9.0.1/src/smpoutput.o /home/wb/Work/nGit/projects/solar_build_test/solar/old_root-9.0.1/bin_src/solarmain-9.0.1/src/smpoutput.f
/usr/bin/gfortran -c -m64  -O2 -fno-second-underscore -fexceptions -fallow-argument-mismatch -o /home/wb/Work/nGit/projects/solar_build_test/solar/old_root-9.0.1/bin_src/solarmain-9.0.1/src/spmpar.o /home/wb/Work/nGit/projects/solar_build_test/solar/old_root-9.0.1/bin_src/solarmain-9.0.1/src/spmpar.f
/usr/bin/gfortran -c -m64  -O2 -fno-second-underscore -fexceptions -fallow-argument-mismatch -o /home/wb/Work/nGit/projects/solar_build_test/solar/old_root-9.0.1/bin_src/solarmain-9.0.1/src/sweep.o /home/wb/Work/nGit/projects/solar_build_test/solar/old_root-9.0.1/bin_src/solarmain-9.0.1/src/sweep.f
/home/wb/Work/nGit/projects/solar_build_test/solar/old_root-9.0.1/bin_src/solarmain-9.0.1/src/sweep.f:15:72:

   15 |  10   TABLE(I,K)=0.0D0
      |                                                                        1
Warning: Fortran 2018 deleted feature: DO termination statement which is not END DO or CONTINUE with label 10 at (1)
/home/wb/Work/nGit/projects/solar_build_test/solar/old_root-9.0.1/bin_src/solarmain-9.0.1/src/sweep.f:18:72:

   18 |  20   TABLE(K,I)=0.0D0
      |                                                                        1
Warning: Fortran 2018 deleted feature: DO termination statement which is not END DO or CONTINUE with label 20 at (1)
/home/wb/Work/nGit/projects/solar_build_test/solar/old_root-9.0.1/bin_src/solarmain-9.0.1/src/sweep.f:29:72:

   29 |  40   TABLE(I,J)=TABLE(I,J)-WORK(I)*W/S
      |                                                                        1
Warning: Fortran 2018 deleted feature: DO termination statement which is not END DO or CONTINUE with label 40 at (1)
/usr/bin/gfortran -c -m64  -O2 -fno-second-underscore -fexceptions -fallow-argument-mismatch -o /home/wb/Work/nGit/projects/solar_build_test/solar/old_root-9.0.1/bin_src/solarmain-9.0.1/src/symeig.o /home/wb/Work/nGit/projects/solar_build_test/solar/old_root-9.0.1/bin_src/solarmain-9.0.1/src/symeig.f
/home/wb/Work/nGit/projects/solar_build_test/solar/old_root-9.0.1/bin_src/solarmain-9.0.1/src/symeig.f:73:72:

   73 |    80    z(j,i) = a(j,i)
      |                                                                        1
Warning: Fortran 2018 deleted feature: DO termination statement which is not END DO or CONTINUE with label 80 at (1)
/home/wb/Work/nGit/projects/solar_build_test/solar/old_root-9.0.1/bin_src/solarmain-9.0.1/src/symeig.f:88:72:

   88 |   120    scale = scale + dabs(d(k))
      |                                                                        1
Warning: Fortran 2018 deleted feature: DO termination statement which is not END DO or CONTINUE with label 120 at (1)
/home/wb/Work/nGit/projects/solar_build_test/solar/old_root-9.0.1/bin_src/solarmain-9.0.1/src/symeig.f:113:72:

  113 |   170    e(j) = 0.0d0
      |                                                                        1
Warning: Fortran 2018 deleted feature: DO termination statement which is not END DO or CONTINUE with label 170 at (1)
/home/wb/Work/nGit/projects/solar_build_test/solar/old_root-9.0.1/bin_src/solarmain-9.0.1/src/symeig.f:140:72:

  140 |   250    e(j) = e(j) - hh * d(j)
      |                                                                        1
Warning: Fortran 2018 deleted feature: DO termination statement which is not END DO or CONTINUE with label 250 at (1)
/home/wb/Work/nGit/projects/solar_build_test/solar/old_root-9.0.1/bin_src/solarmain-9.0.1/src/symeig.f:147:72:

  147 |   260       z(k,j) = z(k,j) - f * e(k) - g * d(k)
      |                                                                        1
Warning: Fortran 2018 deleted feature: DO termination statement which is not END DO or CONTINUE with label 260 at (1)
/home/wb/Work/nGit/projects/solar_build_test/solar/old_root-9.0.1/bin_src/solarmain-9.0.1/src/symeig.f:164:72:

  164 |   330    d(k) = z(k,i) / h
      |                                                                        1
Warning: Fortran 2018 deleted feature: DO termination statement which is not END DO or CONTINUE with label 330 at (1)
/home/wb/Work/nGit/projects/solar_build_test/solar/old_root-9.0.1/bin_src/solarmain-9.0.1/src/symeig.f:170:72:

  170 |   340       g = g + z(k,i) * z(k,j)
      |                                                                        1
Warning: Fortran 2018 deleted feature: DO termination statement which is not END DO or CONTINUE with label 340 at (1)
/home/wb/Work/nGit/projects/solar_build_test/solar/old_root-9.0.1/bin_src/solarmain-9.0.1/src/symeig.f:172:72:

  172 |             do 360 k = 1, l
      |                                                                        1
Warning: Fortran 2018 deleted feature: Shared DO termination label 360 at (1)
/home/wb/Work/nGit/projects/solar_build_test/solar/old_root-9.0.1/bin_src/solarmain-9.0.1/src/symeig.f:177:72:

  177 |   400    z(k,i) = 0.0d0
      |                                                                        1
Warning: Fortran 2018 deleted feature: DO termination statement which is not END DO or CONTINUE with label 400 at (1)
/home/wb/Work/nGit/projects/solar_build_test/solar/old_root-9.0.1/bin_src/solarmain-9.0.1/src/symeig.f:260:72:

  260 |   100 e(i-1) = e(i)
      |                                                                        1
Warning: Fortran 2018 deleted feature: DO termination statement which is not END DO or CONTINUE with label 100 at (1)
/home/wb/Work/nGit/projects/solar_build_test/solar/old_root-9.0.1/bin_src/solarmain-9.0.1/src/symeig.f:294:72:

  294 |   140    d(i) = d(i) - h
      |                                                                        1
Warning: Fortran 2018 deleted feature: DO termination statement which is not END DO or CONTINUE with label 140 at (1)
/usr/bin/gfortran -c -m64  -O2 -fno-second-underscore -fexceptions -fallow-argument-mismatch -o /home/wb/Work/nGit/projects/solar_build_test/solar/old_root-9.0.1/bin_src/solarmain-9.0.1/src/tdist.o /home/wb/Work/nGit/projects/solar_build_test/solar/old_root-9.0.1/bin_src/solarmain-9.0.1/src/tdist.f
/usr/bin/gfortran -c -m64  -O2 -fno-second-underscore -fexceptions -fallow-argument-mismatch -o /home/wb/Work/nGit/projects/solar_build_test/solar/old_root-9.0.1/bin_src/solarmain-9.0.1/src/trigam.o /home/wb/Work/nGit/projects/solar_build_test/solar/old_root-9.0.1/bin_src/solarmain-9.0.1/src/trigam.f
/usr/bin/gfortran -c -m64  -O2 -fno-second-underscore -fexceptions -fallow-argument-mismatch -o /home/wb/Work/nGit/projects/solar_build_test/solar/old_root-9.0.1/bin_src/solarmain-9.0.1/src/upcase.o /home/wb/Work/nGit/projects/solar_build_test/solar/old_root-9.0.1/bin_src/solarmain-9.0.1/src/upcase.f
/home/wb/Work/nGit/projects/solar_build_test/solar/old_root-9.0.1/bin_src/solarmain-9.0.1/src/upcase.f:12:72:

   12 |  10   IF (J.GE.0.AND.J.LE.25) STRING(I:I)=CHAR(N+J)
      |                                                                        1
Warning: Fortran 2018 deleted feature: DO termination statement which is not END DO or CONTINUE with label 10 at (1)
/usr/bin/gfortran -c -m64  -O2 -fno-second-underscore -fexceptions -fallow-argument-mismatch -o /home/wb/Work/nGit/projects/solar_build_test/solar/old_root-9.0.1/bin_src/solarmain-9.0.1/src/writestr.o /home/wb/Work/nGit/projects/solar_build_test/solar/old_root-9.0.1/bin_src/solarmain-9.0.1/src/writestr.f
/usr/bin/gfortran -c -m64  -O2 -fno-second-underscore -fexceptions -fallow-argument-mismatch -o /home/wb/Work/nGit/projects/solar_build_test/solar/old_root-9.0.1/bin_src/solarmain-9.0.1/src/yesno.o /home/wb/Work/nGit/projects/solar_build_test/solar/old_root-9.0.1/bin_src/solarmain-9.0.1/src/yesno.f
/usr/bin/g++ -c -O2  -std=c++11 -fopenmp  -m64 -I../lib -I/home/wb/Work/nGit/projects/solar_build_test/solar/old_root-9.0.1/bin_src/solarmain-9.0.1/include -DUSE_SAFELIB -fexceptions -DTR1 -DLINUX64 -DUSE_SAFELIB   -o /home/wb/Work/nGit/projects/solar_build_test/solar/old_root-9.0.1/bin_src/solarmain-9.0.1/src/genetic_correlation.o /home/wb/Work/nGit/projects/solar_build_test/solar/old_root-9.0.1/bin_src/solarmain-9.0.1/src/genetic_correlation.cc
In file included from /home/wb/Work/nGit/projects/solar_build_test/solar/old_root-9.0.1/bin_src/solarmain-9.0.1/src/genetic_correlation.cc:3:
/home/wb/Work/nGit/projects/solar_build_test/solar/old_root-9.0.1/bin_src/solarmain-9.0.1/src/solar.h: In static member function ‘static int Pedigree::SexVar(int)’:
/home/wb/Work/nGit/projects/solar_build_test/solar/old_root-9.0.1/bin_src/solarmain-9.0.1/src/solar.h:1203:59: warning: no return statement in function returning non-void [-Wreturn-type]
 1203 |     static int SexVar (int SexStatus) {_Has_Sex=SexStatus;}
      |                                                           ^
/usr/bin/g++ -c -O2  -std=c++11 -fopenmp  -m64 -I../lib -I/home/wb/Work/nGit/projects/solar_build_test/solar/old_root-9.0.1/bin_src/solarmain-9.0.1/include -DUSE_SAFELIB -fexceptions -DTR1 -DLINUX64 -DUSE_SAFELIB   -o /home/wb/Work/nGit/projects/solar_build_test/solar/old_root-9.0.1/bin_src/solarmain-9.0.1/src/alnormc.o /home/wb/Work/nGit/projects/solar_build_test/solar/old_root-9.0.1/bin_src/solarmain-9.0.1/src/alnormc.cc
In file included from /home/wb/Work/nGit/projects/solar_build_test/solar/old_root-9.0.1/bin_src/solarmain-9.0.1/src/alnormc.cc:7:
/home/wb/Work/nGit/projects/solar_build_test/solar/old_root-9.0.1/bin_src/solarmain-9.0.1/src/solar.h: In static member function ‘static int Pedigree::SexVar(int)’:
/home/wb/Work/nGit/projects/solar_build_test/solar/old_root-9.0.1/bin_src/solarmain-9.0.1/src/solar.h:1203:59: warning: no return statement in function returning non-void [-Wreturn-type]
 1203 |     static int SexVar (int SexStatus) {_Has_Sex=SexStatus;}
      |                                                           ^
/usr/bin/g++ -c -O2  -std=c++11 -fopenmp  -m64 -I../lib -I/home/wb/Work/nGit/projects/solar_build_test/solar/old_root-9.0.1/bin_src/solarmain-9.0.1/include -DUSE_SAFELIB -fexceptions -DTR1 -DLINUX64 -DUSE_SAFELIB   -o /home/wb/Work/nGit/projects/solar_build_test/solar/old_root-9.0.1/bin_src/solarmain-9.0.1/src/annotate_gwas.o /home/wb/Work/nGit/projects/solar_build_test/solar/old_root-9.0.1/bin_src/solarmain-9.0.1/src/annotate_gwas.cc
In file included from /home/wb/Work/nGit/projects/solar_build_test/solar/old_root-9.0.1/bin_src/solarmain-9.0.1/src/annotate_gwas.cc:9:
/home/wb/Work/nGit/projects/solar_build_test/solar/old_root-9.0.1/bin_src/solarmain-9.0.1/src/solar.h: In static member function ‘static int Pedigree::SexVar(int)’:
/home/wb/Work/nGit/projects/solar_build_test/solar/old_root-9.0.1/bin_src/solarmain-9.0.1/src/solar.h:1203:59: warning: no return statement in function returning non-void [-Wreturn-type]
 1203 |     static int SexVar (int SexStatus) {_Has_Sex=SexStatus;}
      |                                                           ^
/usr/bin/g++ -c -O2  -std=c++11 -fopenmp  -m64 -I../lib -I/home/wb/Work/nGit/projects/solar_build_test/solar/old_root-9.0.1/bin_src/solarmain-9.0.1/include -DUSE_SAFELIB -fexceptions -DTR1 -DLINUX64 -DUSE_SAFELIB   -o /home/wb/Work/nGit/projects/solar_build_test/solar/old_root-9.0.1/bin_src/solarmain-9.0.1/src/ccsearch.o /home/wb/Work/nGit/projects/solar_build_test/solar/old_root-9.0.1/bin_src/solarmain-9.0.1/src/ccsearch.cc
In file included from /home/wb/Work/nGit/projects/solar_build_test/solar/old_root-9.0.1/bin_src/solarmain-9.0.1/src/ccsearch.cc:11:
/home/wb/Work/nGit/projects/solar_build_test/solar/old_root-9.0.1/bin_src/solarmain-9.0.1/src/solar.h: In static member function ‘static int Pedigree::SexVar(int)’:
/home/wb/Work/nGit/projects/solar_build_test/solar/old_root-9.0.1/bin_src/solarmain-9.0.1/src/solar.h:1203:59: warning: no return statement in function returning non-void [-Wreturn-type]
 1203 |     static int SexVar (int SexStatus) {_Has_Sex=SexStatus;}
      |                                                           ^
/home/wb/Work/nGit/projects/solar_build_test/solar/old_root-9.0.1/bin_src/solarmain-9.0.1/src/ccsearch.cc: In function ‘double ccsearch(const char*, int, bool)’:
/home/wb/Work/nGit/projects/solar_build_test/solar/old_root-9.0.1/bin_src/solarmain-9.0.1/src/ccsearch.cc:1156:65: warning: cast to pointer from integer of different size [-Wint-to-pointer-cast]
 1156 |                 cfprintf (stderr, "\nResizing IARRAY to %d.\n", (void *) LENI);
      |                                                                 ^~~~~~~~~~~~~
/usr/bin/g++ -c -O2  -std=c++11 -fopenmp  -m64 -I../lib -I/home/wb/Work/nGit/projects/solar_build_test/solar/old_root-9.0.1/bin_src/solarmain-9.0.1/include -DUSE_SAFELIB -fexceptions -DTR1 -DLINUX64 -DUSE_SAFELIB   -o /home/wb/Work/nGit/projects/solar_build_test/solar/old_root-9.0.1/bin_src/solarmain-9.0.1/src/calculate_snp_frequencies.o /home/wb/Work/nGit/projects/solar_build_test/solar/old_root-9.0.1/bin_src/solarmain-9.0.1/src/calculate_snp_frequencies.cc
In file included from /home/wb/Work/nGit/projects/solar_build_test/solar/old_root-9.0.1/bin_src/solarmain-9.0.1/src/calculate_snp_frequencies.cc:2:
/home/wb/Work/nGit/projects/solar_build_test/solar/old_root-9.0.1/bin_src/solarmain-9.0.1/src/solar.h: In static member function ‘static int Pedigree::SexVar(int)’:
/home/wb/Work/nGit/projects/solar_build_test/solar/old_root-9.0.1/bin_src/solarmain-9.0.1/src/solar.h:1203:59: warning: no return statement in function returning non-void [-Wreturn-type]
 1203 |     static int SexVar (int SexStatus) {_Has_Sex=SexStatus;}
      |                                                           ^
/usr/bin/g++ -c -O2  -std=c++11 -fopenmp  -m64 -I../lib -I/home/wb/Work/nGit/projects/solar_build_test/solar/old_root-9.0.1/bin_src/solarmain-9.0.1/include -DUSE_SAFELIB -fexceptions -DTR1 -DLINUX64 -DUSE_SAFELIB   -o /home/wb/Work/nGit/projects/solar_build_test/solar/old_root-9.0.1/bin_src/solarmain-9.0.1/src/chi.o /home/wb/Work/nGit/projects/solar_build_test/solar/old_root-9.0.1/bin_src/solarmain-9.0.1/src/chi.cc
In file included from /home/wb/Work/nGit/projects/solar_build_test/solar/old_root-9.0.1/bin_src/solarmain-9.0.1/src/chi.cc:9:
/home/wb/Work/nGit/projects/solar_build_test/solar/old_root-9.0.1/bin_src/solarmain-9.0.1/src/solar.h: In static member function ‘static int Pedigree::SexVar(int)’:
/home/wb/Work/nGit/projects/solar_build_test/solar/old_root-9.0.1/bin_src/solarmain-9.0.1/src/solar.h:1203:59: warning: no return statement in function returning non-void [-Wreturn-type]
 1203 |     static int SexVar (int SexStatus) {_Has_Sex=SexStatus;}
      |                                                           ^
/home/wb/Work/nGit/projects/solar_build_test/solar/old_root-9.0.1/bin_src/solarmain-9.0.1/src/chi.cc: In function ‘int ChiCmd(ClientData, Tcl_Interp*, int, char**)’:
/home/wb/Work/nGit/projects/solar_build_test/solar/old_root-9.0.1/bin_src/solarmain-9.0.1/src/chi.cc:33:41: warning: format ‘%s’ expects argument of type ‘char*’, but argument 4 has type ‘char (*)[512]’ [-Wformat=]
   33 |         if (1 == sscanf (argv[2], "%lf %s", &q, &dummy))
      |                                        ~^       ~~~~~~
      |                                         |       |
      |                                         char*   char (*)[512]
/home/wb/Work/nGit/projects/solar_build_test/solar/old_root-9.0.1/bin_src/solarmain-9.0.1/src/chi.cc:36:45: warning: format ‘%s’ expects argument of type ‘char*’, but argument 4 has type ‘char (*)[512]’ [-Wformat=]
   36 |             if (1 == sscanf (argv[3], "%lf %s", &df, &dummy))
      |                                            ~^        ~~~~~~
      |                                             |        |
      |                                             char*    char (*)[512]
/home/wb/Work/nGit/projects/solar_build_test/solar/old_root-9.0.1/bin_src/solarmain-9.0.1/src/chi.cc:120:43: warning: format ‘%s’ expects argument of type ‘char*’, but argument 4 has type ‘char (*)[512]’ [-Wformat=]
  120 |         if (1 == sscanf (argv[cvi], "%lf %s", &chival, &dummy))
      |                                          ~^            ~~~~~~
      |                                           |            |
      |                                           char*        char (*)[512]
/home/wb/Work/nGit/projects/solar_build_test/solar/old_root-9.0.1/bin_src/solarmain-9.0.1/src/chi.cc:122:47: warning: format ‘%s’ expects argument of type ‘char*’, but argument 4 has type ‘char (*)[512]’ [-Wformat=]
  122 |             if (1 == sscanf (argv[dfi], "%lf %s", &df, &dummy))
      |                                              ~^        ~~~~~~
      |                                               |        |
      |                                               char*    char (*)[512]
/usr/bin/g++ -c -O2  -std=c++11 -fopenmp  -m64 -I../lib -I/home/wb/Work/nGit/projects/solar_build_test/solar/old_root-9.0.1/bin_src/solarmain-9.0.1/include -DUSE_SAFELIB -fexceptions -DTR1 -DLINUX64 -DUSE_SAFELIB   -o /home/wb/Work/nGit/projects/solar_build_test/solar/old_root-9.0.1/bin_src/solarmain-9.0.1/src/constraint.o /home/wb/Work/nGit/projects/solar_build_test/solar/old_root-9.0.1/bin_src/solarmain-9.0.1/src/constraint.cc
In file included from /home/wb/Work/nGit/projects/solar_build_test/solar/old_root-9.0.1/bin_src/solarmain-9.0.1/src/constraint.cc:10:
/home/wb/Work/nGit/projects/solar_build_test/solar/old_root-9.0.1/bin_src/solarmain-9.0.1/src/solar.h: In static member function ‘static int Pedigree::SexVar(int)’:
/home/wb/Work/nGit/projects/solar_build_test/solar/old_root-9.0.1/bin_src/solarmain-9.0.1/src/solar.h:1203:59: warning: no return statement in function returning non-void [-Wreturn-type]
 1203 |     static int SexVar (int SexStatus) {_Has_Sex=SexStatus;}
      |                                                           ^
/home/wb/Work/nGit/projects/solar_build_test/solar/old_root-9.0.1/bin_src/solarmain-9.0.1/src/constraint.cc: In function ‘int ConstraintCmd(ClientData, Tcl_Interp*, int, char**)’:
/home/wb/Work/nGit/projects/solar_build_test/solar/old_root-9.0.1/bin_src/solarmain-9.0.1/src/constraint.cc:56:43: warning: format ‘%s’ expects argument of type ‘char*’, but argument 4 has type ‘char (*)[128]’ [-Wformat=]
   56 |         int count = sscanf (cnumstr, "%d %s", &number, &extra);
      |                                          ~^            ~~~~~~
      |                                           |            |
      |                                           char*        char (*)[128]
/home/wb/Work/nGit/projects/solar_build_test/solar/old_root-9.0.1/bin_src/solarmain-9.0.1/src/constraint.cc: In static member function ‘static Term* Term::scan(const char**, const char**)’:
/home/wb/Work/nGit/projects/solar_build_test/solar/old_root-9.0.1/bin_src/solarmain-9.0.1/src/constraint.cc:468:41: warning: format ‘%s’ expects argument of type ‘char*’, but argument 4 has type ‘char (*)[128]’ [-Wformat=]
  468 |         int count = sscanf (nbuf, "%lg %s", &number, &junk);
      |                                        ~^            ~~~~~
      |                                         |            |
      |                                         char*        char (*)[128]
/usr/bin/g++ -c -O2  -std=c++11 -fopenmp  -m64 -I../lib -I/home/wb/Work/nGit/projects/solar_build_test/solar/old_root-9.0.1/bin_src/solarmain-9.0.1/include -DUSE_SAFELIB -fexceptions -DTR1 -DLINUX64 -DUSE_SAFELIB   -o /home/wb/Work/nGit/projects/solar_build_test/solar/old_root-9.0.1/bin_src/solarmain-9.0.1/src/covariate.o /home/wb/Work/nGit/projects/solar_build_test/solar/old_root-9.0.1/bin_src/solarmain-9.0.1/src/covariate.cc
In file included from /home/wb/Work/nGit/projects/solar_build_test/solar/old_root-9.0.1/bin_src/solarmain-9.0.1/src/covariate.cc:12:
/home/wb/Work/nGit/projects/solar_build_test/solar/old_root-9.0.1/bin_src/solarmain-9.0.1/src/solar.h: In static member function ‘static int Pedigree::SexVar(int)’:
/home/wb/Work/nGit/projects/solar_build_test/solar/old_root-9.0.1/bin_src/solarmain-9.0.1/src/solar.h:1203:59: warning: no return statement in function returning non-void [-Wreturn-type]
 1203 |     static int SexVar (int SexStatus) {_Has_Sex=SexStatus;}
      |                                                           ^
/usr/bin/g++ -c -O2  -std=c++11 -fopenmp  -m64 -I../lib -I/home/wb/Work/nGit/projects/solar_build_test/solar/old_root-9.0.1/bin_src/solarmain-9.0.1/include -DUSE_SAFELIB -fexceptions -DTR1 -DLINUX64 -DUSE_SAFELIB   -o /home/wb/Work/nGit/projects/solar_build_test/solar/old_root-9.0.1/bin_src/solarmain-9.0.1/src/create_evd.o /home/wb/Work/nGit/projects/solar_build_test/solar/old_root-9.0.1/bin_src/solarmain-9.0.1/src/create_evd.cc
In file included from /home/wb/Work/nGit/projects/solar_build_test/solar/old_root-9.0.1/bin_src/solarmain-9.0.1/src/create_evd.cc:2:
/home/wb/Work/nGit/projects/solar_build_test/solar/old_root-9.0.1/bin_src/solarmain-9.0.1/src/solar.h: In static member function ‘static int Pedigree::SexVar(int)’:
/home/wb/Work/nGit/projects/solar_build_test/solar/old_root-9.0.1/bin_src/solarmain-9.0.1/src/solar.h:1203:59: warning: no return statement in function returning non-void [-Wreturn-type]
 1203 |     static int SexVar (int SexStatus) {_Has_Sex=SexStatus;}
      |                                                           ^
/usr/bin/g++ -c -O2  -std=c++11 -fopenmp  -m64 -I../lib -I/home/wb/Work/nGit/projects/solar_build_test/solar/old_root-9.0.1/bin_src/solarmain-9.0.1/include -DUSE_SAFELIB -fexceptions -DTR1 -DLINUX64 -DUSE_SAFELIB   -o /home/wb/Work/nGit/projects/solar_build_test/solar/old_root-9.0.1/bin_src/solarmain-9.0.1/src/create_fake_pedigree.o /home/wb/Work/nGit/projects/solar_build_test/solar/old_root-9.0.1/bin_src/solarmain-9.0.1/src/create_fake_pedigree.cc
In file included from /home/wb/Work/nGit/projects/solar_build_test/solar/old_root-9.0.1/bin_src/solarmain-9.0.1/src/create_fake_pedigree.cc:1:
/home/wb/Work/nGit/projects/solar_build_test/solar/old_root-9.0.1/bin_src/solarmain-9.0.1/src/solar.h: In static member function ‘static int Pedigree::SexVar(int)’:
/home/wb/Work/nGit/projects/solar_build_test/solar/old_root-9.0.1/bin_src/solarmain-9.0.1/src/solar.h:1203:59: warning: no return statement in function returning non-void [-Wreturn-type]
 1203 |     static int SexVar (int SexStatus) {_Has_Sex=SexStatus;}
      |                                                           ^
/usr/bin/g++ -c -O2  -std=c++11 -fopenmp  -m64 -I../lib -I/home/wb/Work/nGit/projects/solar_build_test/solar/old_root-9.0.1/bin_src/solarmain-9.0.1/include -DUSE_SAFELIB -fexceptions -DTR1 -DLINUX64 -DUSE_SAFELIB   -o /home/wb/Work/nGit/projects/solar_build_test/solar/old_root-9.0.1/bin_src/solarmain-9.0.1/src/define.o /home/wb/Work/nGit/projects/solar_build_test/solar/old_root-9.0.1/bin_src/solarmain-9.0.1/src/define.cc
In file included from /home/wb/Work/nGit/projects/solar_build_test/solar/old_root-9.0.1/bin_src/solarmain-9.0.1/src/define.cc:10:
/home/wb/Work/nGit/projects/solar_build_test/solar/old_root-9.0.1/bin_src/solarmain-9.0.1/src/solar.h: In static member function ‘static int Pedigree::SexVar(int)’:
/home/wb/Work/nGit/projects/solar_build_test/solar/old_root-9.0.1/bin_src/solarmain-9.0.1/src/solar.h:1203:59: warning: no return statement in function returning non-void [-Wreturn-type]
 1203 |     static int SexVar (int SexStatus) {_Has_Sex=SexStatus;}
      |                                                           ^
/usr/bin/g++ -c -O2  -std=c++11 -fopenmp  -m64 -I../lib -I/home/wb/Work/nGit/projects/solar_build_test/solar/old_root-9.0.1/bin_src/solarmain-9.0.1/include -DUSE_SAFELIB -fexceptions -DTR1 -DLINUX64 -DUSE_SAFELIB   -o /home/wb/Work/nGit/projects/solar_build_test/solar/old_root-9.0.1/bin_src/solarmain-9.0.1/src/drand.o /home/wb/Work/nGit/projects/solar_build_test/solar/old_root-9.0.1/bin_src/solarmain-9.0.1/src/drand.cc
In file included from /home/wb/Work/nGit/projects/solar_build_test/solar/old_root-9.0.1/bin_src/solarmain-9.0.1/src/drand.cc:11:
/home/wb/Work/nGit/projects/solar_build_test/solar/old_root-9.0.1/bin_src/solarmain-9.0.1/src/solar.h: In static member function ‘static int Pedigree::SexVar(int)’:
/home/wb/Work/nGit/projects/solar_build_test/solar/old_root-9.0.1/bin_src/solarmain-9.0.1/src/solar.h:1203:59: warning: no return statement in function returning non-void [-Wreturn-type]
 1203 |     static int SexVar (int SexStatus) {_Has_Sex=SexStatus;}
      |                                                           ^
/usr/bin/g++ -c -O2  -std=c++11 -fopenmp  -m64 -I../lib -I/home/wb/Work/nGit/projects/solar_build_test/solar/old_root-9.0.1/bin_src/solarmain-9.0.1/include -DUSE_SAFELIB -fexceptions -DTR1 -DLINUX64 -DUSE_SAFELIB   -o /home/wb/Work/nGit/projects/solar_build_test/solar/old_root-9.0.1/bin_src/solarmain-9.0.1/src/eqvar.o /home/wb/Work/nGit/projects/solar_build_test/solar/old_root-9.0.1/bin_src/solarmain-9.0.1/src/eqvar.cc
In file included from /home/wb/Work/nGit/projects/solar_build_test/solar/old_root-9.0.1/bin_src/solarmain-9.0.1/src/eqvar.cc:11:
/home/wb/Work/nGit/projects/solar_build_test/solar/old_root-9.0.1/bin_src/solarmain-9.0.1/src/solar.h: In static member function ‘static int Pedigree::SexVar(int)’:
/home/wb/Work/nGit/projects/solar_build_test/solar/old_root-9.0.1/bin_src/solarmain-9.0.1/src/solar.h:1203:59: warning: no return statement in function returning non-void [-Wreturn-type]
 1203 |     static int SexVar (int SexStatus) {_Has_Sex=SexStatus;}
      |                                                           ^
/usr/bin/g++ -c -O2  -std=c++11 -fopenmp  -m64 -I../lib -I/home/wb/Work/nGit/projects/solar_build_test/solar/old_root-9.0.1/bin_src/solarmain-9.0.1/include -DUSE_SAFELIB -fexceptions -DTR1 -DLINUX64 -DUSE_SAFELIB   -o /home/wb/Work/nGit/projects/solar_build_test/solar/old_root-9.0.1/bin_src/solarmain-9.0.1/src/evd.o /home/wb/Work/nGit/projects/solar_build_test/solar/old_root-9.0.1/bin_src/solarmain-9.0.1/src/evd.cc
In file included from /home/wb/Work/nGit/projects/solar_build_test/solar/old_root-9.0.1/bin_src/solarmain-9.0.1/src/evd.cc:15:
/home/wb/Work/nGit/projects/solar_build_test/solar/old_root-9.0.1/bin_src/solarmain-9.0.1/src/solar.h: In static member function ‘static int Pedigree::SexVar(int)’:
/home/wb/Work/nGit/projects/solar_build_test/solar/old_root-9.0.1/bin_src/solarmain-9.0.1/src/solar.h:1203:59: warning: no return statement in function returning non-void [-Wreturn-type]
 1203 |     static int SexVar (int SexStatus) {_Has_Sex=SexStatus;}
      |                                                           ^
/home/wb/Work/nGit/projects/solar_build_test/solar/old_root-9.0.1/bin_src/solarmain-9.0.1/src/evd.cc: In static member function ‘static void EVD::Make_Matrix(int, int*, int*, double*, double*, int*, int*)’:
/home/wb/Work/nGit/projects/solar_build_test/solar/old_root-9.0.1/bin_src/solarmain-9.0.1/src/evd.cc:493:71: warning: format ‘%d’ expects a matching ‘int’ argument [-Wformat=]
  493 |        if (premax) printf ("**** Reallocating EVD matrices to zindex %d\n");
      |                                                                      ~^
      |                                                                       |
      |                                                                       int
/home/wb/Work/nGit/projects/solar_build_test/solar/old_root-9.0.1/bin_src/solarmain-9.0.1/src/evd.cc:543:33: warning: too many arguments for format [-Wformat-extra-args]
  543 |                         printf ("Matrix size correct, now testing IBDIDs\n",
      |                                 ^~~~~~~~~~~~~~~~~~~~~~~~~~~~~~~~~~~~~~~~~~~
/usr/bin/g++ -c -O2  -std=c++11 -fopenmp  -m64 -I../lib -I/home/wb/Work/nGit/projects/solar_build_test/solar/old_root-9.0.1/bin_src/solarmain-9.0.1/include -DUSE_SAFELIB -fexceptions -DTR1 -DLINUX64 -DUSE_SAFELIB   -o /home/wb/Work/nGit/projects/solar_build_test/solar/old_root-9.0.1/bin_src/solarmain-9.0.1/src/expression.o /home/wb/Work/nGit/projects/solar_build_test/solar/old_root-9.0.1/bin_src/solarmain-9.0.1/src/expression.cc
/usr/bin/g++ -c -O2  -std=c++11 -fopenmp  -m64 -I../lib -I/home/wb/Work/nGit/projects/solar_build_test/solar/old_root-9.0.1/bin_src/solarmain-9.0.1/include -DUSE_SAFELIB -fexceptions -DTR1 -DLINUX64 -DUSE_SAFELIB   -o /home/wb/Work/nGit/projects/solar_build_test/solar/old_root-9.0.1/bin_src/solarmain-9.0.1/src/field.o /home/wb/Work/nGit/projects/solar_build_test/solar/old_root-9.0.1/bin_src/solarmain-9.0.1/src/field.cc
In file included from /home/wb/Work/nGit/projects/solar_build_test/solar/old_root-9.0.1/bin_src/solarmain-9.0.1/src/field.cc:9:
/home/wb/Work/nGit/projects/solar_build_test/solar/old_root-9.0.1/bin_src/solarmain-9.0.1/src/solar.h: In static member function ‘static int Pedigree::SexVar(int)’:
/home/wb/Work/nGit/projects/solar_build_test/solar/old_root-9.0.1/bin_src/solarmain-9.0.1/src/solar.h:1203:59: warning: no return statement in function returning non-void [-Wreturn-type]
 1203 |     static int SexVar (int SexStatus) {_Has_Sex=SexStatus;}
      |                                                           ^
/usr/bin/g++ -c -O2  -std=c++11 -fopenmp  -m64 -I../lib -I/home/wb/Work/nGit/projects/solar_build_test/solar/old_root-9.0.1/bin_src/solarmain-9.0.1/include -DUSE_SAFELIB -fexceptions -DTR1 -DLINUX64 -DUSE_SAFELIB   -o /home/wb/Work/nGit/projects/solar_build_test/solar/old_root-9.0.1/bin_src/solarmain-9.0.1/src/fisherpedigree.o /home/wb/Work/nGit/projects/solar_build_test/solar/old_root-9.0.1/bin_src/solarmain-9.0.1/src/fisherpedigree.cc
In file included from /home/wb/Work/nGit/projects/solar_build_test/solar/old_root-9.0.1/bin_src/solarmain-9.0.1/src/fisherpedigree.cc:14:
/home/wb/Work/nGit/projects/solar_build_test/solar/old_root-9.0.1/bin_src/solarmain-9.0.1/src/solar.h: In static member function ‘static int Pedigree::SexVar(int)’:
/home/wb/Work/nGit/projects/solar_build_test/solar/old_root-9.0.1/bin_src/solarmain-9.0.1/src/solar.h:1203:59: warning: no return statement in function returning non-void [-Wreturn-type]
 1203 |     static int SexVar (int SexStatus) {_Has_Sex=SexStatus;}
      |                                                           ^
/home/wb/Work/nGit/projects/solar_build_test/solar/old_root-9.0.1/bin_src/solarmain-9.0.1/src/fisherpedigree.cc: In static member function ‘static int FisherPedigree::bind(Tcl_Interp*)’:
/home/wb/Work/nGit/projects/solar_build_test/solar/old_root-9.0.1/bin_src/solarmain-9.0.1/src/fisherpedigree.cc:399:23: warning: too many arguments for format [-Wformat-extra-args]
  399 |                       "No pedigrees shared households with other pedigrees\n",
      |                       ^~~~~~~~~~~~~~~~~~~~~~~~~~~~~~~~~~~~~~~~~~~~~~~~~~~~~~~
/usr/bin/g++ -c -O2  -std=c++11 -fopenmp  -m64 -I../lib -I/home/wb/Work/nGit/projects/solar_build_test/solar/old_root-9.0.1/bin_src/solarmain-9.0.1/include -DUSE_SAFELIB -fexceptions -DTR1 -DLINUX64 -DUSE_SAFELIB   -o /home/wb/Work/nGit/projects/solar_build_test/solar/old_root-9.0.1/bin_src/solarmain-9.0.1/src/fphi.o /home/wb/Work/nGit/projects/solar_build_test/solar/old_root-9.0.1/bin_src/solarmain-9.0.1/src/fphi.cc
In file included from /home/wb/Work/nGit/projects/solar_build_test/solar/old_root-9.0.1/bin_src/solarmain-9.0.1/src/fphi.cc:11:
/home/wb/Work/nGit/projects/solar_build_test/solar/old_root-9.0.1/bin_src/solarmain-9.0.1/src/solar.h: In static member function ‘static int Pedigree::SexVar(int)’:
/home/wb/Work/nGit/projects/solar_build_test/solar/old_root-9.0.1/bin_src/solarmain-9.0.1/src/solar.h:1203:59: warning: no return statement in function returning non-void [-Wreturn-type]
 1203 |     static int SexVar (int SexStatus) {_Has_Sex=SexStatus;}
      |                                                           ^
In file included from /home/wb/Work/nGit/projects/solar_build_test/solar/old_root-9.0.1/bin_src/solarmain-9.0.1/src/fphi.cc:20:
/home/wb/Work/nGit/projects/solar_build_test/solar/old_root-9.0.1/bin_src/solarmain-9.0.1/include/RicVolumeSet.h: At global scope:
/home/wb/Work/nGit/projects/solar_build_test/solar/old_root-9.0.1/bin_src/solarmain-9.0.1/include/RicVolumeSet.h:54:1: warning: ‘typedef’ was ignored in this declaration
   54 | typedef struct NIFTI_Orient {
      | ^~~~~~~
/usr/bin/g++ -c -O2  -std=c++11 -fopenmp  -m64 -I../lib -I/home/wb/Work/nGit/projects/solar_build_test/solar/old_root-9.0.1/bin_src/solarmain-9.0.1/include -DUSE_SAFELIB -fexceptions -DTR1 -DLINUX64 -DUSE_SAFELIB   -o /home/wb/Work/nGit/projects/solar_build_test/solar/old_root-9.0.1/bin_src/solarmain-9.0.1/src/freq.o /home/wb/Work/nGit/projects/solar_build_test/solar/old_root-9.0.1/bin_src/solarmain-9.0.1/src/freq.cc
In file included from /home/wb/Work/nGit/projects/solar_build_test/solar/old_root-9.0.1/bin_src/solarmain-9.0.1/src/freq.cc:11:
/home/wb/Work/nGit/projects/solar_build_test/solar/old_root-9.0.1/bin_src/solarmain-9.0.1/src/solar.h: In static member function ‘static int Pedigree::SexVar(int)’:
/home/wb/Work/nGit/projects/solar_build_test/solar/old_root-9.0.1/bin_src/solarmain-9.0.1/src/solar.h:1203:59: warning: no return statement in function returning non-void [-Wreturn-type]
 1203 |     static int SexVar (int SexStatus) {_Has_Sex=SexStatus;}
      |                                                           ^
/home/wb/Work/nGit/projects/solar_build_test/solar/old_root-9.0.1/bin_src/solarmain-9.0.1/src/freq.cc: In function ‘bool loadedFreq()’:
/home/wb/Work/nGit/projects/solar_build_test/solar/old_root-9.0.1/bin_src/solarmain-9.0.1/src/freq.cc:496:11: warning: ignoring return value of ‘int fscanf(FILE*, const char*, ...)’ declared with attribute ‘warn_unused_result’ [-Wunused-result]
  496 |     fscanf(fp, "%s", fname);
      |     ~~~~~~^~~~~~~~~~~~~~~~~
/home/wb/Work/nGit/projects/solar_build_test/solar/old_root-9.0.1/bin_src/solarmain-9.0.1/src/freq.cc: In member function ‘int Freq::mlefreq(const char*, bool, bool, Tcl_Interp*)’:
/home/wb/Work/nGit/projects/solar_build_test/solar/old_root-9.0.1/bin_src/solarmain-9.0.1/src/freq.cc:1145:63: warning: ‘%s’ directive writing up to 1023 bytes into a region of size 984 [-Wformat-overflow=]
 1145 |                     "\nProgram allfreq failed. Check the file %s for errors.",
      |                                                               ^~
 1146 |                         file);
      |                         ~~~~                                   
In file included from /usr/include/stdio.h:894,
                 from /home/wb/Work/nGit/projects/solar_build_test/solar/old_root-9.0.1/bin_src/solarmain-9.0.1/src/freq.cc:9:
/usr/include/x86_64-linux-gnu/bits/stdio2.h:38:34: note: ‘__builtin___sprintf_chk’ output between 53 and 1076 bytes into a destination of size 1024
   38 |   return __builtin___sprintf_chk (__s, __USE_FORTIFY_LEVEL - 1,
      |          ~~~~~~~~~~~~~~~~~~~~~~~~^~~~~~~~~~~~~~~~~~~~~~~~~~~~~~
   39 |                                   __glibc_objsize (__s), __fmt,
      |                                   ~~~~~~~~~~~~~~~~~~~~~~~~~~~~~
   40 |                                   __va_arg_pack ());
      |                                   ~~~~~~~~~~~~~~~~~
/home/wb/Work/nGit/projects/solar_build_test/solar/old_root-9.0.1/bin_src/solarmain-9.0.1/src/freq.cc:1301:67: warning: ‘%s’ directive writing up to 1023 bytes into a region of size 984 [-Wformat-overflow=]
 1301 |                         "\nProgram genfreq failed. Check the file %s for errors.",
      |                                                                   ^~
 1302 |                         file);
      |                         ~~~~                                       
In file included from /usr/include/stdio.h:894,
                 from /home/wb/Work/nGit/projects/solar_build_test/solar/old_root-9.0.1/bin_src/solarmain-9.0.1/src/freq.cc:9:
/usr/include/x86_64-linux-gnu/bits/stdio2.h:38:34: note: ‘__builtin___sprintf_chk’ output between 53 and 1076 bytes into a destination of size 1024
   38 |   return __builtin___sprintf_chk (__s, __USE_FORTIFY_LEVEL - 1,
      |          ~~~~~~~~~~~~~~~~~~~~~~~~^~~~~~~~~~~~~~~~~~~~~~~~~~~~~~
   39 |                                   __glibc_objsize (__s), __fmt,
      |                                   ~~~~~~~~~~~~~~~~~~~~~~~~~~~~~
   40 |                                   __va_arg_pack ());
      |                                   ~~~~~~~~~~~~~~~~~
/usr/bin/g++ -c -O2  -std=c++11 -fopenmp  -m64 -I../lib -I/home/wb/Work/nGit/projects/solar_build_test/solar/old_root-9.0.1/bin_src/solarmain-9.0.1/include -DUSE_SAFELIB -fexceptions -DTR1 -DLINUX64 -DUSE_SAFELIB   -o /home/wb/Work/nGit/projects/solar_build_test/solar/old_root-9.0.1/bin_src/solarmain-9.0.1/src/function.o /home/wb/Work/nGit/projects/solar_build_test/solar/old_root-9.0.1/bin_src/solarmain-9.0.1/src/function.cc
/home/wb/Work/nGit/projects/solar_build_test/solar/old_root-9.0.1/bin_src/solarmain-9.0.1/src/function.cc: In function ‘double dprint(int*, double*, double*)’:
/home/wb/Work/nGit/projects/solar_build_test/solar/old_root-9.0.1/bin_src/solarmain-9.0.1/src/function.cc:21:11: warning: ignoring return value of ‘char* fgets(char*, int, FILE*)’ declared with attribute ‘warn_unused_result’ [-Wunused-result]
   21 |     fgets (buf, 1024, stdin);
      |     ~~~~~~^~~~~~~~~~~~~~~~~~
/usr/bin/g++ -c -O2  -std=c++11 -fopenmp  -m64 -I../lib -I/home/wb/Work/nGit/projects/solar_build_test/solar/old_root-9.0.1/bin_src/solarmain-9.0.1/include -DUSE_SAFELIB -fexceptions -DTR1 -DLINUX64 -DUSE_SAFELIB   -o /home/wb/Work/nGit/projects/solar_build_test/solar/old_root-9.0.1/bin_src/solarmain-9.0.1/src/gwas.o /home/wb/Work/nGit/projects/solar_build_test/solar/old_root-9.0.1/bin_src/solarmain-9.0.1/src/gwas.cc
In file included from /home/wb/Work/nGit/projects/solar_build_test/solar/old_root-9.0.1/bin_src/solarmain-9.0.1/src/gwas.cc:1:
/home/wb/Work/nGit/projects/solar_build_test/solar/old_root-9.0.1/bin_src/solarmain-9.0.1/src/solar.h: In static member function ‘static int Pedigree::SexVar(int)’:
/home/wb/Work/nGit/projects/solar_build_test/solar/old_root-9.0.1/bin_src/solarmain-9.0.1/src/solar.h:1203:59: warning: no return statement in function returning non-void [-Wreturn-type]
 1203 |     static int SexVar (int SexStatus) {_Has_Sex=SexStatus;}
      |                                                           ^
/home/wb/Work/nGit/projects/solar_build_test/solar/old_root-9.0.1/bin_src/solarmain-9.0.1/src/gwas.cc: In function ‘int* get_permutation_indices(int*, int)’:
/home/wb/Work/nGit/projects/solar_build_test/solar/old_root-9.0.1/bin_src/solarmain-9.0.1/src/gwas.cc:381:1: warning: no return statement in function returning non-void [-Wreturn-type]
  381 | }
      | ^
/home/wb/Work/nGit/projects/solar_build_test/solar/old_root-9.0.1/bin_src/solarmain-9.0.1/src/gwas.cc: In member function ‘gwas_data& gwas_data::operator=(const gwas_data&)’:
/home/wb/Work/nGit/projects/solar_build_test/solar/old_root-9.0.1/bin_src/solarmain-9.0.1/src/gwas.cc:398:9: warning: no return statement in function returning non-void [-Wreturn-type]
  397 |         loglik = var.loglik;
  +++ |+  return *this;
  398 |         }
      |         ^
/home/wb/Work/nGit/projects/solar_build_test/solar/old_root-9.0.1/bin_src/solarmain-9.0.1/src/gwas.cc: In member function ‘gwas_screen_data& gwas_screen_data::operator=(const gwas_screen_data&)’:
/home/wb/Work/nGit/projects/solar_build_test/solar/old_root-9.0.1/bin_src/solarmain-9.0.1/src/gwas.cc:1923:9: warning: no return statement in function returning non-void [-Wreturn-type]
 1922 | 
  +++ |+  return *this;
 1923 |         }
      |         ^
/home/wb/Work/nGit/projects/solar_build_test/solar/old_root-9.0.1/bin_src/solarmain-9.0.1/src/gwas.cc: In function ‘const char* run_gwas_screen_list(const char*, const char*, const char*, const char*, bool, unsigned int)’:
/home/wb/Work/nGit/projects/solar_build_test/solar/old_root-9.0.1/bin_src/solarmain-9.0.1/src/gwas.cc:2126:1: warning: control reaches end of non-void function [-Wreturn-type]
 2126 | }
      | ^
/usr/bin/g++ -c -O2  -std=c++11 -fopenmp  -m64 -I../lib -I/home/wb/Work/nGit/projects/solar_build_test/solar/old_root-9.0.1/bin_src/solarmain-9.0.1/include -DUSE_SAFELIB -fexceptions -DTR1 -DLINUX64 -DUSE_SAFELIB   -o /home/wb/Work/nGit/projects/solar_build_test/solar/old_root-9.0.1/bin_src/solarmain-9.0.1/src/help.o /home/wb/Work/nGit/projects/solar_build_test/solar/old_root-9.0.1/bin_src/solarmain-9.0.1/src/help.cc
In file included from /home/wb/Work/nGit/projects/solar_build_test/solar/old_root-9.0.1/bin_src/solarmain-9.0.1/src/help.cc:10:
/home/wb/Work/nGit/projects/solar_build_test/solar/old_root-9.0.1/bin_src/solarmain-9.0.1/src/solar.h: In static member function ‘static int Pedigree::SexVar(int)’:
/home/wb/Work/nGit/projects/solar_build_test/solar/old_root-9.0.1/bin_src/solarmain-9.0.1/src/solar.h:1203:59: warning: no return statement in function returning non-void [-Wreturn-type]
 1203 |     static int SexVar (int SexStatus) {_Has_Sex=SexStatus;}
      |                                                           ^
/home/wb/Work/nGit/projects/solar_build_test/solar/old_root-9.0.1/bin_src/solarmain-9.0.1/src/help.cc: In function ‘int HelpCmd(ClientData, Tcl_Interp*, int, char**)’:
/home/wb/Work/nGit/projects/solar_build_test/solar/old_root-9.0.1/bin_src/solarmain-9.0.1/src/help.cc:32:24: warning: ignoring return value of ‘int system(const char*)’ declared with attribute ‘warn_unused_result’ [-Wunused-result]
   32 |                 system (buf);
      |                 ~~~~~~~^~~~~
/home/wb/Work/nGit/projects/solar_build_test/solar/old_root-9.0.1/bin_src/solarmain-9.0.1/src/help.cc:57:24: warning: ignoring return value of ‘int system(const char*)’ declared with attribute ‘warn_unused_result’ [-Wunused-result]
   57 |                 system (buf);
      |                 ~~~~~~~^~~~~
/home/wb/Work/nGit/projects/solar_build_test/solar/old_root-9.0.1/bin_src/solarmain-9.0.1/src/help.cc:25:60: warning: ‘%s’ directive writing up to 255 bytes into a region of size 228 [-Wformat-overflow=]
   25 |                 sprintf (buf, "exec >&@stdout <@stdin more %s", filename);
      |                                                            ^~   ~~~~~~~~
In file included from /usr/include/stdio.h:894,
                 from /usr/include/c++/11/cstdio:42,
                 from /usr/include/c++/11/ext/string_conversions.h:43,
                 from /usr/include/c++/11/bits/basic_string.h:6608,
                 from /usr/include/c++/11/string:55,
                 from /usr/include/c++/11/bits/locale_classes.h:40,
                 from /usr/include/c++/11/bits/ios_base.h:41,
                 from /usr/include/c++/11/ios:42,
                 from /usr/include/c++/11/ostream:38,
                 from /usr/include/c++/11/iostream:39,
                 from /home/wb/Work/nGit/projects/solar_build_test/solar/old_root-9.0.1/bin_src/solarmain-9.0.1/src/solar.h:15,
                 from /home/wb/Work/nGit/projects/solar_build_test/solar/old_root-9.0.1/bin_src/solarmain-9.0.1/src/help.cc:10:
/usr/include/x86_64-linux-gnu/bits/stdio2.h:38:34: note: ‘__builtin___sprintf_chk’ output between 29 and 284 bytes into a destination of size 256
   38 |   return __builtin___sprintf_chk (__s, __USE_FORTIFY_LEVEL - 1,
      |          ~~~~~~~~~~~~~~~~~~~~~~~~^~~~~~~~~~~~~~~~~~~~~~~~~~~~~~
   39 |                                   __glibc_objsize (__s), __fmt,
      |                                   ~~~~~~~~~~~~~~~~~~~~~~~~~~~~~
   40 |                                   __va_arg_pack ());
      |                                   ~~~~~~~~~~~~~~~~~
/usr/bin/g++ -c -O2  -std=c++11 -fopenmp  -m64 -I../lib -I/home/wb/Work/nGit/projects/solar_build_test/solar/old_root-9.0.1/bin_src/solarmain-9.0.1/include -DUSE_SAFELIB -fexceptions -DTR1 -DLINUX64 -DUSE_SAFELIB   -o /home/wb/Work/nGit/projects/solar_build_test/solar/old_root-9.0.1/bin_src/solarmain-9.0.1/src/howclose.o /home/wb/Work/nGit/projects/solar_build_test/solar/old_root-9.0.1/bin_src/solarmain-9.0.1/src/howclose.cc
/usr/bin/g++ -c -O2  -std=c++11 -fopenmp  -m64 -I../lib -I/home/wb/Work/nGit/projects/solar_build_test/solar/old_root-9.0.1/bin_src/solarmain-9.0.1/include -DUSE_SAFELIB -fexceptions -DTR1 -DLINUX64 -DUSE_SAFELIB   -o /home/wb/Work/nGit/projects/solar_build_test/solar/old_root-9.0.1/bin_src/solarmain-9.0.1/src/ibd.o /home/wb/Work/nGit/projects/solar_build_test/solar/old_root-9.0.1/bin_src/solarmain-9.0.1/src/ibd.cc
In file included from /home/wb/Work/nGit/projects/solar_build_test/solar/old_root-9.0.1/bin_src/solarmain-9.0.1/src/ibd.cc:13:
/home/wb/Work/nGit/projects/solar_build_test/solar/old_root-9.0.1/bin_src/solarmain-9.0.1/src/solar.h: In static member function ‘static int Pedigree::SexVar(int)’:
/home/wb/Work/nGit/projects/solar_build_test/solar/old_root-9.0.1/bin_src/solarmain-9.0.1/src/solar.h:1203:59: warning: no return statement in function returning non-void [-Wreturn-type]
 1203 |     static int SexVar (int SexStatus) {_Has_Sex=SexStatus;}
      |                                                           ^
/home/wb/Work/nGit/projects/solar_build_test/solar/old_root-9.0.1/bin_src/solarmain-9.0.1/src/ibd.cc: In function ‘int run_ibd(const char*, bool, const char*, Tcl_Interp*)’:
/home/wb/Work/nGit/projects/solar_build_test/solar/old_root-9.0.1/bin_src/solarmain-9.0.1/src/ibd.cc:413:41: warning: ‘%s’ directive writing up to 1023 bytes into a region of size 1008 [-Wformat-overflow=]
  413 |     sprintf(ibd_cmd, "exec ibdmat %c %c %s >& ibdmat.out",
      |                                         ^~
  414 |             currentFreq->xlinked(mrk), show_status, fname);
      |                                                     ~~~~~
In file included from /usr/include/stdio.h:894,
                 from /home/wb/Work/nGit/projects/solar_build_test/solar/old_root-9.0.1/bin_src/solarmain-9.0.1/src/ibd.cc:9:
/usr/include/x86_64-linux-gnu/bits/stdio2.h:38:34: note: ‘__builtin___sprintf_chk’ output between 31 and 1054 bytes into a destination of size 1024
   38 |   return __builtin___sprintf_chk (__s, __USE_FORTIFY_LEVEL - 1,
      |          ~~~~~~~~~~~~~~~~~~~~~~~~^~~~~~~~~~~~~~~~~~~~~~~~~~~~~~
   39 |                                   __glibc_objsize (__s), __fmt,
      |                                   ~~~~~~~~~~~~~~~~~~~~~~~~~~~~~
   40 |                                   __va_arg_pack ());
      |                                   ~~~~~~~~~~~~~~~~~
/home/wb/Work/nGit/projects/solar_build_test/solar/old_root-9.0.1/bin_src/solarmain-9.0.1/src/ibd.cc:450:31: warning: ‘%s’ directive writing up to 1023 bytes into a region of size 1017 [-Wformat-overflow=]
  450 |     sprintf (ibd_cmd, "matcrc %s.gz", fname);
      |                               ^~      ~~~~~
In file included from /usr/include/stdio.h:894,
                 from /home/wb/Work/nGit/projects/solar_build_test/solar/old_root-9.0.1/bin_src/solarmain-9.0.1/src/ibd.cc:9:
/usr/include/x86_64-linux-gnu/bits/stdio2.h:38:34: note: ‘__builtin___sprintf_chk’ output between 11 and 1034 bytes into a destination of size 1024
   38 |   return __builtin___sprintf_chk (__s, __USE_FORTIFY_LEVEL - 1,
      |          ~~~~~~~~~~~~~~~~~~~~~~~~^~~~~~~~~~~~~~~~~~~~~~~~~~~~~~
   39 |                                   __glibc_objsize (__s), __fmt,
      |                                   ~~~~~~~~~~~~~~~~~~~~~~~~~~~~~
   40 |                                   __va_arg_pack ());
      |                                   ~~~~~~~~~~~~~~~~~
/home/wb/Work/nGit/projects/solar_build_test/solar/old_root-9.0.1/bin_src/solarmain-9.0.1/src/ibd.cc: In function ‘int run_mc(const char*, bool, const char*, Tcl_Interp*)’:
/home/wb/Work/nGit/projects/solar_build_test/solar/old_root-9.0.1/bin_src/solarmain-9.0.1/src/ibd.cc:531:36: warning: ‘%s’ directive writing up to 1023 bytes into a region of size 1011 [-Wformat-overflow=]
  531 |     sprintf(ibd_cmd, "exec domcibd %s %d %c %c", fname, NumImp, maxrisk,
      |                                    ^~            ~~~~~
In file included from /usr/include/stdio.h:894,
                 from /home/wb/Work/nGit/projects/solar_build_test/solar/old_root-9.0.1/bin_src/solarmain-9.0.1/src/ibd.cc:9:
/usr/include/x86_64-linux-gnu/bits/stdio2.h:38:34: note: ‘__builtin___sprintf_chk’ output between 20 and 1053 bytes into a destination of size 1024
   38 |   return __builtin___sprintf_chk (__s, __USE_FORTIFY_LEVEL - 1,
      |          ~~~~~~~~~~~~~~~~~~~~~~~~^~~~~~~~~~~~~~~~~~~~~~~~~~~~~~
   39 |                                   __glibc_objsize (__s), __fmt,
      |                                   ~~~~~~~~~~~~~~~~~~~~~~~~~~~~~
   40 |                                   __va_arg_pack ());
      |                                   ~~~~~~~~~~~~~~~~~
/home/wb/Work/nGit/projects/solar_build_test/solar/old_root-9.0.1/bin_src/solarmain-9.0.1/src/ibd.cc:559:31: warning: ‘%s’ directive writing up to 1023 bytes into a region of size 1017 [-Wformat-overflow=]
  559 |     sprintf (ibd_cmd, "matcrc %s.gz", fname);
      |                               ^~      ~~~~~
In file included from /usr/include/stdio.h:894,
                 from /home/wb/Work/nGit/projects/solar_build_test/solar/old_root-9.0.1/bin_src/solarmain-9.0.1/src/ibd.cc:9:
/usr/include/x86_64-linux-gnu/bits/stdio2.h:38:34: note: ‘__builtin___sprintf_chk’ output between 11 and 1034 bytes into a destination of size 1024
   38 |   return __builtin___sprintf_chk (__s, __USE_FORTIFY_LEVEL - 1,
      |          ~~~~~~~~~~~~~~~~~~~~~~~~^~~~~~~~~~~~~~~~~~~~~~~~~~~~~~
   39 |                                   __glibc_objsize (__s), __fmt,
      |                                   ~~~~~~~~~~~~~~~~~~~~~~~~~~~~~
   40 |                                   __va_arg_pack ());
      |                                   ~~~~~~~~~~~~~~~~~
/home/wb/Work/nGit/projects/solar_build_test/solar/old_root-9.0.1/bin_src/solarmain-9.0.1/src/ibd.cc: In function ‘int IbdCmd(ClientData, Tcl_Interp*, int, char**)’:
/home/wb/Work/nGit/projects/solar_build_test/solar/old_root-9.0.1/bin_src/solarmain-9.0.1/src/ibd.cc:243:44: warning: ‘%s’ directive writing up to 1023 bytes into a region of size 1010 [-Wformat-overflow=]
  201 |         return inf_ibd(mrkfile, ibdfile, interp);
      |                        ~~~~~~~              
......
  243 |             sprintf(errmsg, "Error reading %s", mrkfile);
      |                                            ^~
In file included from /usr/include/stdio.h:894,
                 from /home/wb/Work/nGit/projects/solar_build_test/solar/old_root-9.0.1/bin_src/solarmain-9.0.1/src/ibd.cc:9:
/usr/include/x86_64-linux-gnu/bits/stdio2.h:38:34: note: ‘__builtin___sprintf_chk’ output between 15 and 1038 bytes into a destination of size 1024
   38 |   return __builtin___sprintf_chk (__s, __USE_FORTIFY_LEVEL - 1,
      |          ~~~~~~~~~~~~~~~~~~~~~~~~^~~~~~~~~~~~~~~~~~~~~~~~~~~~~~
   39 |                                   __glibc_objsize (__s), __fmt,
      |                                   ~~~~~~~~~~~~~~~~~~~~~~~~~~~~~
   40 |                                   __va_arg_pack ());
      |                                   ~~~~~~~~~~~~~~~~~
/home/wb/Work/nGit/projects/solar_build_test/solar/old_root-9.0.1/bin_src/solarmain-9.0.1/src/ibd.cc:271:32: warning: ‘%s’ directive writing up to 1023 bytes into a region of size 1011 [-Wformat-overflow=]
  201 |         return inf_ibd(mrkfile, ibdfile, interp);
      |                                 ~~~~~~~
......
  271 |     sprintf(cmd, "exec gzip -f %s", ibdfile);
      |                                ^~
In file included from /usr/include/stdio.h:894,
                 from /home/wb/Work/nGit/projects/solar_build_test/solar/old_root-9.0.1/bin_src/solarmain-9.0.1/src/ibd.cc:9:
/usr/include/x86_64-linux-gnu/bits/stdio2.h:38:34: note: ‘__builtin___sprintf_chk’ output between 14 and 1037 bytes into a destination of size 1024
   38 |   return __builtin___sprintf_chk (__s, __USE_FORTIFY_LEVEL - 1,
      |          ~~~~~~~~~~~~~~~~~~~~~~~~^~~~~~~~~~~~~~~~~~~~~~~~~~~~~~
   39 |                                   __glibc_objsize (__s), __fmt,
      |                                   ~~~~~~~~~~~~~~~~~~~~~~~~~~~~~
   40 |                                   __va_arg_pack ());
      |                                   ~~~~~~~~~~~~~~~~~
/home/wb/Work/nGit/projects/solar_build_test/solar/old_root-9.0.1/bin_src/solarmain-9.0.1/src/ibd.cc:277:27: warning: ‘%s’ directive writing up to 1023 bytes into a region of size 1017 [-Wformat-overflow=]
  201 |         return inf_ibd(mrkfile, ibdfile, interp);
      |                                 ~~~~~~~
......
  277 |     sprintf (cmd, "matcrc %s.gz", ibdfile);
      |                           ^~
In file included from /usr/include/stdio.h:894,
                 from /home/wb/Work/nGit/projects/solar_build_test/solar/old_root-9.0.1/bin_src/solarmain-9.0.1/src/ibd.cc:9:
/usr/include/x86_64-linux-gnu/bits/stdio2.h:38:34: note: ‘__builtin___sprintf_chk’ output between 11 and 1034 bytes into a destination of size 1024
   38 |   return __builtin___sprintf_chk (__s, __USE_FORTIFY_LEVEL - 1,
      |          ~~~~~~~~~~~~~~~~~~~~~~~~^~~~~~~~~~~~~~~~~~~~~~~~~~~~~~
   39 |                                   __glibc_objsize (__s), __fmt,
      |                                   ~~~~~~~~~~~~~~~~~~~~~~~~~~~~~
   40 |                                   __va_arg_pack ());
      |                                   ~~~~~~~~~~~~~~~~~
/home/wb/Work/nGit/projects/solar_build_test/solar/old_root-9.0.1/bin_src/solarmain-9.0.1/src/ibd.cc:221:38: warning: ‘%s’ directive writing up to 1023 bytes into a region of size 1012 [-Wformat-overflow=]
  201 |         return inf_ibd(mrkfile, ibdfile, interp);
      |                                 ~~~~~~~
......
  221 |         sprintf(errmsg, "Cannot open %s", ibdfile);
      |                                      ^~
In file included from /usr/include/stdio.h:894,
                 from /home/wb/Work/nGit/projects/solar_build_test/solar/old_root-9.0.1/bin_src/solarmain-9.0.1/src/ibd.cc:9:
/usr/include/x86_64-linux-gnu/bits/stdio2.h:38:34: note: ‘__builtin___sprintf_chk’ output between 13 and 1036 bytes into a destination of size 1024
   38 |   return __builtin___sprintf_chk (__s, __USE_FORTIFY_LEVEL - 1,
      |          ~~~~~~~~~~~~~~~~~~~~~~~~^~~~~~~~~~~~~~~~~~~~~~~~~~~~~~
   39 |                                   __glibc_objsize (__s), __fmt,
      |                                   ~~~~~~~~~~~~~~~~~~~~~~~~~~~~~
   40 |                                   __va_arg_pack ());
      |                                   ~~~~~~~~~~~~~~~~~
/home/wb/Work/nGit/projects/solar_build_test/solar/old_root-9.0.1/bin_src/solarmain-9.0.1/src/ibd.cc:214:38: warning: ‘%s’ directive writing up to 1023 bytes into a region of size 1012 [-Wformat-overflow=]
  201 |         return inf_ibd(mrkfile, ibdfile, interp);
      |                        ~~~~~~~        
......
  214 |         sprintf(errmsg, "Cannot open %s", mrkfile);
      |                                      ^~
In file included from /usr/include/stdio.h:894,
                 from /home/wb/Work/nGit/projects/solar_build_test/solar/old_root-9.0.1/bin_src/solarmain-9.0.1/src/ibd.cc:9:
/usr/include/x86_64-linux-gnu/bits/stdio2.h:38:34: note: ‘__builtin___sprintf_chk’ output between 13 and 1036 bytes into a destination of size 1024
   38 |   return __builtin___sprintf_chk (__s, __USE_FORTIFY_LEVEL - 1,
      |          ~~~~~~~~~~~~~~~~~~~~~~~~^~~~~~~~~~~~~~~~~~~~~~~~~~~~~~
   39 |                                   __glibc_objsize (__s), __fmt,
      |                                   ~~~~~~~~~~~~~~~~~~~~~~~~~~~~~
   40 |                                   __va_arg_pack ());
      |                                   ~~~~~~~~~~~~~~~~~
/home/wb/Work/nGit/projects/solar_build_test/solar/old_root-9.0.1/bin_src/solarmain-9.0.1/src/ibd.cc:319:23: warning: ‘/ibd.mito’ directive writing 9 bytes into a region of size between 1 and 1024 [-Wformat-overflow=]
  319 |     sprintf(fname, "%s/ibd.mito", ibddir);
      |                       ^~~~~~~~~
In file included from /usr/include/stdio.h:894,
                 from /home/wb/Work/nGit/projects/solar_build_test/solar/old_root-9.0.1/bin_src/solarmain-9.0.1/src/ibd.cc:9:
/usr/include/x86_64-linux-gnu/bits/stdio2.h:38:34: note: ‘__builtin___sprintf_chk’ output between 10 and 1033 bytes into a destination of size 1024
   38 |   return __builtin___sprintf_chk (__s, __USE_FORTIFY_LEVEL - 1,
      |          ~~~~~~~~~~~~~~~~~~~~~~~~^~~~~~~~~~~~~~~~~~~~~~~~~~~~~~
   39 |                                   __glibc_objsize (__s), __fmt,
      |                                   ~~~~~~~~~~~~~~~~~~~~~~~~~~~~~
   40 |                                   __va_arg_pack ());
      |                                   ~~~~~~~~~~~~~~~~~
/home/wb/Work/nGit/projects/solar_build_test/solar/old_root-9.0.1/bin_src/solarmain-9.0.1/src/ibd.cc:340:32: warning: ‘%s’ directive writing up to 1023 bytes into a region of size 1011 [-Wformat-overflow=]
  340 |     sprintf(cmd, "exec gzip -f %s", fname);
      |                                ^~   ~~~~~
In file included from /usr/include/stdio.h:894,
                 from /home/wb/Work/nGit/projects/solar_build_test/solar/old_root-9.0.1/bin_src/solarmain-9.0.1/src/ibd.cc:9:
/usr/include/x86_64-linux-gnu/bits/stdio2.h:38:34: note: ‘__builtin___sprintf_chk’ output between 14 and 1037 bytes into a destination of size 1024
   38 |   return __builtin___sprintf_chk (__s, __USE_FORTIFY_LEVEL - 1,
      |          ~~~~~~~~~~~~~~~~~~~~~~~~^~~~~~~~~~~~~~~~~~~~~~~~~~~~~~
   39 |                                   __glibc_objsize (__s), __fmt,
      |                                   ~~~~~~~~~~~~~~~~~~~~~~~~~~~~~
   40 |                                   __va_arg_pack ());
      |                                   ~~~~~~~~~~~~~~~~~
/home/wb/Work/nGit/projects/solar_build_test/solar/old_root-9.0.1/bin_src/solarmain-9.0.1/src/ibd.cc:346:27: warning: ‘%s’ directive writing up to 1023 bytes into a region of size 1017 [-Wformat-overflow=]
  346 |     sprintf (cmd, "matcrc %s.gz", fname);
      |                           ^~      ~~~~~
In file included from /usr/include/stdio.h:894,
                 from /home/wb/Work/nGit/projects/solar_build_test/solar/old_root-9.0.1/bin_src/solarmain-9.0.1/src/ibd.cc:9:
/usr/include/x86_64-linux-gnu/bits/stdio2.h:38:34: note: ‘__builtin___sprintf_chk’ output between 11 and 1034 bytes into a destination of size 1024
   38 |   return __builtin___sprintf_chk (__s, __USE_FORTIFY_LEVEL - 1,
      |          ~~~~~~~~~~~~~~~~~~~~~~~~^~~~~~~~~~~~~~~~~~~~~~~~~~~~~~
   39 |                                   __glibc_objsize (__s), __fmt,
      |                                   ~~~~~~~~~~~~~~~~~~~~~~~~~~~~~
   40 |                                   __va_arg_pack ());
      |                                   ~~~~~~~~~~~~~~~~~
/home/wb/Work/nGit/projects/solar_build_test/solar/old_root-9.0.1/bin_src/solarmain-9.0.1/src/ibd.cc:324:40: warning: ‘%s’ directive writing up to 1023 bytes into a region of size 1011 [-Wformat-overflow=]
  324 |         sprintf(errmsg, "\nCannot open %s", fname);
      |                                        ^~   ~~~~~
In file included from /usr/include/stdio.h:894,
                 from /home/wb/Work/nGit/projects/solar_build_test/solar/old_root-9.0.1/bin_src/solarmain-9.0.1/src/ibd.cc:9:
/usr/include/x86_64-linux-gnu/bits/stdio2.h:38:34: note: ‘__builtin___sprintf_chk’ output between 14 and 1037 bytes into a destination of size 1024
   38 |   return __builtin___sprintf_chk (__s, __USE_FORTIFY_LEVEL - 1,
      |          ~~~~~~~~~~~~~~~~~~~~~~~~^~~~~~~~~~~~~~~~~~~~~~~~~~~~~~
   39 |                                   __glibc_objsize (__s), __fmt,
      |                                   ~~~~~~~~~~~~~~~~~~~~~~~~~~~~~
   40 |                                   __va_arg_pack ());
      |                                   ~~~~~~~~~~~~~~~~~
/home/wb/Work/nGit/projects/solar_build_test/solar/old_root-9.0.1/bin_src/solarmain-9.0.1/src/ibd.cc:124:38: warning: ‘%s’ directive writing up to 1023 bytes into a region of size 1008 [-Wformat-overflow=]
  124 |                     "exec dommsibs n %s", currentMap->filename());
      |                                      ^~
In file included from /usr/include/stdio.h:894,
                 from /home/wb/Work/nGit/projects/solar_build_test/solar/old_root-9.0.1/bin_src/solarmain-9.0.1/src/ibd.cc:9:
/usr/include/x86_64-linux-gnu/bits/stdio2.h:38:34: note: ‘__builtin___sprintf_chk’ output between 17 and 1040 bytes into a destination of size 1024
   38 |   return __builtin___sprintf_chk (__s, __USE_FORTIFY_LEVEL - 1,
      |          ~~~~~~~~~~~~~~~~~~~~~~~~^~~~~~~~~~~~~~~~~~~~~~~~~~~~~~
   39 |                                   __glibc_objsize (__s), __fmt,
      |                                   ~~~~~~~~~~~~~~~~~~~~~~~~~~~~~
   40 |                                   __va_arg_pack ());
      |                                   ~~~~~~~~~~~~~~~~~
/usr/bin/g++ -c -O2  -std=c++11 -fopenmp  -m64 -I../lib -I/home/wb/Work/nGit/projects/solar_build_test/solar/old_root-9.0.1/bin_src/solarmain-9.0.1/include -DUSE_SAFELIB -fexceptions -DTR1 -DLINUX64 -DUSE_SAFELIB   -o /home/wb/Work/nGit/projects/solar_build_test/solar/old_root-9.0.1/bin_src/solarmain-9.0.1/src/ibdoption.o /home/wb/Work/nGit/projects/solar_build_test/solar/old_root-9.0.1/bin_src/solarmain-9.0.1/src/ibdoption.cc
In file included from /home/wb/Work/nGit/projects/solar_build_test/solar/old_root-9.0.1/bin_src/solarmain-9.0.1/src/ibdoption.cc:13:
/home/wb/Work/nGit/projects/solar_build_test/solar/old_root-9.0.1/bin_src/solarmain-9.0.1/src/solar.h: In static member function ‘static int Pedigree::SexVar(int)’:
/home/wb/Work/nGit/projects/solar_build_test/solar/old_root-9.0.1/bin_src/solarmain-9.0.1/src/solar.h:1203:59: warning: no return statement in function returning non-void [-Wreturn-type]
 1203 |     static int SexVar (int SexStatus) {_Has_Sex=SexStatus;}
      |                                                           ^
/usr/bin/g++ -c -O2  -std=c++11 -fopenmp  -m64 -I../lib -I/home/wb/Work/nGit/projects/solar_build_test/solar/old_root-9.0.1/bin_src/solarmain-9.0.1/include -DUSE_SAFELIB -fexceptions -DTR1 -DLINUX64 -DUSE_SAFELIB   -o /home/wb/Work/nGit/projects/solar_build_test/solar/old_root-9.0.1/bin_src/solarmain-9.0.1/src/ibs.o /home/wb/Work/nGit/projects/solar_build_test/solar/old_root-9.0.1/bin_src/solarmain-9.0.1/src/ibs.cc
In file included from /home/wb/Work/nGit/projects/solar_build_test/solar/old_root-9.0.1/bin_src/solarmain-9.0.1/src/ibs.cc:11:
/home/wb/Work/nGit/projects/solar_build_test/solar/old_root-9.0.1/bin_src/solarmain-9.0.1/src/solar.h: In static member function ‘static int Pedigree::SexVar(int)’:
/home/wb/Work/nGit/projects/solar_build_test/solar/old_root-9.0.1/bin_src/solarmain-9.0.1/src/solar.h:1203:59: warning: no return statement in function returning non-void [-Wreturn-type]
 1203 |     static int SexVar (int SexStatus) {_Has_Sex=SexStatus;}
      |                                                           ^
/usr/bin/g++ -c -O2  -std=c++11 -fopenmp  -m64 -I../lib -I/home/wb/Work/nGit/projects/solar_build_test/solar/old_root-9.0.1/bin_src/solarmain-9.0.1/include -DUSE_SAFELIB -fexceptions -DTR1 -DLINUX64 -DUSE_SAFELIB   -o /home/wb/Work/nGit/projects/solar_build_test/solar/old_root-9.0.1/bin_src/solarmain-9.0.1/src/inorm_nifti.o /home/wb/Work/nGit/projects/solar_build_test/solar/old_root-9.0.1/bin_src/solarmain-9.0.1/src/inorm_nifti.cc
In file included from /home/wb/Work/nGit/projects/solar_build_test/solar/old_root-9.0.1/bin_src/solarmain-9.0.1/src/inorm_nifti.cc:2:
/home/wb/Work/nGit/projects/solar_build_test/solar/old_root-9.0.1/bin_src/solarmain-9.0.1/src/solar.h: In static member function ‘static int Pedigree::SexVar(int)’:
/home/wb/Work/nGit/projects/solar_build_test/solar/old_root-9.0.1/bin_src/solarmain-9.0.1/src/solar.h:1203:59: warning: no return statement in function returning non-void [-Wreturn-type]
 1203 |     static int SexVar (int SexStatus) {_Has_Sex=SexStatus;}
      |                                                           ^
/usr/bin/g++ -c -O2  -std=c++11 -fopenmp  -m64 -I../lib -I/home/wb/Work/nGit/projects/solar_build_test/solar/old_root-9.0.1/bin_src/solarmain-9.0.1/include -DUSE_SAFELIB -fexceptions -DTR1 -DLINUX64 -DUSE_SAFELIB   -o /home/wb/Work/nGit/projects/solar_build_test/solar/old_root-9.0.1/bin_src/solarmain-9.0.1/src/key.o /home/wb/Work/nGit/projects/solar_build_test/solar/old_root-9.0.1/bin_src/solarmain-9.0.1/src/key.cc
In file included from /home/wb/Work/nGit/projects/solar_build_test/solar/old_root-9.0.1/bin_src/solarmain-9.0.1/src/key.cc:14:
/home/wb/Work/nGit/projects/solar_build_test/solar/old_root-9.0.1/bin_src/solarmain-9.0.1/src/solar.h: In static member function ‘static int Pedigree::SexVar(int)’:
/home/wb/Work/nGit/projects/solar_build_test/solar/old_root-9.0.1/bin_src/solarmain-9.0.1/src/solar.h:1203:59: warning: no return statement in function returning non-void [-Wreturn-type]
 1203 |     static int SexVar (int SexStatus) {_Has_Sex=SexStatus;}
      |                                                           ^
/home/wb/Work/nGit/projects/solar_build_test/solar/old_root-9.0.1/bin_src/solarmain-9.0.1/src/key.cc: In function ‘int validate_solar(Tcl_Interp*)’:
/home/wb/Work/nGit/projects/solar_build_test/solar/old_root-9.0.1/bin_src/solarmain-9.0.1/src/key.cc:407:30: warning: too many arguments for format [-Wformat-extra-args]
  407 |             fprintf (stderr, "    *** Condor key must be specified with -key argument\n",
      |                              ^~~~~~~~~~~~~~~~~~~~~~~~~~~~~~~~~~~~~~~~~~~~~~~~~~~~~~~~~~~
/home/wb/Work/nGit/projects/solar_build_test/solar/old_root-9.0.1/bin_src/solarmain-9.0.1/src/key.cc:409:30: warning: too many arguments for format [-Wformat-extra-args]
  409 |             fprintf (stderr, "    *** solar -condor -key key\n\n",
      |                              ^~~~~~~~~~~~~~~~~~~~~~~~~~~~~~~~~~~~
/home/wb/Work/nGit/projects/solar_build_test/solar/old_root-9.0.1/bin_src/solarmain-9.0.1/src/key.cc:415:30: warning: too many arguments for format [-Wformat-extra-args]
  415 |             fprintf (stderr, "    *** NIS key must be specified with -niskey argument\n",
      |                              ^~~~~~~~~~~~~~~~~~~~~~~~~~~~~~~~~~~~~~~~~~~~~~~~~~~~~~~~~~~
/home/wb/Work/nGit/projects/solar_build_test/solar/old_root-9.0.1/bin_src/solarmain-9.0.1/src/key.cc:417:30: warning: too many arguments for format [-Wformat-extra-args]
  417 |             fprintf (stderr, "    *** solar -niskey key\n\n",
      |                              ^~~~~~~~~~~~~~~~~~~~~~~~~~~~~~~
/home/wb/Work/nGit/projects/solar_build_test/solar/old_root-9.0.1/bin_src/solarmain-9.0.1/src/key.cc:580:10: warning: too many arguments for format [-Wformat-extra-args]
  580 |          "    *** Key from -key argument doesn't match Condor username\n\n",filename);
      |          ^~~~~~~~~~~~~~~~~~~~~~~~~~~~~~~~~~~~~~~~~~~~~~~~~~~~~~~~~~~~~~~~~~
/home/wb/Work/nGit/projects/solar_build_test/solar/old_root-9.0.1/bin_src/solarmain-9.0.1/src/key.cc:585:10: warning: too many arguments for format [-Wformat-extra-args]
  585 |          "    *** Key from -key argument doesn't match username\n\n",filename);
      |          ^~~~~~~~~~~~~~~~~~~~~~~~~~~~~~~~~~~~~~~~~~~~~~~~~~~~~~~~~~~
/home/wb/Work/nGit/projects/solar_build_test/solar/old_root-9.0.1/bin_src/solarmain-9.0.1/src/key.cc: In function ‘int KeyCmd(ClientData, Tcl_Interp*, int, char**)’:
/home/wb/Work/nGit/projects/solar_build_test/solar/old_root-9.0.1/bin_src/solarmain-9.0.1/src/key.cc:259:20: warning: ignoring return value of ‘int system(const char*)’ declared with attribute ‘warn_unused_result’ [-Wunused-result]
  259 |             system ("date");
      |             ~~~~~~~^~~~~~~~
/usr/bin/g++ -c -O2  -std=c++11 -fopenmp  -m64 -I../lib -I/home/wb/Work/nGit/projects/solar_build_test/solar/old_root-9.0.1/bin_src/solarmain-9.0.1/include -DUSE_SAFELIB -fexceptions -DTR1 -DLINUX64 -DUSE_SAFELIB   -o /home/wb/Work/nGit/projects/solar_build_test/solar/old_root-9.0.1/bin_src/solarmain-9.0.1/src/listmaker.o /home/wb/Work/nGit/projects/solar_build_test/solar/old_root-9.0.1/bin_src/solarmain-9.0.1/src/listmaker.cc
In file included from /home/wb/Work/nGit/projects/solar_build_test/solar/old_root-9.0.1/bin_src/solarmain-9.0.1/src/listmaker.cc:6:
/home/wb/Work/nGit/projects/solar_build_test/solar/old_root-9.0.1/bin_src/solarmain-9.0.1/src/solar.h: In static member function ‘static int Pedigree::SexVar(int)’:
/home/wb/Work/nGit/projects/solar_build_test/solar/old_root-9.0.1/bin_src/solarmain-9.0.1/src/solar.h:1203:59: warning: no return statement in function returning non-void [-Wreturn-type]
 1203 |     static int SexVar (int SexStatus) {_Has_Sex=SexStatus;}
      |                                                           ^
In file included from /home/wb/Work/nGit/projects/solar_build_test/solar/old_root-9.0.1/bin_src/solarmain-9.0.1/src/listmaker.cc:9:
/home/wb/Work/nGit/projects/solar_build_test/solar/old_root-9.0.1/bin_src/solarmain-9.0.1/include/RicVolumeSet.h: At global scope:
/home/wb/Work/nGit/projects/solar_build_test/solar/old_root-9.0.1/bin_src/solarmain-9.0.1/include/RicVolumeSet.h:54:1: warning: ‘typedef’ was ignored in this declaration
   54 | typedef struct NIFTI_Orient {
      | ^~~~~~~
/usr/bin/g++ -c -O2  -std=c++11 -fopenmp  -m64 -I../lib -I/home/wb/Work/nGit/projects/solar_build_test/solar/old_root-9.0.1/bin_src/solarmain-9.0.1/include -DUSE_SAFELIB -fexceptions -DTR1 -DLINUX64 -DUSE_SAFELIB   -o /home/wb/Work/nGit/projects/solar_build_test/solar/old_root-9.0.1/bin_src/solarmain-9.0.1/src/loadsave.o /home/wb/Work/nGit/projects/solar_build_test/solar/old_root-9.0.1/bin_src/solarmain-9.0.1/src/loadsave.cc
In file included from /home/wb/Work/nGit/projects/solar_build_test/solar/old_root-9.0.1/bin_src/solarmain-9.0.1/src/loadsave.cc:38:
/home/wb/Work/nGit/projects/solar_build_test/solar/old_root-9.0.1/bin_src/solarmain-9.0.1/src/solar.h: In static member function ‘static int Pedigree::SexVar(int)’:
/home/wb/Work/nGit/projects/solar_build_test/solar/old_root-9.0.1/bin_src/solarmain-9.0.1/src/solar.h:1203:59: warning: no return statement in function returning non-void [-Wreturn-type]
 1203 |     static int SexVar (int SexStatus) {_Has_Sex=SexStatus;}
      |                                                           ^
/usr/bin/g++ -c -O2  -std=c++11 -fopenmp  -m64 -I../lib -I/home/wb/Work/nGit/projects/solar_build_test/solar/old_root-9.0.1/bin_src/solarmain-9.0.1/include -DUSE_SAFELIB -fexceptions -DTR1 -DLINUX64 -DUSE_SAFELIB   -o /home/wb/Work/nGit/projects/solar_build_test/solar/old_root-9.0.1/bin_src/solarmain-9.0.1/src/loglike.o /home/wb/Work/nGit/projects/solar_build_test/solar/old_root-9.0.1/bin_src/solarmain-9.0.1/src/loglike.cc
In file included from /home/wb/Work/nGit/projects/solar_build_test/solar/old_root-9.0.1/bin_src/solarmain-9.0.1/src/loglike.cc:8:
/home/wb/Work/nGit/projects/solar_build_test/solar/old_root-9.0.1/bin_src/solarmain-9.0.1/src/solar.h: In static member function ‘static int Pedigree::SexVar(int)’:
/home/wb/Work/nGit/projects/solar_build_test/solar/old_root-9.0.1/bin_src/solarmain-9.0.1/src/solar.h:1203:59: warning: no return statement in function returning non-void [-Wreturn-type]
 1203 |     static int SexVar (int SexStatus) {_Has_Sex=SexStatus;}
      |                                                           ^
/home/wb/Work/nGit/projects/solar_build_test/solar/old_root-9.0.1/bin_src/solarmain-9.0.1/src/loglike.cc: In function ‘int LoglikeCmd(ClientData, Tcl_Interp*, int, char**)’:
/home/wb/Work/nGit/projects/solar_build_test/solar/old_root-9.0.1/bin_src/solarmain-9.0.1/src/loglike.cc:22:41: warning: format ‘%s’ expects argument of type ‘char*’, but argument 4 has type ‘char (*)[256]’ [-Wformat=]
   22 |         if (1 != sscanf (argv[2], "%lf %s", &newloglike, &junk))
      |                                        ~^                ~~~~~
      |                                         |                |
      |                                         char*            char (*)[256]
/home/wb/Work/nGit/projects/solar_build_test/solar/old_root-9.0.1/bin_src/solarmain-9.0.1/src/loglike.cc: In function ‘int QuadraticCmd(ClientData, Tcl_Interp*, int, char**)’:
/home/wb/Work/nGit/projects/solar_build_test/solar/old_root-9.0.1/bin_src/solarmain-9.0.1/src/loglike.cc:59:41: warning: format ‘%s’ expects argument of type ‘char*’, but argument 4 has type ‘char (*)[256]’ [-Wformat=]
   59 |         if (1 != sscanf (argv[2], "%lf %s", &newquadratic, &junk))
      |                                        ~^                  ~~~~~
      |                                         |                  |
      |                                         char*              char (*)[256]
/usr/bin/g++ -c -O2  -std=c++11 -fopenmp  -m64 -I../lib -I/home/wb/Work/nGit/projects/solar_build_test/solar/old_root-9.0.1/bin_src/solarmain-9.0.1/include -DUSE_SAFELIB -fexceptions -DTR1 -DLINUX64 -DUSE_SAFELIB   -o /home/wb/Work/nGit/projects/solar_build_test/solar/old_root-9.0.1/bin_src/solarmain-9.0.1/src/map.o /home/wb/Work/nGit/projects/solar_build_test/solar/old_root-9.0.1/bin_src/solarmain-9.0.1/src/map.cc
In file included from /home/wb/Work/nGit/projects/solar_build_test/solar/old_root-9.0.1/bin_src/solarmain-9.0.1/src/map.cc:11:
/home/wb/Work/nGit/projects/solar_build_test/solar/old_root-9.0.1/bin_src/solarmain-9.0.1/src/solar.h: In static member function ‘static int Pedigree::SexVar(int)’:
/home/wb/Work/nGit/projects/solar_build_test/solar/old_root-9.0.1/bin_src/solarmain-9.0.1/src/solar.h:1203:59: warning: no return statement in function returning non-void [-Wreturn-type]
 1203 |     static int SexVar (int SexStatus) {_Has_Sex=SexStatus;}
      |                                                           ^
/home/wb/Work/nGit/projects/solar_build_test/solar/old_root-9.0.1/bin_src/solarmain-9.0.1/src/map.cc: In member function ‘char* Map::show(char*)’:
/home/wb/Work/nGit/projects/solar_build_test/solar/old_root-9.0.1/bin_src/solarmain-9.0.1/src/map.cc:340:27: warning: zero-length gnu_printf format string [-Wformat-zero-length]
  340 |             sprintf(buf1, "");
      |                           ^~
/home/wb/Work/nGit/projects/solar_build_test/solar/old_root-9.0.1/bin_src/solarmain-9.0.1/src/map.cc:337:36: warning: ‘%s’ directive writing up to 1023 bytes into a region of size 1012 [-Wformat-overflow=]
  337 |         sprintf(buf1, "chromosome: %s", _chrnum);
      |                                    ^~
In file included from /usr/include/stdio.h:894,
                 from /home/wb/Work/nGit/projects/solar_build_test/solar/old_root-9.0.1/bin_src/solarmain-9.0.1/src/map.cc:9:
/usr/include/x86_64-linux-gnu/bits/stdio2.h:38:34: note: ‘__builtin___sprintf_chk’ output between 13 and 1036 bytes into a destination of size 1024
   38 |   return __builtin___sprintf_chk (__s, __USE_FORTIFY_LEVEL - 1,
      |          ~~~~~~~~~~~~~~~~~~~~~~~~^~~~~~~~~~~~~~~~~~~~~~~~~~~~~~
   39 |                                   __glibc_objsize (__s), __fmt,
      |                                   ~~~~~~~~~~~~~~~~~~~~~~~~~~~~~
   40 |                                   __va_arg_pack ());
      |                                   ~~~~~~~~~~~~~~~~~
/usr/bin/g++ -c -O2  -std=c++11 -fopenmp  -m64 -I../lib -I/home/wb/Work/nGit/projects/solar_build_test/solar/old_root-9.0.1/bin_src/solarmain-9.0.1/include -DUSE_SAFELIB -fexceptions -DTR1 -DLINUX64 -DUSE_SAFELIB   -o /home/wb/Work/nGit/projects/solar_build_test/solar/old_root-9.0.1/bin_src/solarmain-9.0.1/src/marker.o /home/wb/Work/nGit/projects/solar_build_test/solar/old_root-9.0.1/bin_src/solarmain-9.0.1/src/marker.cc
In file included from /home/wb/Work/nGit/projects/solar_build_test/solar/old_root-9.0.1/bin_src/solarmain-9.0.1/src/marker.cc:11:
/home/wb/Work/nGit/projects/solar_build_test/solar/old_root-9.0.1/bin_src/solarmain-9.0.1/src/solar.h: In static member function ‘static int Pedigree::SexVar(int)’:
/home/wb/Work/nGit/projects/solar_build_test/solar/old_root-9.0.1/bin_src/solarmain-9.0.1/src/solar.h:1203:59: warning: no return statement in function returning non-void [-Wreturn-type]
 1203 |     static int SexVar (int SexStatus) {_Has_Sex=SexStatus;}
      |                                                           ^
/home/wb/Work/nGit/projects/solar_build_test/solar/old_root-9.0.1/bin_src/solarmain-9.0.1/src/marker.cc: In member function ‘int Marker::load(char, Tcl_Interp*)’:
/home/wb/Work/nGit/projects/solar_build_test/solar/old_root-9.0.1/bin_src/solarmain-9.0.1/src/marker.cc:671:58: warning: ‘%s’ directive writing up to 1023 bytes into a region of size between 943 and 973 [-Wformat-overflow=]
  671 | "exec ibdprep n ibdprep.mrk %d %d %c %d ibdprep.loc %c y %s >& ibdprep.out",
      |                                                          ^~
In file included from /usr/include/stdio.h:894,
                 from /home/wb/Work/nGit/projects/solar_build_test/solar/old_root-9.0.1/bin_src/solarmain-9.0.1/src/marker.cc:9:
/usr/include/x86_64-linux-gnu/bits/stdio2.h:38:34: note: ‘__builtin___sprintf_chk’ output between 67 and 1120 bytes into a destination of size 1024
   38 |   return __builtin___sprintf_chk (__s, __USE_FORTIFY_LEVEL - 1,
      |          ~~~~~~~~~~~~~~~~~~~~~~~~^~~~~~~~~~~~~~~~~~~~~~~~~~~~~~
   39 |                                   __glibc_objsize (__s), __fmt,
      |                                   ~~~~~~~~~~~~~~~~~~~~~~~~~~~~~
   40 |                                   __va_arg_pack ());
      |                                   ~~~~~~~~~~~~~~~~~
/home/wb/Work/nGit/projects/solar_build_test/solar/old_root-9.0.1/bin_src/solarmain-9.0.1/src/marker.cc:665:58: warning: ‘%s’ directive writing up to 1023 bytes into a region of size between 943 and 973 [-Wformat-overflow=]
  665 | "exec ibdprep n ibdprep.mrk %d %d %c %d ibdprep.loc %c y %s %d %c >& ibdprep.out",
      |                                                          ^~
/home/wb/Work/nGit/projects/solar_build_test/solar/old_root-9.0.1/bin_src/solarmain-9.0.1/src/marker.cc:665:1: note: using the range [-2147483648, 2147483647] for directive argument
  665 | "exec ibdprep n ibdprep.mrk %d %d %c %d ibdprep.loc %c y %s %d %c >& ibdprep.out",
      | ^~~~~~~~~~~~~~~~~~~~~~~~~~~~~~~~~~~~~~~~~~~~~~~~~~~~~~~~~~~~~~~~~~~~~~~~~~~~~~~~~
In file included from /usr/include/stdio.h:894,
                 from /home/wb/Work/nGit/projects/solar_build_test/solar/old_root-9.0.1/bin_src/solarmain-9.0.1/src/marker.cc:9:
/usr/include/x86_64-linux-gnu/bits/stdio2.h:38:34: note: ‘__builtin___sprintf_chk’ output between 71 and 1134 bytes into a destination of size 1024
   38 |   return __builtin___sprintf_chk (__s, __USE_FORTIFY_LEVEL - 1,
      |          ~~~~~~~~~~~~~~~~~~~~~~~~^~~~~~~~~~~~~~~~~~~~~~~~~~~~~~
   39 |                                   __glibc_objsize (__s), __fmt,
      |                                   ~~~~~~~~~~~~~~~~~~~~~~~~~~~~~
   40 |                                   __va_arg_pack ());
      |                                   ~~~~~~~~~~~~~~~~~
/home/wb/Work/nGit/projects/solar_build_test/solar/old_root-9.0.1/bin_src/solarmain-9.0.1/src/marker.cc:543:71: warning: ‘%s’ directive writing up to 1023 bytes into a region of size 208 [-Wformat-overflow=]
  543 |         sprintf(buf, "No fields containing marker data are present in %s",
      |                                                                       ^~
In file included from /usr/include/stdio.h:894,
                 from /home/wb/Work/nGit/projects/solar_build_test/solar/old_root-9.0.1/bin_src/solarmain-9.0.1/src/marker.cc:9:
/usr/include/x86_64-linux-gnu/bits/stdio2.h:38:34: note: ‘__builtin___sprintf_chk’ output between 49 and 1072 bytes into a destination of size 256
   38 |   return __builtin___sprintf_chk (__s, __USE_FORTIFY_LEVEL - 1,
      |          ~~~~~~~~~~~~~~~~~~~~~~~~^~~~~~~~~~~~~~~~~~~~~~~~~~~~~~
   39 |                                   __glibc_objsize (__s), __fmt,
      |                                   ~~~~~~~~~~~~~~~~~~~~~~~~~~~~~
   40 |                                   __va_arg_pack ());
      |                                   ~~~~~~~~~~~~~~~~~
/home/wb/Work/nGit/projects/solar_build_test/solar/old_root-9.0.1/bin_src/solarmain-9.0.1/src/marker.cc: In member function ‘int Marker::discrep(const char*, Tcl_Interp*)’:
/home/wb/Work/nGit/projects/solar_build_test/solar/old_root-9.0.1/bin_src/solarmain-9.0.1/src/marker.cc:944:63: warning: ‘%s’ directive writing up to 1023 bytes into a region of size 984 [-Wformat-overflow=]
  944 |                     "\nProgram allfreq failed. Check the file %s for errors.",
      |                                                               ^~
  945 |                     file);
      |                     ~~~~                                       
In file included from /usr/include/stdio.h:894,
                 from /home/wb/Work/nGit/projects/solar_build_test/solar/old_root-9.0.1/bin_src/solarmain-9.0.1/src/marker.cc:9:
/usr/include/x86_64-linux-gnu/bits/stdio2.h:38:34: note: ‘__builtin___sprintf_chk’ output between 53 and 1076 bytes into a destination of size 1024
   38 |   return __builtin___sprintf_chk (__s, __USE_FORTIFY_LEVEL - 1,
      |          ~~~~~~~~~~~~~~~~~~~~~~~~^~~~~~~~~~~~~~~~~~~~~~~~~~~~~~
   39 |                                   __glibc_objsize (__s), __fmt,
      |                                   ~~~~~~~~~~~~~~~~~~~~~~~~~~~~~
   40 |                                   __va_arg_pack ());
      |                                   ~~~~~~~~~~~~~~~~~
/usr/bin/g++ -c -O2  -std=c++11 -fopenmp  -m64 -I../lib -I/home/wb/Work/nGit/projects/solar_build_test/solar/old_root-9.0.1/bin_src/solarmain-9.0.1/include -DUSE_SAFELIB -fexceptions -DTR1 -DLINUX64 -DUSE_SAFELIB   -o /home/wb/Work/nGit/projects/solar_build_test/solar/old_root-9.0.1/bin_src/solarmain-9.0.1/src/mathmatrix.o /home/wb/Work/nGit/projects/solar_build_test/solar/old_root-9.0.1/bin_src/solarmain-9.0.1/src/mathmatrix.cc
In file included from /home/wb/Work/nGit/projects/solar_build_test/solar/old_root-9.0.1/bin_src/solarmain-9.0.1/src/mathmatrix.cc:22:
/home/wb/Work/nGit/projects/solar_build_test/solar/old_root-9.0.1/bin_src/solarmain-9.0.1/src/solar.h: In static member function ‘static int Pedigree::SexVar(int)’:
/home/wb/Work/nGit/projects/solar_build_test/solar/old_root-9.0.1/bin_src/solarmain-9.0.1/src/solar.h:1203:59: warning: no return statement in function returning non-void [-Wreturn-type]
 1203 |     static int SexVar (int SexStatus) {_Has_Sex=SexStatus;}
      |                                                           ^
/home/wb/Work/nGit/projects/solar_build_test/solar/old_root-9.0.1/bin_src/solarmain-9.0.1/src/mathmatrix.cc: In function ‘int MatrixPowerCmd(ClientData, Tcl_Interp*, int, char**)’:
/home/wb/Work/nGit/projects/solar_build_test/solar/old_root-9.0.1/bin_src/solarmain-9.0.1/src/mathmatrix.cc:245:27: warning: format ‘%d’ expects argument of type ‘int’, but argument 4 has type ‘std::vector<Eigen::Matrix<double, -1, -1>*>::size_type’ {aka ‘long unsigned int’} [-Wformat=]
  245 |     sprintf (namebuf, "%s%d", MathMatrix_PREFIX, MathMatrixV.size());
      |                          ~^                      ~~~~~~~~~~~~~~~~~~
      |                           |                                      |
      |                           int                                    std::vector<Eigen::Matrix<double, -1, -1>*>::size_type {aka long unsigned int}
      |                          %ld
/home/wb/Work/nGit/projects/solar_build_test/solar/old_root-9.0.1/bin_src/solarmain-9.0.1/src/mathmatrix.cc: In function ‘int TimesCmd(ClientData, Tcl_Interp*, int, char**)’:
/home/wb/Work/nGit/projects/solar_build_test/solar/old_root-9.0.1/bin_src/solarmain-9.0.1/src/mathmatrix.cc:380:26: warning: format ‘%d’ expects argument of type ‘int’, but argument 4 has type ‘std::vector<Eigen::Matrix<double, -1, -1>*>::size_type’ {aka ‘long unsigned int’} [-Wformat=]
  380 |     sprintf (namebuf,"%s%d",MathMatrix_PREFIX,MathMatrixV.size());
      |                         ~^                    ~~~~~~~~~~~~~~~~~~
      |                          |                                    |
      |                          int                                  std::vector<Eigen::Matrix<double, -1, -1>*>::size_type {aka long unsigned int}
      |                         %ld
/home/wb/Work/nGit/projects/solar_build_test/solar/old_root-9.0.1/bin_src/solarmain-9.0.1/src/mathmatrix.cc: In function ‘int ConcatenateCmd(ClientData, Tcl_Interp*, int, char**)’:
/home/wb/Work/nGit/projects/solar_build_test/solar/old_root-9.0.1/bin_src/solarmain-9.0.1/src/mathmatrix.cc:502:26: warning: format ‘%d’ expects argument of type ‘int’, but argument 4 has type ‘std::vector<Eigen::Matrix<double, -1, -1>*>::size_type’ {aka ‘long unsigned int’} [-Wformat=]
  502 |     sprintf (namebuf,"%s%d",MathMatrix_PREFIX,MathMatrixV.size());
      |                         ~^                    ~~~~~~~~~~~~~~~~~~
      |                          |                                    |
      |                          int                                  std::vector<Eigen::Matrix<double, -1, -1>*>::size_type {aka long unsigned int}
      |                         %ld
/home/wb/Work/nGit/projects/solar_build_test/solar/old_root-9.0.1/bin_src/solarmain-9.0.1/src/mathmatrix.cc: In function ‘int OlsCmd(ClientData, Tcl_Interp*, int, char**)’:
/home/wb/Work/nGit/projects/solar_build_test/solar/old_root-9.0.1/bin_src/solarmain-9.0.1/src/mathmatrix.cc:595:26: warning: format ‘%d’ expects argument of type ‘int’, but argument 4 has type ‘std::vector<Eigen::Matrix<double, -1, -1>*>::size_type’ {aka ‘long unsigned int’} [-Wformat=]
  595 |     sprintf (namebuf,"%s%d",MathMatrix_PREFIX,MathMatrixV.size());
      |                         ~^                    ~~~~~~~~~~~~~~~~~~
      |                          |                                    |
      |                          int                                  std::vector<Eigen::Matrix<double, -1, -1>*>::size_type {aka long unsigned int}
      |                         %ld
/home/wb/Work/nGit/projects/solar_build_test/solar/old_root-9.0.1/bin_src/solarmain-9.0.1/src/mathmatrix.cc: In function ‘int SolveCmd(ClientData, Tcl_Interp*, int, char**)’:
/home/wb/Work/nGit/projects/solar_build_test/solar/old_root-9.0.1/bin_src/solarmain-9.0.1/src/mathmatrix.cc:630:26: warning: format ‘%d’ expects argument of type ‘int’, but argument 4 has type ‘std::vector<Eigen::Matrix<double, -1, -1>*>::size_type’ {aka ‘long unsigned int’} [-Wformat=]
  630 |     sprintf (namebuf,"%s%d",MathMatrix_PREFIX,MathMatrixV.size());
      |                         ~^                    ~~~~~~~~~~~~~~~~~~
      |                          |                                    |
      |                          int                                  std::vector<Eigen::Matrix<double, -1, -1>*>::size_type {aka long unsigned int}
      |                         %ld
/home/wb/Work/nGit/projects/solar_build_test/solar/old_root-9.0.1/bin_src/solarmain-9.0.1/src/mathmatrix.cc: In function ‘int MaxMatrix(Tcl_Interp*, Eigen::MatrixXd*, int, char**)’:
/home/wb/Work/nGit/projects/solar_build_test/solar/old_root-9.0.1/bin_src/solarmain-9.0.1/src/mathmatrix.cc:748:26: warning: format ‘%d’ expects argument of type ‘int’, but argument 4 has type ‘std::vector<Eigen::Matrix<double, -1, -1>*>::size_type’ {aka ‘long unsigned int’} [-Wformat=]
  748 |     sprintf (namebuf,"%s%d",MathMatrix_PREFIX,MathMatrixV.size());
      |                         ~^                    ~~~~~~~~~~~~~~~~~~
      |                          |                                    |
      |                          int                                  std::vector<Eigen::Matrix<double, -1, -1>*>::size_type {aka long unsigned int}
      |                         %ld
/home/wb/Work/nGit/projects/solar_build_test/solar/old_root-9.0.1/bin_src/solarmain-9.0.1/src/mathmatrix.cc: In function ‘int MeanSumCmd(ClientData, Tcl_Interp*, int, char**)’:
/home/wb/Work/nGit/projects/solar_build_test/solar/old_root-9.0.1/bin_src/solarmain-9.0.1/src/mathmatrix.cc:778:30: warning: format ‘%d’ expects argument of type ‘int’, but argument 3 has type ‘std::ptrdiff_t’ {aka ‘long int’} [-Wformat=]
  778 |             sprintf (buf, "{%d %d}",Min_i+1, Min_j+1);
      |                             ~^      ~~~~~~~
      |                              |           |
      |                              int         std::ptrdiff_t {aka long int}
      |                             %ld
/home/wb/Work/nGit/projects/solar_build_test/solar/old_root-9.0.1/bin_src/solarmain-9.0.1/src/mathmatrix.cc:778:33: warning: format ‘%d’ expects argument of type ‘int’, but argument 4 has type ‘std::ptrdiff_t’ {aka ‘long int’} [-Wformat=]
  778 |             sprintf (buf, "{%d %d}",Min_i+1, Min_j+1);
      |                                ~^            ~~~~~~~
      |                                 |                 |
      |                                 int               std::ptrdiff_t {aka long int}
      |                                %ld
/home/wb/Work/nGit/projects/solar_build_test/solar/old_root-9.0.1/bin_src/solarmain-9.0.1/src/mathmatrix.cc:790:30: warning: format ‘%d’ expects argument of type ‘int’, but argument 3 has type ‘std::ptrdiff_t’ {aka ‘long int’} [-Wformat=]
  790 |             sprintf (buf, "{%d %d}",Max_i+1, Max_j+1);
      |                             ~^      ~~~~~~~
      |                              |           |
      |                              int         std::ptrdiff_t {aka long int}
      |                             %ld
/home/wb/Work/nGit/projects/solar_build_test/solar/old_root-9.0.1/bin_src/solarmain-9.0.1/src/mathmatrix.cc:790:33: warning: format ‘%d’ expects argument of type ‘int’, but argument 4 has type ‘std::ptrdiff_t’ {aka ‘long int’} [-Wformat=]
  790 |             sprintf (buf, "{%d %d}",Max_i+1, Max_j+1);
      |                                ~^            ~~~~~~~
      |                                 |                 |
      |                                 int               std::ptrdiff_t {aka long int}
      |                                %ld
/home/wb/Work/nGit/projects/solar_build_test/solar/old_root-9.0.1/bin_src/solarmain-9.0.1/src/mathmatrix.cc: In function ‘int PlusCmd(ClientData, Tcl_Interp*, int, char**)’:
/home/wb/Work/nGit/projects/solar_build_test/solar/old_root-9.0.1/bin_src/solarmain-9.0.1/src/mathmatrix.cc:960:26: warning: format ‘%d’ expects argument of type ‘int’, but argument 4 has type ‘std::vector<Eigen::Matrix<double, -1, -1>*>::size_type’ {aka ‘long unsigned int’} [-Wformat=]
  960 |     sprintf (namebuf,"%s%d",MathMatrix_PREFIX,MathMatrixV.size());
      |                         ~^                    ~~~~~~~~~~~~~~~~~~
      |                          |                                    |
      |                          int                                  std::vector<Eigen::Matrix<double, -1, -1>*>::size_type {aka long unsigned int}
      |                         %ld
/home/wb/Work/nGit/projects/solar_build_test/solar/old_root-9.0.1/bin_src/solarmain-9.0.1/src/mathmatrix.cc: In function ‘int MinusCmd(ClientData, Tcl_Interp*, int, char**)’:
/home/wb/Work/nGit/projects/solar_build_test/solar/old_root-9.0.1/bin_src/solarmain-9.0.1/src/mathmatrix.cc:1074:26: warning: format ‘%d’ expects argument of type ‘int’, but argument 4 has type ‘std::vector<Eigen::Matrix<double, -1, -1>*>::size_type’ {aka ‘long unsigned int’} [-Wformat=]
 1074 |     sprintf (namebuf,"%s%d",MathMatrix_PREFIX,MathMatrixV.size());
      |                         ~^                    ~~~~~~~~~~~~~~~~~~
      |                          |                                    |
      |                          int                                  std::vector<Eigen::Matrix<double, -1, -1>*>::size_type {aka long unsigned int}
      |                         %ld
/home/wb/Work/nGit/projects/solar_build_test/solar/old_root-9.0.1/bin_src/solarmain-9.0.1/src/mathmatrix.cc: In function ‘int ShuffleCmd(ClientData, Tcl_Interp*, int, char**)’:
/home/wb/Work/nGit/projects/solar_build_test/solar/old_root-9.0.1/bin_src/solarmain-9.0.1/src/mathmatrix.cc:1231:26: warning: format ‘%d’ expects argument of type ‘int’, but argument 4 has type ‘std::vector<Eigen::Matrix<double, -1, -1>*>::size_type’ {aka ‘long unsigned int’} [-Wformat=]
 1231 |     sprintf (namebuf,"%s%d",MathMatrix_PREFIX,MathMatrixV.size());
      |                         ~^                    ~~~~~~~~~~~~~~~~~~
      |                          |                                    |
      |                          int                                  std::vector<Eigen::Matrix<double, -1, -1>*>::size_type {aka long unsigned int}
      |                         %ld
/home/wb/Work/nGit/projects/solar_build_test/solar/old_root-9.0.1/bin_src/solarmain-9.0.1/src/mathmatrix.cc: In function ‘int PermuteFCmd(ClientData, Tcl_Interp*, int, char**)’:
/home/wb/Work/nGit/projects/solar_build_test/solar/old_root-9.0.1/bin_src/solarmain-9.0.1/src/mathmatrix.cc:1361:26: warning: format ‘%d’ expects argument of type ‘int’, but argument 4 has type ‘std::vector<Eigen::Matrix<double, -1, -1>*>::size_type’ {aka ‘long unsigned int’} [-Wformat=]
 1361 |     sprintf (namebuf,"%s%d",MathMatrix_PREFIX,MathMatrixV.size());
      |                         ~^                    ~~~~~~~~~~~~~~~~~~
      |                          |                                    |
      |                          int                                  std::vector<Eigen::Matrix<double, -1, -1>*>::size_type {aka long unsigned int}
      |                         %ld
/home/wb/Work/nGit/projects/solar_build_test/solar/old_root-9.0.1/bin_src/solarmain-9.0.1/src/mathmatrix.cc: In function ‘int PermuteYCmd(ClientData, Tcl_Interp*, int, char**)’:
/home/wb/Work/nGit/projects/solar_build_test/solar/old_root-9.0.1/bin_src/solarmain-9.0.1/src/mathmatrix.cc:1464:26: warning: format ‘%d’ expects argument of type ‘int’, but argument 4 has type ‘std::vector<Eigen::Matrix<double, -1, -1>*>::size_type’ {aka ‘long unsigned int’} [-Wformat=]
 1464 |     sprintf (namebuf,"%s%d",MathMatrix_PREFIX,MathMatrixV.size());
      |                         ~^                    ~~~~~~~~~~~~~~~~~~
      |                          |                                    |
      |                          int                                  std::vector<Eigen::Matrix<double, -1, -1>*>::size_type {aka long unsigned int}
      |                         %ld
/home/wb/Work/nGit/projects/solar_build_test/solar/old_root-9.0.1/bin_src/solarmain-9.0.1/src/mathmatrix.cc: In function ‘int DinverseCmd(ClientData, Tcl_Interp*, int, char**)’:
/home/wb/Work/nGit/projects/solar_build_test/solar/old_root-9.0.1/bin_src/solarmain-9.0.1/src/mathmatrix.cc:1504:26: warning: format ‘%d’ expects argument of type ‘int’, but argument 4 has type ‘std::vector<Eigen::Matrix<double, -1, -1>*>::size_type’ {aka ‘long unsigned int’} [-Wformat=]
 1504 |     sprintf (namebuf,"%s%d",MathMatrix_PREFIX,MathMatrixV.size());
      |                         ~^                    ~~~~~~~~~~~~~~~~~~
      |                          |                                    |
      |                          int                                  std::vector<Eigen::Matrix<double, -1, -1>*>::size_type {aka long unsigned int}
      |                         %ld
/home/wb/Work/nGit/projects/solar_build_test/solar/old_root-9.0.1/bin_src/solarmain-9.0.1/src/mathmatrix.cc: In function ‘int InverseCmd(ClientData, Tcl_Interp*, int, char**)’:
/home/wb/Work/nGit/projects/solar_build_test/solar/old_root-9.0.1/bin_src/solarmain-9.0.1/src/mathmatrix.cc:1530:26: warning: format ‘%d’ expects argument of type ‘int’, but argument 4 has type ‘std::vector<Eigen::Matrix<double, -1, -1>*>::size_type’ {aka ‘long unsigned int’} [-Wformat=]
 1530 |     sprintf (namebuf,"%s%d",MathMatrix_PREFIX,MathMatrixV.size());
      |                         ~^                    ~~~~~~~~~~~~~~~~~~
      |                          |                                    |
      |                          int                                  std::vector<Eigen::Matrix<double, -1, -1>*>::size_type {aka long unsigned int}
      |                         %ld
/home/wb/Work/nGit/projects/solar_build_test/solar/old_root-9.0.1/bin_src/solarmain-9.0.1/src/mathmatrix.cc: In function ‘int RowCmd(ClientData, Tcl_Interp*, int, char**)’:
/home/wb/Work/nGit/projects/solar_build_test/solar/old_root-9.0.1/bin_src/solarmain-9.0.1/src/mathmatrix.cc:1561:27: warning: format ‘%d’ expects argument of type ‘int’, but argument 4 has type ‘std::vector<Eigen::Matrix<double, -1, -1>*>::size_type’ {aka ‘long unsigned int’} [-Wformat=]
 1561 |     sprintf (namebuf, "%s%d", MathMatrix_PREFIX, MathMatrixV.size());
      |                          ~^                      ~~~~~~~~~~~~~~~~~~
      |                           |                                      |
      |                           int                                    std::vector<Eigen::Matrix<double, -1, -1>*>::size_type {aka long unsigned int}
      |                          %ld
/home/wb/Work/nGit/projects/solar_build_test/solar/old_root-9.0.1/bin_src/solarmain-9.0.1/src/mathmatrix.cc: In function ‘int ColCmd(ClientData, Tcl_Interp*, int, char**)’:
/home/wb/Work/nGit/projects/solar_build_test/solar/old_root-9.0.1/bin_src/solarmain-9.0.1/src/mathmatrix.cc:1592:27: warning: format ‘%d’ expects argument of type ‘int’, but argument 4 has type ‘std::vector<Eigen::Matrix<double, -1, -1>*>::size_type’ {aka ‘long unsigned int’} [-Wformat=]
 1592 |     sprintf (namebuf, "%s%d", MathMatrix_PREFIX, MathMatrixV.size());
      |                          ~^                      ~~~~~~~~~~~~~~~~~~
      |                           |                                      |
      |                           int                                    std::vector<Eigen::Matrix<double, -1, -1>*>::size_type {aka long unsigned int}
      |                          %ld
/home/wb/Work/nGit/projects/solar_build_test/solar/old_root-9.0.1/bin_src/solarmain-9.0.1/src/mathmatrix.cc: In function ‘int IdentityCmd(ClientData, Tcl_Interp*, int, char**)’:
/home/wb/Work/nGit/projects/solar_build_test/solar/old_root-9.0.1/bin_src/solarmain-9.0.1/src/mathmatrix.cc:1620:27: warning: format ‘%d’ expects argument of type ‘int’, but argument 4 has type ‘std::vector<Eigen::Matrix<double, -1, -1>*>::size_type’ {aka ‘long unsigned int’} [-Wformat=]
 1620 |     sprintf (namebuf, "%s%d", MathMatrix_PREFIX, MathMatrixV.size());
      |                          ~^                      ~~~~~~~~~~~~~~~~~~
      |                           |                                      |
      |                           int                                    std::vector<Eigen::Matrix<double, -1, -1>*>::size_type {aka long unsigned int}
      |                          %ld
/home/wb/Work/nGit/projects/solar_build_test/solar/old_root-9.0.1/bin_src/solarmain-9.0.1/src/mathmatrix.cc: In function ‘int DiagonalCmd(ClientData, Tcl_Interp*, int, char**)’:
/home/wb/Work/nGit/projects/solar_build_test/solar/old_root-9.0.1/bin_src/solarmain-9.0.1/src/mathmatrix.cc:1696:27: warning: format ‘%d’ expects argument of type ‘int’, but argument 4 has type ‘std::vector<Eigen::Matrix<double, -1, -1>*>::size_type’ {aka ‘long unsigned int’} [-Wformat=]
 1696 |     sprintf (namebuf, "%s%d", MathMatrix_PREFIX, MathMatrixV.size());
      |                          ~^                      ~~~~~~~~~~~~~~~~~~
      |                           |                                      |
      |                           int                                    std::vector<Eigen::Matrix<double, -1, -1>*>::size_type {aka long unsigned int}
      |                          %ld
/home/wb/Work/nGit/projects/solar_build_test/solar/old_root-9.0.1/bin_src/solarmain-9.0.1/src/mathmatrix.cc: In function ‘int MathMatrixLoad(int, char**, Tcl_Interp*)’:
/home/wb/Work/nGit/projects/solar_build_test/solar/old_root-9.0.1/bin_src/solarmain-9.0.1/src/mathmatrix.cc:2088:42: warning: too many arguments for format [-Wformat-extra-args]
 2088 |             if (MathMatrixDebug) printf ("  is number\n",i);
      |                                          ^~~~~~~~~~~~~~~
/home/wb/Work/nGit/projects/solar_build_test/solar/old_root-9.0.1/bin_src/solarmain-9.0.1/src/mathmatrix.cc:2304:39: warning: format ‘%d’ expects argument of type ‘int’, but argument 2 has type ‘std::vector<Eigen::Matrix<double, -1, -1>*>::size_type’ {aka ‘long unsigned int’} [-Wformat=]
 2304 |         printf ("Vsize before new is %d\n",MathMatrixV.size());
      |                                      ~^    ~~~~~~~~~~~~~~~~~~
      |                                       |                    |
      |                                       int                  std::vector<Eigen::Matrix<double, -1, -1>*>::size_type {aka long unsigned int}
      |                                      %ld
/home/wb/Work/nGit/projects/solar_build_test/solar/old_root-9.0.1/bin_src/solarmain-9.0.1/src/mathmatrix.cc:2310:39: warning: format ‘%d’ expects argument of type ‘int’, but argument 2 has type ‘std::vector<Eigen::Matrix<double, -1, -1>*>::size_type’ {aka ‘long unsigned int’} [-Wformat=]
 2310 |         printf ("Vsize before new is %d\n",MathMatrixV.size());
      |                                      ~^    ~~~~~~~~~~~~~~~~~~
      |                                       |                    |
      |                                       int                  std::vector<Eigen::Matrix<double, -1, -1>*>::size_type {aka long unsigned int}
      |                                      %ld
/home/wb/Work/nGit/projects/solar_build_test/solar/old_root-9.0.1/bin_src/solarmain-9.0.1/src/mathmatrix.cc:2314:27: warning: format ‘%d’ expects argument of type ‘int’, but argument 4 has type ‘std::vector<Eigen::Matrix<double, -1, -1>*>::size_type’ {aka ‘long unsigned int’} [-Wformat=]
 2314 |     sprintf (namebuf, "%s%d", MathMatrix_PREFIX, MathMatrixV.size());
      |                          ~^                      ~~~~~~~~~~~~~~~~~~
      |                           |                                      |
      |                           int                                    std::vector<Eigen::Matrix<double, -1, -1>*>::size_type {aka long unsigned int}
      |                          %ld
/home/wb/Work/nGit/projects/solar_build_test/solar/old_root-9.0.1/bin_src/solarmain-9.0.1/src/mathmatrix.cc: In function ‘int TransposeCmd(ClientData, Tcl_Interp*, int, char**)’:
/home/wb/Work/nGit/projects/solar_build_test/solar/old_root-9.0.1/bin_src/solarmain-9.0.1/src/mathmatrix.cc:2349:26: warning: format ‘%d’ expects argument of type ‘int’, but argument 4 has type ‘std::vector<Eigen::Matrix<double, -1, -1>*>::size_type’ {aka ‘long unsigned int’} [-Wformat=]
 2349 |     sprintf (namebuf,"%s%d",MathMatrix_PREFIX,MathMatrixV.size());
      |                         ~^                    ~~~~~~~~~~~~~~~~~~
      |                          |                                    |
      |                          int                                  std::vector<Eigen::Matrix<double, -1, -1>*>::size_type {aka long unsigned int}
      |                         %ld
/home/wb/Work/nGit/projects/solar_build_test/solar/old_root-9.0.1/bin_src/solarmain-9.0.1/src/mathmatrix.cc: In function ‘int MathMatrixNew(int, char**, Tcl_Interp*)’:
/home/wb/Work/nGit/projects/solar_build_test/solar/old_root-9.0.1/bin_src/solarmain-9.0.1/src/mathmatrix.cc:2448:34: warning: format ‘%d’ expects argument of type ‘int’, but argument 2 has type ‘Eigen::Index’ {aka ‘long int’} [-Wformat=]
 2448 |         printf ("new matrix has %d rows and %d columns\n",
      |                                 ~^
      |                                  |
      |                                  int
      |                                 %ld
 2449 |                 MathMatrixV[mindex]->rows(),
      |                 ~~~~~~~~~~~~~~~~~~~~~~~~~~~
      |                                          |
      |                                          Eigen::Index {aka long int}
/home/wb/Work/nGit/projects/solar_build_test/solar/old_root-9.0.1/bin_src/solarmain-9.0.1/src/mathmatrix.cc:2448:46: warning: format ‘%d’ expects argument of type ‘int’, but argument 3 has type ‘Eigen::Index’ {aka ‘long int’} [-Wformat=]
 2448 |         printf ("new matrix has %d rows and %d columns\n",
      |                                             ~^
      |                                              |
      |                                              int
      |                                             %ld
 2449 |                 MathMatrixV[mindex]->rows(),
 2450 |                 MathMatrixV[mindex]->cols());
      |                 ~~~~~~~~~~~~~~~~~~~~~~~~~~~   
      |                                          |
      |                                          Eigen::Index {aka long int}
/home/wb/Work/nGit/projects/solar_build_test/solar/old_root-9.0.1/bin_src/solarmain-9.0.1/src/mathmatrix.cc:2522:26: warning: format ‘%d’ expects argument of type ‘int’, but argument 4 has type ‘std::vector<Eigen::Matrix<double, -1, -1>*>::size_type’ {aka ‘long unsigned int’} [-Wformat=]
 2522 |     sprintf (namebuf,"%s%d",MathMatrix_PREFIX,MathMatrixV.size());
      |                         ~^                    ~~~~~~~~~~~~~~~~~~
      |                          |                                    |
      |                          int                                  std::vector<Eigen::Matrix<double, -1, -1>*>::size_type {aka long unsigned int}
      |                         %ld
/home/wb/Work/nGit/projects/solar_build_test/solar/old_root-9.0.1/bin_src/solarmain-9.0.1/src/mathmatrix.cc: In function ‘int MathMatrixCmd(ClientData, Tcl_Interp*, int, char**)’:
/home/wb/Work/nGit/projects/solar_build_test/solar/old_root-9.0.1/bin_src/solarmain-9.0.1/src/mathmatrix.cc:2605:25: warning: format ‘%d’ expects argument of type ‘int’, but argument 3 has type ‘Eigen::Index’ {aka ‘long int’} [-Wformat=]
 2605 |         sprintf (buf, "%d", m1->rows() );
      |                        ~^   ~~~~~~~~~~
      |                         |           |
      |                         int         Eigen::Index {aka long int}
      |                        %ld
/home/wb/Work/nGit/projects/solar_build_test/solar/old_root-9.0.1/bin_src/solarmain-9.0.1/src/mathmatrix.cc:2614:25: warning: format ‘%d’ expects argument of type ‘int’, but argument 3 has type ‘Eigen::Index’ {aka ‘long int’} [-Wformat=]
 2614 |         sprintf (buf, "%d", m1->cols() );
      |                        ~^   ~~~~~~~~~~
      |                         |           |
      |                         int         Eigen::Index {aka long int}
      |                        %ld
/usr/bin/g++ -c -O2  -std=c++11 -fopenmp  -m64 -I../lib -I/home/wb/Work/nGit/projects/solar_build_test/solar/old_root-9.0.1/bin_src/solarmain-9.0.1/include -DUSE_SAFELIB -fexceptions -DTR1 -DLINUX64 -DUSE_SAFELIB   -o /home/wb/Work/nGit/projects/solar_build_test/solar/old_root-9.0.1/bin_src/solarmain-9.0.1/src/matrix.o /home/wb/Work/nGit/projects/solar_build_test/solar/old_root-9.0.1/bin_src/solarmain-9.0.1/src/matrix.cc
In file included from /home/wb/Work/nGit/projects/solar_build_test/solar/old_root-9.0.1/bin_src/solarmain-9.0.1/src/matrix.cc:28:
/home/wb/Work/nGit/projects/solar_build_test/solar/old_root-9.0.1/bin_src/solarmain-9.0.1/src/solar.h: In static member function ‘static int Pedigree::SexVar(int)’:
/home/wb/Work/nGit/projects/solar_build_test/solar/old_root-9.0.1/bin_src/solarmain-9.0.1/src/solar.h:1203:59: warning: no return statement in function returning non-void [-Wreturn-type]
 1203 |     static int SexVar (int SexStatus) {_Has_Sex=SexStatus;}
      |                                                           ^
In file included from /usr/include/string.h:535,
                 from /home/wb/Work/nGit/projects/solar_build_test/solar/old_root-9.0.1/bin_src/solarmain-9.0.1/src/matrix.cc:15:
In function ‘char* strncat(char*, const char*, size_t)’,
    inlined from ‘static const char* Matrix::setup(int, const char*, const char*, const char*)’ at /home/wb/Work/nGit/projects/solar_build_test/solar/old_root-9.0.1/bin_src/solarmain-9.0.1/src/matrix.cc:1607:15:
/usr/include/x86_64-linux-gnu/bits/string_fortified.h:138:34: warning: ‘char* __builtin___strncat_chk(char*, const char*, long unsigned int, long unsigned int)’ specified bound 1024 equals destination size [-Wstringop-overflow=]
  138 |   return __builtin___strncat_chk (__dest, __src, __len,
      |          ~~~~~~~~~~~~~~~~~~~~~~~~^~~~~~~~~~~~~~~~~~~~~~
  139 |                                   __glibc_objsize (__dest));
      |                                   ~~~~~~~~~~~~~~~~~~~~~~~~~
/usr/bin/g++ -c -O2  -std=c++11 -fopenmp  -m64 -I../lib -I/home/wb/Work/nGit/projects/solar_build_test/solar/old_root-9.0.1/bin_src/solarmain-9.0.1/include -DUSE_SAFELIB -fexceptions -DTR1 -DLINUX64 -DUSE_SAFELIB   -o /home/wb/Work/nGit/projects/solar_build_test/solar/old_root-9.0.1/bin_src/solarmain-9.0.1/src/maximize.o /home/wb/Work/nGit/projects/solar_build_test/solar/old_root-9.0.1/bin_src/solarmain-9.0.1/src/maximize.cc
In file included from /home/wb/Work/nGit/projects/solar_build_test/solar/old_root-9.0.1/bin_src/solarmain-9.0.1/src/maximize.cc:13:
/home/wb/Work/nGit/projects/solar_build_test/solar/old_root-9.0.1/bin_src/solarmain-9.0.1/src/solar.h: In static member function ‘static int Pedigree::SexVar(int)’:
/home/wb/Work/nGit/projects/solar_build_test/solar/old_root-9.0.1/bin_src/solarmain-9.0.1/src/solar.h:1203:59: warning: no return statement in function returning non-void [-Wreturn-type]
 1203 |     static int SexVar (int SexStatus) {_Has_Sex=SexStatus;}
      |                                                           ^
/home/wb/Work/nGit/projects/solar_build_test/solar/old_root-9.0.1/bin_src/solarmain-9.0.1/src/maximize.cc: In static member function ‘static int Loglike::max_inside_outdir(Tcl_Interp*, const char*)’:
/home/wb/Work/nGit/projects/solar_build_test/solar/old_root-9.0.1/bin_src/solarmain-9.0.1/src/maximize.cc:551:16: warning: ignoring return value of ‘int system(const char*)’ declared with attribute ‘warn_unused_result’ [-Wunused-result]
  551 |         system (combuf);
      |         ~~~~~~~^~~~~~~~
/home/wb/Work/nGit/projects/solar_build_test/solar/old_root-9.0.1/bin_src/solarmain-9.0.1/src/maximize.cc:552:16: warning: ignoring return value of ‘int system(const char*)’ declared with attribute ‘warn_unused_result’ [-Wunused-result]
  552 |         system ("rm -f solar.smp houseinfo.tmp solar.hst");
      |         ~~~~~~~^~~~~~~~~~~~~~~~~~~~~~~~~~~~~~~~~~~~~~~~~~~
/home/wb/Work/nGit/projects/solar_build_test/solar/old_root-9.0.1/bin_src/solarmain-9.0.1/src/maximize.cc:557:16: warning: ignoring return value of ‘int system(const char*)’ declared with attribute ‘warn_unused_result’ [-Wunused-result]
  557 |         system (combuf);
      |         ~~~~~~~^~~~~~~~
/home/wb/Work/nGit/projects/solar_build_test/solar/old_root-9.0.1/bin_src/solarmain-9.0.1/src/maximize.cc:558:16: warning: ignoring return value of ‘int system(const char*)’ declared with attribute ‘warn_unused_result’ [-Wunused-result]
  558 |         system ("rm -f solar.smp solar.hst");
      |         ~~~~~~~^~~~~~~~~~~~~~~~~~~~~~~~~~~~~
/usr/bin/g++ -c -O2  -std=c++11 -fopenmp  -m64 -I../lib -I/home/wb/Work/nGit/projects/solar_build_test/solar/old_root-9.0.1/bin_src/solarmain-9.0.1/include -DUSE_SAFELIB -fexceptions -DTR1 -DLINUX64 -DUSE_SAFELIB   -o /home/wb/Work/nGit/projects/solar_build_test/solar/old_root-9.0.1/bin_src/solarmain-9.0.1/src/mibd.o /home/wb/Work/nGit/projects/solar_build_test/solar/old_root-9.0.1/bin_src/solarmain-9.0.1/src/mibd.cc
In file included from /home/wb/Work/nGit/projects/solar_build_test/solar/old_root-9.0.1/bin_src/solarmain-9.0.1/src/mibd.cc:16:
/home/wb/Work/nGit/projects/solar_build_test/solar/old_root-9.0.1/bin_src/solarmain-9.0.1/src/solar.h: In static member function ‘static int Pedigree::SexVar(int)’:
/home/wb/Work/nGit/projects/solar_build_test/solar/old_root-9.0.1/bin_src/solarmain-9.0.1/src/solar.h:1203:59: warning: no return statement in function returning non-void [-Wreturn-type]
 1203 |     static int SexVar (int SexStatus) {_Has_Sex=SexStatus;}
      |                                                           ^
/home/wb/Work/nGit/projects/solar_build_test/solar/old_root-9.0.1/bin_src/solarmain-9.0.1/src/mibd.cc: In function ‘int _ZL9run_mergeP10Tcl_Interp.part.0(Tcl_Interp*)’:
/home/wb/Work/nGit/projects/solar_build_test/solar/old_root-9.0.1/bin_src/solarmain-9.0.1/src/mibd.cc:531:37: warning: ‘%s’ directive writing up to 1023 bytes into a region of size 1012 [-Wformat-overflow=]
  531 |     sprintf(merge_cmd, "exec mrgibd %s %s %s > mrgibd.out",
      |                                     ^~
In file included from /usr/include/stdio.h:894,
                 from /home/wb/Work/nGit/projects/solar_build_test/solar/old_root-9.0.1/bin_src/solarmain-9.0.1/src/mibd.cc:12:
/usr/include/x86_64-linux-gnu/bits/stdio2.h:38:34: note: ‘__builtin___sprintf_chk’ output between 28 and 3097 bytes into a destination of size 1024
   38 |   return __builtin___sprintf_chk (__s, __USE_FORTIFY_LEVEL - 1,
      |          ~~~~~~~~~~~~~~~~~~~~~~~~^~~~~~~~~~~~~~~~~~~~~~~~~~~~~~
   39 |                                   __glibc_objsize (__s), __fmt,
      |                                   ~~~~~~~~~~~~~~~~~~~~~~~~~~~~~
   40 |                                   __va_arg_pack ());
      |                                   ~~~~~~~~~~~~~~~~~
/home/wb/Work/nGit/projects/solar_build_test/solar/old_root-9.0.1/bin_src/solarmain-9.0.1/src/mibd.cc: In function ‘int run_means(Tcl_Interp*, bool)’:
/home/wb/Work/nGit/projects/solar_build_test/solar/old_root-9.0.1/bin_src/solarmain-9.0.1/src/mibd.cc:564:20: warning: ‘%s’ directive writing up to 1023 bytes into a region of size 1010 [-Wformat-overflow=]
  564 |     "exec getmeans %s/mibdchr%s.mrg.gz %s/mibdchr%s.mean %d %c > getmeans.out",
      |                    ^~
  565 |             mibddir, currentMap->chrnum(), mibddir, currentMap->chrnum(),
      |             ~~~~~~~ 
In file included from /usr/include/stdio.h:894,
                 from /home/wb/Work/nGit/projects/solar_build_test/solar/old_root-9.0.1/bin_src/solarmain-9.0.1/src/mibd.cc:12:
/usr/include/x86_64-linux-gnu/bits/stdio2.h:38:34: note: ‘__builtin___sprintf_chk’ output between 63 and 4165 bytes into a destination of size 1024
   38 |   return __builtin___sprintf_chk (__s, __USE_FORTIFY_LEVEL - 1,
      |          ~~~~~~~~~~~~~~~~~~~~~~~~^~~~~~~~~~~~~~~~~~~~~~~~~~~~~~
   39 |                                   __glibc_objsize (__s), __fmt,
      |                                   ~~~~~~~~~~~~~~~~~~~~~~~~~~~~~
   40 |                                   __va_arg_pack ());
      |                                   ~~~~~~~~~~~~~~~~~
/home/wb/Work/nGit/projects/solar_build_test/solar/old_root-9.0.1/bin_src/solarmain-9.0.1/src/mibd.cc: In function ‘int MibdCmd(ClientData, Tcl_Interp*, int, char**)’:
/home/wb/Work/nGit/projects/solar_build_test/solar/old_root-9.0.1/bin_src/solarmain-9.0.1/src/mibd.cc:183:32: warning: ‘/mibdchr’ directive writing 8 bytes into a region of size between 1 and 1024 [-Wformat-overflow=]
  183 |             sprintf(infile, "%s/mibdchr%s.mrg.gz", mibddir,
      |                                ^~~~~~~~
In file included from /usr/include/stdio.h:894,
                 from /home/wb/Work/nGit/projects/solar_build_test/solar/old_root-9.0.1/bin_src/solarmain-9.0.1/src/mibd.cc:12:
/usr/include/x86_64-linux-gnu/bits/stdio2.h:38:34: note: ‘__builtin___sprintf_chk’ output between 16 and 2062 bytes into a destination of size 1024
   38 |   return __builtin___sprintf_chk (__s, __USE_FORTIFY_LEVEL - 1,
      |          ~~~~~~~~~~~~~~~~~~~~~~~~^~~~~~~~~~~~~~~~~~~~~~~~~~~~~~
   39 |                                   __glibc_objsize (__s), __fmt,
      |                                   ~~~~~~~~~~~~~~~~~~~~~~~~~~~~~
   40 |                                   __va_arg_pack ());
      |                                   ~~~~~~~~~~~~~~~~~
/home/wb/Work/nGit/projects/solar_build_test/solar/old_root-9.0.1/bin_src/solarmain-9.0.1/src/mibd.cc:206:40: warning: ‘/ibd.’ directive writing 5 bytes into a region of size between 1 and 1024 [-Wformat-overflow=]
  206 |                     sprintf(infile, "%s/ibd.%s.gz", ibddir,
      |                                        ^~~~~
In file included from /usr/include/stdio.h:894,
                 from /home/wb/Work/nGit/projects/solar_build_test/solar/old_root-9.0.1/bin_src/solarmain-9.0.1/src/mibd.cc:12:
/usr/include/x86_64-linux-gnu/bits/stdio2.h:38:34: note: ‘__builtin___sprintf_chk’ output between 9 and 1052 bytes into a destination of size 1024
   38 |   return __builtin___sprintf_chk (__s, __USE_FORTIFY_LEVEL - 1,
      |          ~~~~~~~~~~~~~~~~~~~~~~~~^~~~~~~~~~~~~~~~~~~~~~~~~~~~~~
   39 |                                   __glibc_objsize (__s), __fmt,
      |                                   ~~~~~~~~~~~~~~~~~~~~~~~~~~~~~
   40 |                                   __va_arg_pack ());
      |                                   ~~~~~~~~~~~~~~~~~
/home/wb/Work/nGit/projects/solar_build_test/solar/old_root-9.0.1/bin_src/solarmain-9.0.1/src/mibd.cc:226:32: warning: ‘/mibdchr’ directive writing 8 bytes into a region of size between 1 and 1024 [-Wformat-overflow=]
  226 |             sprintf(infile, "%s/mibdchr%s.mean", mibddir,
      |                                ^~~~~~~~
In file included from /usr/include/stdio.h:894,
                 from /home/wb/Work/nGit/projects/solar_build_test/solar/old_root-9.0.1/bin_src/solarmain-9.0.1/src/mibd.cc:12:
/usr/include/x86_64-linux-gnu/bits/stdio2.h:38:34: note: ‘__builtin___sprintf_chk’ output between 14 and 2060 bytes into a destination of size 1024
   38 |   return __builtin___sprintf_chk (__s, __USE_FORTIFY_LEVEL - 1,
      |          ~~~~~~~~~~~~~~~~~~~~~~~~^~~~~~~~~~~~~~~~~~~~~~~~~~~~~~
   39 |                                   __glibc_objsize (__s), __fmt,
      |                                   ~~~~~~~~~~~~~~~~~~~~~~~~~~~~~
   40 |                                   __va_arg_pack ());
      |                                   ~~~~~~~~~~~~~~~~~
/home/wb/Work/nGit/projects/solar_build_test/solar/old_root-9.0.1/bin_src/solarmain-9.0.1/src/mibd.cc:312:27: warning: ‘/mibdchr’ directive writing 8 bytes into a region of size between 1 and 1024 [-Wformat-overflow=]
  312 |         sprintf(fname, "%s/mibdchr%s.loc", mibddir, currentMap->chrnum());
      |                           ^~~~~~~~
In file included from /usr/include/stdio.h:894,
                 from /home/wb/Work/nGit/projects/solar_build_test/solar/old_root-9.0.1/bin_src/solarmain-9.0.1/src/mibd.cc:12:
/usr/include/x86_64-linux-gnu/bits/stdio2.h:38:34: note: ‘__builtin___sprintf_chk’ output between 13 and 2059 bytes into a destination of size 1024
   38 |   return __builtin___sprintf_chk (__s, __USE_FORTIFY_LEVEL - 1,
      |          ~~~~~~~~~~~~~~~~~~~~~~~~^~~~~~~~~~~~~~~~~~~~~~~~~~~~~~
   39 |                                   __glibc_objsize (__s), __fmt,
      |                                   ~~~~~~~~~~~~~~~~~~~~~~~~~~~~~
   40 |                                   __va_arg_pack ());
      |                                   ~~~~~~~~~~~~~~~~~
/home/wb/Work/nGit/projects/solar_build_test/solar/old_root-9.0.1/bin_src/solarmain-9.0.1/src/mibd.cc:332:63: warning: ‘%s’ directive writing up to 1023 bytes into a region of size 991 [-Wformat-overflow=]
  332 |                             "Unrecognized mapping function in %s.", fname);
      |                                                               ^~    ~~~~~
In file included from /usr/include/stdio.h:894,
                 from /home/wb/Work/nGit/projects/solar_build_test/solar/old_root-9.0.1/bin_src/solarmain-9.0.1/src/mibd.cc:12:
/usr/include/x86_64-linux-gnu/bits/stdio2.h:38:34: note: ‘__builtin___sprintf_chk’ output between 35 and 1058 bytes into a destination of size 1024
   38 |   return __builtin___sprintf_chk (__s, __USE_FORTIFY_LEVEL - 1,
      |          ~~~~~~~~~~~~~~~~~~~~~~~~^~~~~~~~~~~~~~~~~~~~~~~~~~~~~~
   39 |                                   __glibc_objsize (__s), __fmt,
      |                                   ~~~~~~~~~~~~~~~~~~~~~~~~~~~~~
   40 |                                   __va_arg_pack ());
      |                                   ~~~~~~~~~~~~~~~~~
/home/wb/Work/nGit/projects/solar_build_test/solar/old_root-9.0.1/bin_src/solarmain-9.0.1/src/mibd.cc:318:48: warning: ‘%s’ directive writing up to 1023 bytes into a region of size 1010 [-Wformat-overflow=]
  318 |                 sprintf(errmsg, "Error reading %s.", fname);
      |                                                ^~    ~~~~~
In file included from /usr/include/stdio.h:894,
                 from /home/wb/Work/nGit/projects/solar_build_test/solar/old_root-9.0.1/bin_src/solarmain-9.0.1/src/mibd.cc:12:
/usr/include/x86_64-linux-gnu/bits/stdio2.h:38:34: note: ‘__builtin___sprintf_chk’ output between 16 and 1039 bytes into a destination of size 1024
   38 |   return __builtin___sprintf_chk (__s, __USE_FORTIFY_LEVEL - 1,
      |          ~~~~~~~~~~~~~~~~~~~~~~~~^~~~~~~~~~~~~~~~~~~~~~~~~~~~~~
   39 |                                   __glibc_objsize (__s), __fmt,
      |                                   ~~~~~~~~~~~~~~~~~~~~~~~~~~~~~
   40 |                                   __va_arg_pack ());
      |                                   ~~~~~~~~~~~~~~~~~
/home/wb/Work/nGit/projects/solar_build_test/solar/old_root-9.0.1/bin_src/solarmain-9.0.1/src/mibd.cc:419:16: warning: ‘%s’ directive writing up to 1023 bytes into a region of size 1010 [-Wformat-overflow=]
  419 | "exec multipnt %s/mibdchr%s.loc %s/mibdchr%s.mrg.gz %s/mibdchr%s.mean %f %s %f %c >& multipnt.out",
      |                ^~
  420 |                     mibddir, currentMap->chrnum(),
      |                     ~~~~~~~
/home/wb/Work/nGit/projects/solar_build_test/solar/old_root-9.0.1/bin_src/solarmain-9.0.1/src/mibd.cc:419:1: note: assuming directive output of 8 bytes
  419 | "exec multipnt %s/mibdchr%s.loc %s/mibdchr%s.mrg.gz %s/mibdchr%s.mean %f %s %f %c >& multipnt.out",
      | ^~~~~~~~~~~~~~~~~~~~~~~~~~~~~~~~~~~~~~~~~~~~~~~~~~~~~~~~~~~~~~~~~~~~~~~~~~~~~~~~~~~~~~~~~~~~~~~~~~
/home/wb/Work/nGit/projects/solar_build_test/solar/old_root-9.0.1/bin_src/solarmain-9.0.1/src/mibd.cc:419:1: note: assuming directive output of 8 bytes
In file included from /usr/include/stdio.h:894,
                 from /home/wb/Work/nGit/projects/solar_build_test/solar/old_root-9.0.1/bin_src/solarmain-9.0.1/src/mibd.cc:12:
/usr/include/x86_64-linux-gnu/bits/stdio2.h:38:34: note: ‘__builtin___sprintf_chk’ output 84 or more bytes (assuming 6232) into a destination of size 1024
   38 |   return __builtin___sprintf_chk (__s, __USE_FORTIFY_LEVEL - 1,
      |          ~~~~~~~~~~~~~~~~~~~~~~~~^~~~~~~~~~~~~~~~~~~~~~~~~~~~~~
   39 |                                   __glibc_objsize (__s), __fmt,
      |                                   ~~~~~~~~~~~~~~~~~~~~~~~~~~~~~
   40 |                                   __va_arg_pack ());
      |                                   ~~~~~~~~~~~~~~~~~
/home/wb/Work/nGit/projects/solar_build_test/solar/old_root-9.0.1/bin_src/solarmain-9.0.1/src/mibd.cc:439:34: warning: ‘%s’ directive writing up to 1023 bytes into a region of size 1019 [-Wformat-overflow=]
  439 |             sprintf(fname, "mibd.%s.%s", currentMap->chrnum(), clocn);
      |                                  ^~
In file included from /usr/include/stdio.h:894,
                 from /home/wb/Work/nGit/projects/solar_build_test/solar/old_root-9.0.1/bin_src/solarmain-9.0.1/src/mibd.cc:12:
/usr/include/x86_64-linux-gnu/bits/stdio2.h:38:34: note: ‘__builtin___sprintf_chk’ output 7 or more bytes (assuming 1030) into a destination of size 1024
   38 |   return __builtin___sprintf_chk (__s, __USE_FORTIFY_LEVEL - 1,
      |          ~~~~~~~~~~~~~~~~~~~~~~~~^~~~~~~~~~~~~~~~~~~~~~~~~~~~~~
   39 |                                   __glibc_objsize (__s), __fmt,
      |                                   ~~~~~~~~~~~~~~~~~~~~~~~~~~~~~
   40 |                                   __va_arg_pack ());
      |                                   ~~~~~~~~~~~~~~~~~
/home/wb/Work/nGit/projects/solar_build_test/solar/old_root-9.0.1/bin_src/solarmain-9.0.1/src/mibd.cc:440:49: warning: ‘%s’ directive writing up to 1023 bytes into a region of size 1007 [-Wformat-overflow=]
  440 |             sprintf(mibd_cmd, "exec mv mibd.out %s/%s", mibddir, fname);
      |                                                 ^~      ~~~~~~~
In file included from /usr/include/stdio.h:894,
                 from /home/wb/Work/nGit/projects/solar_build_test/solar/old_root-9.0.1/bin_src/solarmain-9.0.1/src/mibd.cc:12:
/usr/include/x86_64-linux-gnu/bits/stdio2.h:38:34: note: ‘__builtin___sprintf_chk’ output between 19 and 2065 bytes into a destination of size 1024
   38 |   return __builtin___sprintf_chk (__s, __USE_FORTIFY_LEVEL - 1,
      |          ~~~~~~~~~~~~~~~~~~~~~~~~^~~~~~~~~~~~~~~~~~~~~~~~~~~~~~
   39 |                                   __glibc_objsize (__s), __fmt,
      |                                   ~~~~~~~~~~~~~~~~~~~~~~~~~~~~~
   40 |                                   __va_arg_pack ());
      |                                   ~~~~~~~~~~~~~~~~~
/home/wb/Work/nGit/projects/solar_build_test/solar/old_root-9.0.1/bin_src/solarmain-9.0.1/src/mibd.cc:446:45: warning: ‘%s’ directive writing up to 1023 bytes into a region of size 1011 [-Wformat-overflow=]
  446 |             sprintf(mibd_cmd, "exec gzip -f %s/%s", mibddir, fname);
      |                                             ^~      ~~~~~~~
In file included from /usr/include/stdio.h:894,
                 from /home/wb/Work/nGit/projects/solar_build_test/solar/old_root-9.0.1/bin_src/solarmain-9.0.1/src/mibd.cc:12:
/usr/include/x86_64-linux-gnu/bits/stdio2.h:38:34: note: ‘__builtin___sprintf_chk’ output between 15 and 2061 bytes into a destination of size 1024
   38 |   return __builtin___sprintf_chk (__s, __USE_FORTIFY_LEVEL - 1,
      |          ~~~~~~~~~~~~~~~~~~~~~~~~^~~~~~~~~~~~~~~~~~~~~~~~~~~~~~
   39 |                                   __glibc_objsize (__s), __fmt,
      |                                   ~~~~~~~~~~~~~~~~~~~~~~~~~~~~~
   40 |                                   __va_arg_pack ());
      |                                   ~~~~~~~~~~~~~~~~~
/home/wb/Work/nGit/projects/solar_build_test/solar/old_root-9.0.1/bin_src/solarmain-9.0.1/src/mibd.cc:452:40: warning: ‘%s’ directive writing up to 1023 bytes into a region of size 1017 [-Wformat-overflow=]
  452 |             sprintf (mibd_cmd, "matcrc %s/%s.gz", mibddir, fname);
      |                                        ^~         ~~~~~~~
In file included from /usr/include/stdio.h:894,
                 from /home/wb/Work/nGit/projects/solar_build_test/solar/old_root-9.0.1/bin_src/solarmain-9.0.1/src/mibd.cc:12:
/usr/include/x86_64-linux-gnu/bits/stdio2.h:38:34: note: ‘__builtin___sprintf_chk’ output between 12 and 2058 bytes into a destination of size 1024
   38 |   return __builtin___sprintf_chk (__s, __USE_FORTIFY_LEVEL - 1,
      |          ~~~~~~~~~~~~~~~~~~~~~~~~^~~~~~~~~~~~~~~~~~~~~~~~~~~~~~
   39 |                                   __glibc_objsize (__s), __fmt,
      |                                   ~~~~~~~~~~~~~~~~~~~~~~~~~~~~~
   40 |                                   __va_arg_pack ());
      |                                   ~~~~~~~~~~~~~~~~~
/home/wb/Work/nGit/projects/solar_build_test/solar/old_root-9.0.1/bin_src/solarmain-9.0.1/src/mibd.cc:358:42: warning: ‘%s’ directive writing up to 1023 bytes into a region of size 1012 [-Wformat-overflow=]
  358 |             sprintf(errmsg, "Cannot open %s.", fname);
      |                                          ^~    ~~~~~
In file included from /usr/include/stdio.h:894,
                 from /home/wb/Work/nGit/projects/solar_build_test/solar/old_root-9.0.1/bin_src/solarmain-9.0.1/src/mibd.cc:12:
/usr/include/x86_64-linux-gnu/bits/stdio2.h:38:34: note: ‘__builtin___sprintf_chk’ output between 14 and 1037 bytes into a destination of size 1024
   38 |   return __builtin___sprintf_chk (__s, __USE_FORTIFY_LEVEL - 1,
      |          ~~~~~~~~~~~~~~~~~~~~~~~~^~~~~~~~~~~~~~~~~~~~~~~~~~~~~~
   39 |                                   __glibc_objsize (__s), __fmt,
      |                                   ~~~~~~~~~~~~~~~~~~~~~~~~~~~~~
   40 |                                   __va_arg_pack ());
      |                                   ~~~~~~~~~~~~~~~~~
/home/wb/Work/nGit/projects/solar_build_test/solar/old_root-9.0.1/bin_src/solarmain-9.0.1/src/mibd.cc:292:48: warning: ‘%s’ directive writing up to 1023 bytes into a region of size 1008 [-Wformat-overflow=]
  292 |             sprintf(mibd_cmd, "exec dommsibs y %s %f %f %f",
      |                                                ^~
/home/wb/Work/nGit/projects/solar_build_test/solar/old_root-9.0.1/bin_src/solarmain-9.0.1/src/mibd.cc:292:31: note: assuming directive output of 8 bytes
  292 |             sprintf(mibd_cmd, "exec dommsibs y %s %f %f %f",
      |                               ^~~~~~~~~~~~~~~~~~~~~~~~~~~~~
/home/wb/Work/nGit/projects/solar_build_test/solar/old_root-9.0.1/bin_src/solarmain-9.0.1/src/mibd.cc:292:31: note: assuming directive output of 8 bytes
/home/wb/Work/nGit/projects/solar_build_test/solar/old_root-9.0.1/bin_src/solarmain-9.0.1/src/mibd.cc:292:31: note: assuming directive output of 8 bytes
In file included from /usr/include/stdio.h:894,
                 from /home/wb/Work/nGit/projects/solar_build_test/solar/old_root-9.0.1/bin_src/solarmain-9.0.1/src/mibd.cc:12:
/usr/include/x86_64-linux-gnu/bits/stdio2.h:38:34: note: ‘__builtin___sprintf_chk’ output between 29 and 1994 bytes into a destination of size 1024
   38 |   return __builtin___sprintf_chk (__s, __USE_FORTIFY_LEVEL - 1,
      |          ~~~~~~~~~~~~~~~~~~~~~~~~^~~~~~~~~~~~~~~~~~~~~~~~~~~~~~
   39 |                                   __glibc_objsize (__s), __fmt,
      |                                   ~~~~~~~~~~~~~~~~~~~~~~~~~~~~~
   40 |                                   __va_arg_pack ());
      |                                   ~~~~~~~~~~~~~~~~~
/usr/bin/g++ -c -O2  -std=c++11 -fopenmp  -m64 -I../lib -I/home/wb/Work/nGit/projects/solar_build_test/solar/old_root-9.0.1/bin_src/solarmain-9.0.1/include -DUSE_SAFELIB -fexceptions -DTR1 -DLINUX64 -DUSE_SAFELIB   -o /home/wb/Work/nGit/projects/solar_build_test/solar/old_root-9.0.1/bin_src/solarmain-9.0.1/src/model.o /home/wb/Work/nGit/projects/solar_build_test/solar/old_root-9.0.1/bin_src/solarmain-9.0.1/src/model.cc
In file included from /home/wb/Work/nGit/projects/solar_build_test/solar/old_root-9.0.1/bin_src/solarmain-9.0.1/src/model.cc:14:
/home/wb/Work/nGit/projects/solar_build_test/solar/old_root-9.0.1/bin_src/solarmain-9.0.1/src/solar.h: In static member function ‘static int Pedigree::SexVar(int)’:
/home/wb/Work/nGit/projects/solar_build_test/solar/old_root-9.0.1/bin_src/solarmain-9.0.1/src/solar.h:1203:59: warning: no return statement in function returning non-void [-Wreturn-type]
 1203 |     static int SexVar (int SexStatus) {_Has_Sex=SexStatus;}
      |                                                           ^
/usr/bin/g++ -c -O2  -std=c++11 -fopenmp  -m64 -I../lib -I/home/wb/Work/nGit/projects/solar_build_test/solar/old_root-9.0.1/bin_src/solarmain-9.0.1/include -DUSE_SAFELIB -fexceptions -DTR1 -DLINUX64 -DUSE_SAFELIB   -o /home/wb/Work/nGit/projects/solar_build_test/solar/old_root-9.0.1/bin_src/solarmain-9.0.1/src/mu.o /home/wb/Work/nGit/projects/solar_build_test/solar/old_root-9.0.1/bin_src/solarmain-9.0.1/src/mu.cc
In file included from /home/wb/Work/nGit/projects/solar_build_test/solar/old_root-9.0.1/bin_src/solarmain-9.0.1/src/mu.cc:10:
/home/wb/Work/nGit/projects/solar_build_test/solar/old_root-9.0.1/bin_src/solarmain-9.0.1/src/solar.h: In static member function ‘static int Pedigree::SexVar(int)’:
/home/wb/Work/nGit/projects/solar_build_test/solar/old_root-9.0.1/bin_src/solarmain-9.0.1/src/solar.h:1203:59: warning: no return statement in function returning non-void [-Wreturn-type]
 1203 |     static int SexVar (int SexStatus) {_Has_Sex=SexStatus;}
      |                                                           ^
/usr/bin/g++ -c -O2  -std=c++11 -fopenmp  -m64 -I../lib -I/home/wb/Work/nGit/projects/solar_build_test/solar/old_root-9.0.1/bin_src/solarmain-9.0.1/include -DUSE_SAFELIB -fexceptions -DTR1 -DLINUX64 -DUSE_SAFELIB   -o /home/wb/Work/nGit/projects/solar_build_test/solar/old_root-9.0.1/bin_src/solarmain-9.0.1/src/nifti_assemble.o /home/wb/Work/nGit/projects/solar_build_test/solar/old_root-9.0.1/bin_src/solarmain-9.0.1/src/nifti_assemble.cc
/usr/bin/g++ -c -O2  -std=c++11 -fopenmp  -m64 -I../lib -I/home/wb/Work/nGit/projects/solar_build_test/solar/old_root-9.0.1/bin_src/solarmain-9.0.1/include -DUSE_SAFELIB -fexceptions -DTR1 -DLINUX64 -DUSE_SAFELIB   -o /home/wb/Work/nGit/projects/solar_build_test/solar/old_root-9.0.1/bin_src/solarmain-9.0.1/src/nifti_to_csv.o /home/wb/Work/nGit/projects/solar_build_test/solar/old_root-9.0.1/bin_src/solarmain-9.0.1/src/nifti_to_csv.cc
In file included from /home/wb/Work/nGit/projects/solar_build_test/solar/old_root-9.0.1/bin_src/solarmain-9.0.1/src/nifti_to_csv.cc:14:
/home/wb/Work/nGit/projects/solar_build_test/solar/old_root-9.0.1/bin_src/solarmain-9.0.1/src/solar.h: In static member function ‘static int Pedigree::SexVar(int)’:
/home/wb/Work/nGit/projects/solar_build_test/solar/old_root-9.0.1/bin_src/solarmain-9.0.1/src/solar.h:1203:59: warning: no return statement in function returning non-void [-Wreturn-type]
 1203 |     static int SexVar (int SexStatus) {_Has_Sex=SexStatus;}
      |                                                           ^
In file included from /home/wb/Work/nGit/projects/solar_build_test/solar/old_root-9.0.1/bin_src/solarmain-9.0.1/src/nifti_to_csv.cc:15:
/home/wb/Work/nGit/projects/solar_build_test/solar/old_root-9.0.1/bin_src/solarmain-9.0.1/include/RicVolumeSet.h: At global scope:
/home/wb/Work/nGit/projects/solar_build_test/solar/old_root-9.0.1/bin_src/solarmain-9.0.1/include/RicVolumeSet.h:54:1: warning: ‘typedef’ was ignored in this declaration
   54 | typedef struct NIFTI_Orient {
      | ^~~~~~~
/usr/bin/g++ -c -O2  -std=c++11 -fopenmp  -m64 -I../lib -I/home/wb/Work/nGit/projects/solar_build_test/solar/old_root-9.0.1/bin_src/solarmain-9.0.1/include -DUSE_SAFELIB -fexceptions -DTR1 -DLINUX64 -DUSE_SAFELIB   -o /home/wb/Work/nGit/projects/solar_build_test/solar/old_root-9.0.1/bin_src/solarmain-9.0.1/src/normal.o /home/wb/Work/nGit/projects/solar_build_test/solar/old_root-9.0.1/bin_src/solarmain-9.0.1/src/normal.cc
In file included from /home/wb/Work/nGit/projects/solar_build_test/solar/old_root-9.0.1/bin_src/solarmain-9.0.1/src/normal.cc:9:
/home/wb/Work/nGit/projects/solar_build_test/solar/old_root-9.0.1/bin_src/solarmain-9.0.1/src/solar.h: In static member function ‘static int Pedigree::SexVar(int)’:
/home/wb/Work/nGit/projects/solar_build_test/solar/old_root-9.0.1/bin_src/solarmain-9.0.1/src/solar.h:1203:59: warning: no return statement in function returning non-void [-Wreturn-type]
 1203 |     static int SexVar (int SexStatus) {_Has_Sex=SexStatus;}
      |                                                           ^
/home/wb/Work/nGit/projects/solar_build_test/solar/old_root-9.0.1/bin_src/solarmain-9.0.1/src/normal.cc: In function ‘int NormalCmd(ClientData, Tcl_Interp*, int, char**)’:
/home/wb/Work/nGit/projects/solar_build_test/solar/old_root-9.0.1/bin_src/solarmain-9.0.1/src/normal.cc:59:24: warning: format ‘%g’ expects argument of type ‘float*’, but argument 3 has type ‘double*’ [-Wformat=]
   59 |         sscanf (buf, "%g", &ftest);
      |                       ~^   ~~~~~~
      |                        |   |
      |                        |   double*
      |                        float*
      |                       %lg
/usr/bin/g++ -c -O2  -std=c++11 -fopenmp  -m64 -I../lib -I/home/wb/Work/nGit/projects/solar_build_test/solar/old_root-9.0.1/bin_src/solarmain-9.0.1/include -DUSE_SAFELIB -fexceptions -DTR1 -DLINUX64 -DUSE_SAFELIB   -o /home/wb/Work/nGit/projects/solar_build_test/solar/old_root-9.0.1/bin_src/solarmain-9.0.1/src/omega.o /home/wb/Work/nGit/projects/solar_build_test/solar/old_root-9.0.1/bin_src/solarmain-9.0.1/src/omega.cc
In file included from /home/wb/Work/nGit/projects/solar_build_test/solar/old_root-9.0.1/bin_src/solarmain-9.0.1/src/omega.cc:9:
/home/wb/Work/nGit/projects/solar_build_test/solar/old_root-9.0.1/bin_src/solarmain-9.0.1/src/solar.h: In static member function ‘static int Pedigree::SexVar(int)’:
/home/wb/Work/nGit/projects/solar_build_test/solar/old_root-9.0.1/bin_src/solarmain-9.0.1/src/solar.h:1203:59: warning: no return statement in function returning non-void [-Wreturn-type]
 1203 |     static int SexVar (int SexStatus) {_Has_Sex=SexStatus;}
      |                                                           ^
/usr/bin/g++ -c -O2  -std=c++11 -fopenmp  -m64 -I../lib -I/home/wb/Work/nGit/projects/solar_build_test/solar/old_root-9.0.1/bin_src/solarmain-9.0.1/include -DUSE_SAFELIB -fexceptions -DTR1 -DLINUX64 -DUSE_SAFELIB   -o /home/wb/Work/nGit/projects/solar_build_test/solar/old_root-9.0.1/bin_src/solarmain-9.0.1/src/option.o /home/wb/Work/nGit/projects/solar_build_test/solar/old_root-9.0.1/bin_src/solarmain-9.0.1/src/option.cc
In file included from /home/wb/Work/nGit/projects/solar_build_test/solar/old_root-9.0.1/bin_src/solarmain-9.0.1/src/option.cc:11:
/home/wb/Work/nGit/projects/solar_build_test/solar/old_root-9.0.1/bin_src/solarmain-9.0.1/src/solar.h: In static member function ‘static int Pedigree::SexVar(int)’:
/home/wb/Work/nGit/projects/solar_build_test/solar/old_root-9.0.1/bin_src/solarmain-9.0.1/src/solar.h:1203:59: warning: no return statement in function returning non-void [-Wreturn-type]
 1203 |     static int SexVar (int SexStatus) {_Has_Sex=SexStatus;}
      |                                                           ^
/home/wb/Work/nGit/projects/solar_build_test/solar/old_root-9.0.1/bin_src/solarmain-9.0.1/src/option.cc: In static member function ‘static int Option::get_int(const char*)’:
/home/wb/Work/nGit/projects/solar_build_test/solar/old_root-9.0.1/bin_src/solarmain-9.0.1/src/option.cc:75:60: warning: format ‘%s’ expects argument of type ‘char*’, but argument 4 has type ‘char (*)[256]’ [-Wformat=]
   75 |             if (1 == sscanf (Option::index(i)->value, "%d %s", &integer,
      |                                                           ~^
      |                                                            |
      |                                                            char*
   76 |                              &dummy))
      |                              ~~~~~~                         
      |                              |
      |                              char (*)[256]
/home/wb/Work/nGit/projects/solar_build_test/solar/old_root-9.0.1/bin_src/solarmain-9.0.1/src/option.cc: In static member function ‘static double Option::get_double(const char*)’:
/home/wb/Work/nGit/projects/solar_build_test/solar/old_root-9.0.1/bin_src/solarmain-9.0.1/src/option.cc:169:61: warning: format ‘%s’ expects argument of type ‘char*’, but argument 4 has type ‘char (*)[256]’ [-Wformat=]
  169 |             if (1 == sscanf (Option::index(i)->value, "%lg %s", &d,
      |                                                            ~^
      |                                                             |
      |                                                             char*
  170 |                              &dummy))
      |                              ~~~~~~                          
      |                              |
      |                              char (*)[256]
/usr/bin/g++ -c -O2  -std=c++11 -fopenmp  -m64 -I../lib -I/home/wb/Work/nGit/projects/solar_build_test/solar/old_root-9.0.1/bin_src/solarmain-9.0.1/include -DUSE_SAFELIB -fexceptions -DTR1 -DLINUX64 -DUSE_SAFELIB   -o /home/wb/Work/nGit/projects/solar_build_test/solar/old_root-9.0.1/bin_src/solarmain-9.0.1/src/parameter.o /home/wb/Work/nGit/projects/solar_build_test/solar/old_root-9.0.1/bin_src/solarmain-9.0.1/src/parameter.cc
In file included from /home/wb/Work/nGit/projects/solar_build_test/solar/old_root-9.0.1/bin_src/solarmain-9.0.1/src/parameter.cc:5:
/home/wb/Work/nGit/projects/solar_build_test/solar/old_root-9.0.1/bin_src/solarmain-9.0.1/src/solar.h: In static member function ‘static int Pedigree::SexVar(int)’:
/home/wb/Work/nGit/projects/solar_build_test/solar/old_root-9.0.1/bin_src/solarmain-9.0.1/src/solar.h:1203:59: warning: no return statement in function returning non-void [-Wreturn-type]
 1203 |     static int SexVar (int SexStatus) {_Has_Sex=SexStatus;}
      |                                                           ^
/home/wb/Work/nGit/projects/solar_build_test/solar/old_root-9.0.1/bin_src/solarmain-9.0.1/src/parameter.cc: In function ‘int ParameterCmd(ClientData, Tcl_Interp*, int, char**)’:
/home/wb/Work/nGit/projects/solar_build_test/solar/old_root-9.0.1/bin_src/solarmain-9.0.1/src/parameter.cc:428:30: warning: zero-length gnu_printf format string [-Wformat-zero-length]
  428 |                 sprintf (buf,"");
      |                              ^~
/home/wb/Work/nGit/projects/solar_build_test/solar/old_root-9.0.1/bin_src/solarmain-9.0.1/src/parameter.cc:437:30: warning: zero-length gnu_printf format string [-Wformat-zero-length]
  437 |                 sprintf (buf,"");
      |                              ^~
/home/wb/Work/nGit/projects/solar_build_test/solar/old_root-9.0.1/bin_src/solarmain-9.0.1/src/parameter.cc:472:46: warning: format ‘%s’ expects argument of type ‘char*’, but argument 4 has type ‘char (*)[128]’ [-Wformat=]
  472 |         int count = sscanf (argv[i++], "%lg %s", &value, &junk);
      |                                             ~^           ~~~~~
      |                                              |           |
      |                                              char*       char (*)[128]
/usr/bin/g++ -c -O2  -std=c++11 -fopenmp  -m64 -I../lib -I/home/wb/Work/nGit/projects/solar_build_test/solar/old_root-9.0.1/bin_src/solarmain-9.0.1/include -DUSE_SAFELIB -fexceptions -DTR1 -DLINUX64 -DUSE_SAFELIB   -o /home/wb/Work/nGit/projects/solar_build_test/solar/old_root-9.0.1/bin_src/solarmain-9.0.1/src/pedifromsnps.o /home/wb/Work/nGit/projects/solar_build_test/solar/old_root-9.0.1/bin_src/solarmain-9.0.1/src/pedifromsnps.cc
In file included from /home/wb/Work/nGit/projects/solar_build_test/solar/old_root-9.0.1/bin_src/solarmain-9.0.1/src/pedifromsnps.cc:13:
/home/wb/Work/nGit/projects/solar_build_test/solar/old_root-9.0.1/bin_src/solarmain-9.0.1/src/solar.h: In static member function ‘static int Pedigree::SexVar(int)’:
/home/wb/Work/nGit/projects/solar_build_test/solar/old_root-9.0.1/bin_src/solarmain-9.0.1/src/solar.h:1203:59: warning: no return statement in function returning non-void [-Wreturn-type]
 1203 |     static int SexVar (int SexStatus) {_Has_Sex=SexStatus;}
      |                                                           ^
/usr/bin/g++ -c -O2  -std=c++11 -fopenmp  -m64 -I../lib -I/home/wb/Work/nGit/projects/solar_build_test/solar/old_root-9.0.1/bin_src/solarmain-9.0.1/include -DUSE_SAFELIB -fexceptions -DTR1 -DLINUX64 -DUSE_SAFELIB   -o /home/wb/Work/nGit/projects/solar_build_test/solar/old_root-9.0.1/bin_src/solarmain-9.0.1/src/pedigree.o /home/wb/Work/nGit/projects/solar_build_test/solar/old_root-9.0.1/bin_src/solarmain-9.0.1/src/pedigree.cc
In file included from /home/wb/Work/nGit/projects/solar_build_test/solar/old_root-9.0.1/bin_src/solarmain-9.0.1/src/pedigree.cc:11:
/home/wb/Work/nGit/projects/solar_build_test/solar/old_root-9.0.1/bin_src/solarmain-9.0.1/src/solar.h: In static member function ‘static int Pedigree::SexVar(int)’:
/home/wb/Work/nGit/projects/solar_build_test/solar/old_root-9.0.1/bin_src/solarmain-9.0.1/src/solar.h:1203:59: warning: no return statement in function returning non-void [-Wreturn-type]
 1203 |     static int SexVar (int SexStatus) {_Has_Sex=SexStatus;}
      |                                                           ^
/home/wb/Work/nGit/projects/solar_build_test/solar/old_root-9.0.1/bin_src/solarmain-9.0.1/src/pedigree.cc: In member function ‘bool Pedigree::get_stats(const char**)’:
/home/wb/Work/nGit/projects/solar_build_test/solar/old_root-9.0.1/bin_src/solarmain-9.0.1/src/pedigree.cc:507:23: warning: writing into constant object (argument 7) [-Wformat=]
  507 |                 sscanf(rec, "%d %d %d %d %c", &_ped[i]->nfam,
      |                 ~~~~~~^~~~~~~~~~~~~~~~~~~~~~~~~~~~~~~~~~~~~~~
  508 |                        &_ped[i]->nind, &_ped[i]->nfou, &_ped[i]->nlbrk,
      |                        ~~~~~~~~~~~~~~~~~~~~~~~~~~~~~~~~~~~~~~~~~~~~~~~~
  509 |                        &_ped[i]->inbred) != 5) {
      |                        ~~~~~~~~~~~~~~~~~
/home/wb/Work/nGit/projects/solar_build_test/solar/old_root-9.0.1/bin_src/solarmain-9.0.1/src/pedigree.cc: In member function ‘Marker* Pedigree::marker()’:
/home/wb/Work/nGit/projects/solar_build_test/solar/old_root-9.0.1/bin_src/solarmain-9.0.1/src/pedigree.cc:627:19: warning: ignoring return value of ‘int fscanf(FILE*, const char*, ...)’ declared with attribute ‘warn_unused_result’ [-Wunused-result]
  627 |             fscanf(fp, "%s", fname);
      |             ~~~~~~^~~~~~~~~~~~~~~~~
/usr/bin/g++ -c -O2  -std=c++11 -fopenmp  -m64 -I../lib -I/home/wb/Work/nGit/projects/solar_build_test/solar/old_root-9.0.1/bin_src/solarmain-9.0.1/include -DUSE_SAFELIB -fexceptions -DTR1 -DLINUX64 -DUSE_SAFELIB   -o /home/wb/Work/nGit/projects/solar_build_test/solar/old_root-9.0.1/bin_src/solarmain-9.0.1/src/phenotypes.o /home/wb/Work/nGit/projects/solar_build_test/solar/old_root-9.0.1/bin_src/solarmain-9.0.1/src/phenotypes.cc
In file included from /home/wb/Work/nGit/projects/solar_build_test/solar/old_root-9.0.1/bin_src/solarmain-9.0.1/src/phenotypes.cc:23:
/home/wb/Work/nGit/projects/solar_build_test/solar/old_root-9.0.1/bin_src/solarmain-9.0.1/src/solar.h: In static member function ‘static int Pedigree::SexVar(int)’:
/home/wb/Work/nGit/projects/solar_build_test/solar/old_root-9.0.1/bin_src/solarmain-9.0.1/src/solar.h:1203:59: warning: no return statement in function returning non-void [-Wreturn-type]
 1203 |     static int SexVar (int SexStatus) {_Has_Sex=SexStatus;}
      |                                                           ^
/home/wb/Work/nGit/projects/solar_build_test/solar/old_root-9.0.1/bin_src/solarmain-9.0.1/src/phenotypes.cc: In static member function ‘static int Phenotypes::build_index(Tcl_Interp*)’:
/home/wb/Work/nGit/projects/solar_build_test/solar/old_root-9.0.1/bin_src/solarmain-9.0.1/src/phenotypes.cc:715:38: warning: format ‘%d’ expects a matching ‘int’ argument [-Wformat=]
  715 |                              "Trait %d not found in any phenotypes file\n");
      |                                     ~^
      |                                      |
      |                                      int
/home/wb/Work/nGit/projects/solar_build_test/solar/old_root-9.0.1/bin_src/solarmain-9.0.1/src/phenotypes.cc: In static member function ‘static void Phenotypes::seek(const char*, const char*)’:
/home/wb/Work/nGit/projects/solar_build_test/solar/old_root-9.0.1/bin_src/solarmain-9.0.1/src/phenotypes.cc:1038:21: warning: format not a string literal and no format arguments [-Wformat-security]
 1038 |             printf (cbuf);  // Safe_Error_Return doesn't always work here
      |                     ^~~~
In file included from /usr/include/string.h:535,
                 from /home/wb/Work/nGit/projects/solar_build_test/solar/old_root-9.0.1/bin_src/solarmain-9.0.1/src/phenotypes.cc:19:
In function ‘char* strncat(char*, const char*, size_t)’,
    inlined from ‘static const char* Phenotypes::filenames()’ at /home/wb/Work/nGit/projects/solar_build_test/solar/old_root-9.0.1/bin_src/solarmain-9.0.1/src/phenotypes.cc:1216:14:
/usr/include/x86_64-linux-gnu/bits/string_fortified.h:138:34: warning: ‘char* __builtin___strncat_chk(char*, const char*, long unsigned int, long unsigned int)’ specified bound 800000 equals destination size [-Wstringop-overflow=]
  138 |   return __builtin___strncat_chk (__dest, __src, __len,
      |          ~~~~~~~~~~~~~~~~~~~~~~~~^~~~~~~~~~~~~~~~~~~~~~
  139 |                                   __glibc_objsize (__dest));
      |                                   ~~~~~~~~~~~~~~~~~~~~~~~~~
/usr/bin/g++ -c -O2  -std=c++11 -fopenmp  -m64 -I../lib -I/home/wb/Work/nGit/projects/solar_build_test/solar/old_root-9.0.1/bin_src/solarmain-9.0.1/include -DUSE_SAFELIB -fexceptions -DTR1 -DLINUX64 -DUSE_SAFELIB   -o /home/wb/Work/nGit/projects/solar_build_test/solar/old_root-9.0.1/bin_src/solarmain-9.0.1/src/plink_converter.o /home/wb/Work/nGit/projects/solar_build_test/solar/old_root-9.0.1/bin_src/solarmain-9.0.1/src/plink_converter.cc
In file included from /home/wb/Work/nGit/projects/solar_build_test/solar/old_root-9.0.1/bin_src/solarmain-9.0.1/src/plink_converter.cc:1:
/home/wb/Work/nGit/projects/solar_build_test/solar/old_root-9.0.1/bin_src/solarmain-9.0.1/src/solar.h: In static member function ‘static int Pedigree::SexVar(int)’:
/home/wb/Work/nGit/projects/solar_build_test/solar/old_root-9.0.1/bin_src/solarmain-9.0.1/src/solar.h:1203:59: warning: no return statement in function returning non-void [-Wreturn-type]
 1203 |     static int SexVar (int SexStatus) {_Has_Sex=SexStatus;}
      |                                                           ^
/usr/bin/g++ -c -O2  -std=c++11 -fopenmp  -m64 -I../lib -I/home/wb/Work/nGit/projects/solar_build_test/solar/old_root-9.0.1/bin_src/solarmain-9.0.1/include -DUSE_SAFELIB -fexceptions -DTR1 -DLINUX64 -DUSE_SAFELIB   -o /home/wb/Work/nGit/projects/solar_build_test/solar/old_root-9.0.1/bin_src/solarmain-9.0.1/src/power.o /home/wb/Work/nGit/projects/solar_build_test/solar/old_root-9.0.1/bin_src/solarmain-9.0.1/src/power.cc
In file included from /home/wb/Work/nGit/projects/solar_build_test/solar/old_root-9.0.1/bin_src/solarmain-9.0.1/src/power.cc:9:
/home/wb/Work/nGit/projects/solar_build_test/solar/old_root-9.0.1/bin_src/solarmain-9.0.1/src/solar.h: In static member function ‘static int Pedigree::SexVar(int)’:
/home/wb/Work/nGit/projects/solar_build_test/solar/old_root-9.0.1/bin_src/solarmain-9.0.1/src/solar.h:1203:59: warning: no return statement in function returning non-void [-Wreturn-type]
 1203 |     static int SexVar (int SexStatus) {_Has_Sex=SexStatus;}
      |                                                           ^
/usr/bin/g++ -c -O2  -std=c++11 -fopenmp  -m64 -I../lib -I/home/wb/Work/nGit/projects/solar_build_test/solar/old_root-9.0.1/bin_src/solarmain-9.0.1/include -DUSE_SAFELIB -fexceptions -DTR1 -DLINUX64 -DUSE_SAFELIB   -o /home/wb/Work/nGit/projects/solar_build_test/solar/old_root-9.0.1/bin_src/solarmain-9.0.1/src/reorder_phenotype.o /home/wb/Work/nGit/projects/solar_build_test/solar/old_root-9.0.1/bin_src/solarmain-9.0.1/src/reorder_phenotype.cc
In file included from /home/wb/Work/nGit/projects/solar_build_test/solar/old_root-9.0.1/bin_src/solarmain-9.0.1/src/reorder_phenotype.cc:8:
/home/wb/Work/nGit/projects/solar_build_test/solar/old_root-9.0.1/bin_src/solarmain-9.0.1/src/solar.h: In static member function ‘static int Pedigree::SexVar(int)’:
/home/wb/Work/nGit/projects/solar_build_test/solar/old_root-9.0.1/bin_src/solarmain-9.0.1/src/solar.h:1203:59: warning: no return statement in function returning non-void [-Wreturn-type]
 1203 |     static int SexVar (int SexStatus) {_Has_Sex=SexStatus;}
      |                                                           ^
/usr/bin/g++ -c -O2  -std=c++11 -fopenmp  -m64 -I../lib -I/home/wb/Work/nGit/projects/solar_build_test/solar/old_root-9.0.1/bin_src/solarmain-9.0.1/include -DUSE_SAFELIB -fexceptions -DTR1 -DLINUX64 -DUSE_SAFELIB   -o /home/wb/Work/nGit/projects/solar_build_test/solar/old_root-9.0.1/bin_src/solarmain-9.0.1/src/scale.o /home/wb/Work/nGit/projects/solar_build_test/solar/old_root-9.0.1/bin_src/solarmain-9.0.1/src/scale.cc
In file included from /home/wb/Work/nGit/projects/solar_build_test/solar/old_root-9.0.1/bin_src/solarmain-9.0.1/src/scale.cc:8:
/home/wb/Work/nGit/projects/solar_build_test/solar/old_root-9.0.1/bin_src/solarmain-9.0.1/src/solar.h: In static member function ‘static int Pedigree::SexVar(int)’:
/home/wb/Work/nGit/projects/solar_build_test/solar/old_root-9.0.1/bin_src/solarmain-9.0.1/src/solar.h:1203:59: warning: no return statement in function returning non-void [-Wreturn-type]
 1203 |     static int SexVar (int SexStatus) {_Has_Sex=SexStatus;}
      |                                                           ^
/home/wb/Work/nGit/projects/solar_build_test/solar/old_root-9.0.1/bin_src/solarmain-9.0.1/src/scale.cc: In function ‘int ScaleCmd(ClientData, Tcl_Interp*, int, char**)’:
/home/wb/Work/nGit/projects/solar_build_test/solar/old_root-9.0.1/bin_src/solarmain-9.0.1/src/scale.cc:95:48: warning: ‘%s’ directive writing up to 255 bytes into a region of size 239 [-Wformat-overflow=]
   95 |             sprintf (outbuf, "Scale adjustment %s is not numeric", buf);
      |                                                ^~                  ~~~
In file included from /usr/include/stdio.h:894,
                 from /home/wb/Work/nGit/projects/solar_build_test/solar/old_root-9.0.1/bin_src/solarmain-9.0.1/src/scale.cc:7:
/usr/include/x86_64-linux-gnu/bits/stdio2.h:38:34: note: ‘__builtin___sprintf_chk’ output between 33 and 288 bytes into a destination of size 256
   38 |   return __builtin___sprintf_chk (__s, __USE_FORTIFY_LEVEL - 1,
      |          ~~~~~~~~~~~~~~~~~~~~~~~~^~~~~~~~~~~~~~~~~~~~~~~~~~~~~~
   39 |                                   __glibc_objsize (__s), __fmt,
      |                                   ~~~~~~~~~~~~~~~~~~~~~~~~~~~~~
   40 |                                   __va_arg_pack ());
      |                                   ~~~~~~~~~~~~~~~~~
/usr/bin/g++ -c -O2  -std=c++11 -fopenmp  -m64 -I../lib -I/home/wb/Work/nGit/projects/solar_build_test/solar/old_root-9.0.1/bin_src/solarmain-9.0.1/include -DUSE_SAFELIB -fexceptions -DTR1 -DLINUX64 -DUSE_SAFELIB   -o /home/wb/Work/nGit/projects/solar_build_test/solar/old_root-9.0.1/bin_src/solarmain-9.0.1/src/scan.o /home/wb/Work/nGit/projects/solar_build_test/solar/old_root-9.0.1/bin_src/solarmain-9.0.1/src/scan.cc
/home/wb/Work/nGit/projects/solar_build_test/solar/old_root-9.0.1/bin_src/solarmain-9.0.1/src/scan.cc: In member function ‘Token* Scan::scan_constant()’:
/home/wb/Work/nGit/projects/solar_build_test/solar/old_root-9.0.1/bin_src/solarmain-9.0.1/src/scan.cc:280:36: warning: format ‘%s’ expects argument of type ‘char*’, but argument 4 has type ‘char (*)[1024]’ [-Wformat=]
  280 |     if (1 != sscanf (cstring, "%le%s", &value, &junk))
      |                                   ~^           ~~~~~
      |                                    |           |
      |                                    char*       char (*)[1024]
/usr/bin/g++ -c -O2  -std=c++11 -fopenmp  -m64 -I../lib -I/home/wb/Work/nGit/projects/solar_build_test/solar/old_root-9.0.1/bin_src/solarmain-9.0.1/include -DUSE_SAFELIB -fexceptions -DTR1 -DLINUX64 -DUSE_SAFELIB   -o /home/wb/Work/nGit/projects/solar_build_test/solar/old_root-9.0.1/bin_src/solarmain-9.0.1/src/scratchfile.o /home/wb/Work/nGit/projects/solar_build_test/solar/old_root-9.0.1/bin_src/solarmain-9.0.1/src/scratchfile.cc
In file included from /home/wb/Work/nGit/projects/solar_build_test/solar/old_root-9.0.1/bin_src/solarmain-9.0.1/src/scratchfile.cc:10:
/home/wb/Work/nGit/projects/solar_build_test/solar/old_root-9.0.1/bin_src/solarmain-9.0.1/src/solar.h: In static member function ‘static int Pedigree::SexVar(int)’:
/home/wb/Work/nGit/projects/solar_build_test/solar/old_root-9.0.1/bin_src/solarmain-9.0.1/src/solar.h:1203:59: warning: no return statement in function returning non-void [-Wreturn-type]
 1203 |     static int SexVar (int SexStatus) {_Has_Sex=SexStatus;}
      |                                                           ^
/usr/bin/g++ -c -O2  -std=c++11 -fopenmp  -m64 -I../lib -I/home/wb/Work/nGit/projects/solar_build_test/solar/old_root-9.0.1/bin_src/solarmain-9.0.1/include -DUSE_SAFELIB -fexceptions -DTR1 -DLINUX64 -DUSE_SAFELIB   -o /home/wb/Work/nGit/projects/solar_build_test/solar/old_root-9.0.1/bin_src/solarmain-9.0.1/src/simqtl.o /home/wb/Work/nGit/projects/solar_build_test/solar/old_root-9.0.1/bin_src/solarmain-9.0.1/src/simqtl.cc
In file included from /home/wb/Work/nGit/projects/solar_build_test/solar/old_root-9.0.1/bin_src/solarmain-9.0.1/src/simqtl.cc:8:
/home/wb/Work/nGit/projects/solar_build_test/solar/old_root-9.0.1/bin_src/solarmain-9.0.1/src/solar.h: In static member function ‘static int Pedigree::SexVar(int)’:
/home/wb/Work/nGit/projects/solar_build_test/solar/old_root-9.0.1/bin_src/solarmain-9.0.1/src/solar.h:1203:59: warning: no return statement in function returning non-void [-Wreturn-type]
 1203 |     static int SexVar (int SexStatus) {_Has_Sex=SexStatus;}
      |                                                           ^
/home/wb/Work/nGit/projects/solar_build_test/solar/old_root-9.0.1/bin_src/solarmain-9.0.1/src/simqtl.cc: In function ‘int SimqtlCmd(ClientData, Tcl_Interp*, int, char**)’:
/home/wb/Work/nGit/projects/solar_build_test/solar/old_root-9.0.1/bin_src/solarmain-9.0.1/src/simqtl.cc:166:34: warning: format ‘%d’ expects argument of type ‘int’, but argument 3 has type ‘long int’ [-Wformat=]
  166 |             sprintf(cmd, "drand %d\n", seed);
      |                                 ~^     ~~~~
      |                                  |     |
      |                                  int   long int
      |                                 %ld
/home/wb/Work/nGit/projects/solar_build_test/solar/old_root-9.0.1/bin_src/solarmain-9.0.1/src/simqtl.cc:194:34: warning: format ‘%d’ expects argument of type ‘int’, but argument 3 has type ‘long int’ [-Wformat=]
  194 |             sprintf(cmd, "drand %d\n", seed);
      |                                 ~^     ~~~~
      |                                  |     |
      |                                  int   long int
      |                                 %ld
/usr/bin/g++ -c -O2  -std=c++11 -fopenmp  -m64 -I../lib -I/home/wb/Work/nGit/projects/solar_build_test/solar/old_root-9.0.1/bin_src/solarmain-9.0.1/include -DUSE_SAFELIB -fexceptions -DTR1 -DLINUX64 -DUSE_SAFELIB   -o /home/wb/Work/nGit/projects/solar_build_test/solar/old_root-9.0.1/bin_src/solarmain-9.0.1/src/snp.o /home/wb/Work/nGit/projects/solar_build_test/solar/old_root-9.0.1/bin_src/solarmain-9.0.1/src/snp.cc
In file included from /home/wb/Work/nGit/projects/solar_build_test/solar/old_root-9.0.1/bin_src/solarmain-9.0.1/src/snp.cc:8:
/home/wb/Work/nGit/projects/solar_build_test/solar/old_root-9.0.1/bin_src/solarmain-9.0.1/src/solar.h: In static member function ‘static int Pedigree::SexVar(int)’:
/home/wb/Work/nGit/projects/solar_build_test/solar/old_root-9.0.1/bin_src/solarmain-9.0.1/src/solar.h:1203:59: warning: no return statement in function returning non-void [-Wreturn-type]
 1203 |     static int SexVar (int SexStatus) {_Has_Sex=SexStatus;}
      |                                                           ^
/home/wb/Work/nGit/projects/solar_build_test/solar/old_root-9.0.1/bin_src/solarmain-9.0.1/src/snp.cc: In function ‘int mult_corr_liji(int, double, Tcl_Interp*)’:
/home/wb/Work/nGit/projects/solar_build_test/solar/old_root-9.0.1/bin_src/solarmain-9.0.1/src/snp.cc:790:10: warning: ignoring return value of ‘char* fgets(char*, int, FILE*)’ declared with attribute ‘warn_unused_result’ [-Wunused-result]
  790 |     fgets(buf, sizeof(buf), fp);
      |     ~~~~~^~~~~~~~~~~~~~~~~~~~~~
/usr/bin/g++ -c -O2  -std=c++11 -fopenmp  -m64 -I../lib -I/home/wb/Work/nGit/projects/solar_build_test/solar/old_root-9.0.1/bin_src/solarmain-9.0.1/include -DUSE_SAFELIB -fexceptions -DTR1 -DLINUX64 -DUSE_SAFELIB   -o /home/wb/Work/nGit/projects/solar_build_test/solar/old_root-9.0.1/bin_src/solarmain-9.0.1/src/solar.o /home/wb/Work/nGit/projects/solar_build_test/solar/old_root-9.0.1/bin_src/solarmain-9.0.1/src/solar.cc
In file included from /home/wb/Work/nGit/projects/solar_build_test/solar/old_root-9.0.1/bin_src/solarmain-9.0.1/src/solar.cc:20:
/home/wb/Work/nGit/projects/solar_build_test/solar/old_root-9.0.1/bin_src/solarmain-9.0.1/src/solar.h: In static member function ‘static int Pedigree::SexVar(int)’:
/home/wb/Work/nGit/projects/solar_build_test/solar/old_root-9.0.1/bin_src/solarmain-9.0.1/src/solar.h:1203:59: warning: no return statement in function returning non-void [-Wreturn-type]
 1203 |     static int SexVar (int SexStatus) {_Has_Sex=SexStatus;}
      |                                                           ^
/usr/bin/g++ -c -O2  -std=c++11 -fopenmp  -m64 -I../lib -I/home/wb/Work/nGit/projects/solar_build_test/solar/old_root-9.0.1/bin_src/solarmain-9.0.1/include -DUSE_SAFELIB -fexceptions -DTR1 -DLINUX64 -DUSE_SAFELIB   -o /home/wb/Work/nGit/projects/solar_build_test/solar/old_root-9.0.1/bin_src/solarmain-9.0.1/src/solarfile.o /home/wb/Work/nGit/projects/solar_build_test/solar/old_root-9.0.1/bin_src/solarmain-9.0.1/src/solarfile.cc
In file included from /home/wb/Work/nGit/projects/solar_build_test/solar/old_root-9.0.1/bin_src/solarmain-9.0.1/src/solarfile.cc:14:
/home/wb/Work/nGit/projects/solar_build_test/solar/old_root-9.0.1/bin_src/solarmain-9.0.1/src/solar.h: In static member function ‘static int Pedigree::SexVar(int)’:
/home/wb/Work/nGit/projects/solar_build_test/solar/old_root-9.0.1/bin_src/solarmain-9.0.1/src/solar.h:1203:59: warning: no return statement in function returning non-void [-Wreturn-type]
 1203 |     static int SexVar (int SexStatus) {_Has_Sex=SexStatus;}
      |                                                           ^
/usr/bin/g++ -c -O2  -std=c++11 -fopenmp  -m64 -I../lib -I/home/wb/Work/nGit/projects/solar_build_test/solar/old_root-9.0.1/bin_src/solarmain-9.0.1/include -DUSE_SAFELIB -fexceptions -DTR1 -DLINUX64 -DUSE_SAFELIB   -o /home/wb/Work/nGit/projects/solar_build_test/solar/old_root-9.0.1/bin_src/solarmain-9.0.1/src/solarfilecmd.o /home/wb/Work/nGit/projects/solar_build_test/solar/old_root-9.0.1/bin_src/solarmain-9.0.1/src/solarfilecmd.cc
In file included from /home/wb/Work/nGit/projects/solar_build_test/solar/old_root-9.0.1/bin_src/solarmain-9.0.1/src/solarfilecmd.cc:7:
/home/wb/Work/nGit/projects/solar_build_test/solar/old_root-9.0.1/bin_src/solarmain-9.0.1/src/solar.h: In static member function ‘static int Pedigree::SexVar(int)’:
/home/wb/Work/nGit/projects/solar_build_test/solar/old_root-9.0.1/bin_src/solarmain-9.0.1/src/solar.h:1203:59: warning: no return statement in function returning non-void [-Wreturn-type]
 1203 |     static int SexVar (int SexStatus) {_Has_Sex=SexStatus;}
      |                                                           ^
/usr/bin/g++ -c -O2  -std=c++11 -fopenmp  -m64 -I../lib -I/home/wb/Work/nGit/projects/solar_build_test/solar/old_root-9.0.1/bin_src/solarmain-9.0.1/include -DUSE_SAFELIB -fexceptions -DTR1 -DLINUX64 -DUSE_SAFELIB   -o /home/wb/Work/nGit/projects/solar_build_test/solar/old_root-9.0.1/bin_src/solarmain-9.0.1/src/solar_mle_setup.o /home/wb/Work/nGit/projects/solar_build_test/solar/old_root-9.0.1/bin_src/solarmain-9.0.1/src/solar_mle_setup.cc
In file included from /home/wb/Work/nGit/projects/solar_build_test/solar/old_root-9.0.1/bin_src/solarmain-9.0.1/src/solar_mle_setup.h:5,
                 from /home/wb/Work/nGit/projects/solar_build_test/solar/old_root-9.0.1/bin_src/solarmain-9.0.1/src/solar_mle_setup.cc:1:
/home/wb/Work/nGit/projects/solar_build_test/solar/old_root-9.0.1/bin_src/solarmain-9.0.1/src/solar.h: In static member function ‘static int Pedigree::SexVar(int)’:
/home/wb/Work/nGit/projects/solar_build_test/solar/old_root-9.0.1/bin_src/solarmain-9.0.1/src/solar.h:1203:59: warning: no return statement in function returning non-void [-Wreturn-type]
 1203 |     static int SexVar (int SexStatus) {_Has_Sex=SexStatus;}
      |                                                           ^
/usr/bin/g++ -c -O2  -std=c++11 -fopenmp  -m64 -I../lib -I/home/wb/Work/nGit/projects/solar_build_test/solar/old_root-9.0.1/bin_src/solarmain-9.0.1/include -DUSE_SAFELIB -fexceptions -DTR1 -DLINUX64 -DUSE_SAFELIB   -o /home/wb/Work/nGit/projects/solar_build_test/solar/old_root-9.0.1/bin_src/solarmain-9.0.1/src/solar-trait-reader.o /home/wb/Work/nGit/projects/solar_build_test/solar/old_root-9.0.1/bin_src/solarmain-9.0.1/src/solar-trait-reader.cc
In file included from /home/wb/Work/nGit/projects/solar_build_test/solar/old_root-9.0.1/bin_src/solarmain-9.0.1/src/solar-trait-reader.h:12,
                 from /home/wb/Work/nGit/projects/solar_build_test/solar/old_root-9.0.1/bin_src/solarmain-9.0.1/src/solar-trait-reader.cc:8:
/home/wb/Work/nGit/projects/solar_build_test/solar/old_root-9.0.1/bin_src/solarmain-9.0.1/src/solar.h: In static member function ‘static int Pedigree::SexVar(int)’:
/home/wb/Work/nGit/projects/solar_build_test/solar/old_root-9.0.1/bin_src/solarmain-9.0.1/src/solar.h:1203:59: warning: no return statement in function returning non-void [-Wreturn-type]
 1203 |     static int SexVar (int SexStatus) {_Has_Sex=SexStatus;}
      |                                                           ^
/usr/bin/g++ -c -O2  -std=c++11 -fopenmp  -m64 -I../lib -I/home/wb/Work/nGit/projects/solar_build_test/solar/old_root-9.0.1/bin_src/solarmain-9.0.1/include -DUSE_SAFELIB -fexceptions -DTR1 -DLINUX64 -DUSE_SAFELIB   -o /home/wb/Work/nGit/projects/solar_build_test/solar/old_root-9.0.1/bin_src/solarmain-9.0.1/src/split_pheno_file.o /home/wb/Work/nGit/projects/solar_build_test/solar/old_root-9.0.1/bin_src/solarmain-9.0.1/src/split_pheno_file.cc
In file included from /home/wb/Work/nGit/projects/solar_build_test/solar/old_root-9.0.1/bin_src/solarmain-9.0.1/src/split_pheno_file.cc:1:
/home/wb/Work/nGit/projects/solar_build_test/solar/old_root-9.0.1/bin_src/solarmain-9.0.1/src/solar.h: In static member function ‘static int Pedigree::SexVar(int)’:
/home/wb/Work/nGit/projects/solar_build_test/solar/old_root-9.0.1/bin_src/solarmain-9.0.1/src/solar.h:1203:59: warning: no return statement in function returning non-void [-Wreturn-type]
 1203 |     static int SexVar (int SexStatus) {_Has_Sex=SexStatus;}
      |                                                           ^
/usr/bin/g++ -c -O2  -std=c++11 -fopenmp  -m64 -I../lib -I/home/wb/Work/nGit/projects/solar_build_test/solar/old_root-9.0.1/bin_src/solarmain-9.0.1/include -DUSE_SAFELIB -fexceptions -DTR1 -DLINUX64 -DUSE_SAFELIB   -o /home/wb/Work/nGit/projects/solar_build_test/solar/old_root-9.0.1/bin_src/solarmain-9.0.1/src/sporadic.o /home/wb/Work/nGit/projects/solar_build_test/solar/old_root-9.0.1/bin_src/solarmain-9.0.1/src/sporadic.cc
In file included from /home/wb/Work/nGit/projects/solar_build_test/solar/old_root-9.0.1/bin_src/solarmain-9.0.1/src/sporadic.cc:8:
/home/wb/Work/nGit/projects/solar_build_test/solar/old_root-9.0.1/bin_src/solarmain-9.0.1/src/solar.h: In static member function ‘static int Pedigree::SexVar(int)’:
/home/wb/Work/nGit/projects/solar_build_test/solar/old_root-9.0.1/bin_src/solarmain-9.0.1/src/solar.h:1203:59: warning: no return statement in function returning non-void [-Wreturn-type]
 1203 |     static int SexVar (int SexStatus) {_Has_Sex=SexStatus;}
      |                                                           ^
/usr/bin/g++ -c -O2  -std=c++11 -fopenmp  -m64 -I../lib -I/home/wb/Work/nGit/projects/solar_build_test/solar/old_root-9.0.1/bin_src/solarmain-9.0.1/include -DUSE_SAFELIB -fexceptions -DTR1 -DLINUX64 -DUSE_SAFELIB   -o /home/wb/Work/nGit/projects/solar_build_test/solar/old_root-9.0.1/bin_src/solarmain-9.0.1/src/tablefile.o /home/wb/Work/nGit/projects/solar_build_test/solar/old_root-9.0.1/bin_src/solarmain-9.0.1/src/tablefile.cc
In file included from /home/wb/Work/nGit/projects/solar_build_test/solar/old_root-9.0.1/bin_src/solarmain-9.0.1/src/tablefile.cc:10:
/home/wb/Work/nGit/projects/solar_build_test/solar/old_root-9.0.1/bin_src/solarmain-9.0.1/src/solar.h: In static member function ‘static int Pedigree::SexVar(int)’:
/home/wb/Work/nGit/projects/solar_build_test/solar/old_root-9.0.1/bin_src/solarmain-9.0.1/src/solar.h:1203:59: warning: no return statement in function returning non-void [-Wreturn-type]
 1203 |     static int SexVar (int SexStatus) {_Has_Sex=SexStatus;}
      |                                                           ^
In file included from /home/wb/Work/nGit/projects/solar_build_test/solar/old_root-9.0.1/bin_src/solarmain-9.0.1/src/tablefile.cc:15:
/home/wb/Work/nGit/projects/solar_build_test/solar/old_root-9.0.1/bin_src/solarmain-9.0.1/include/RicVolumeSet.h: At global scope:
/home/wb/Work/nGit/projects/solar_build_test/solar/old_root-9.0.1/bin_src/solarmain-9.0.1/include/RicVolumeSet.h:54:1: warning: ‘typedef’ was ignored in this declaration
   54 | typedef struct NIFTI_Orient {
      | ^~~~~~~
/home/wb/Work/nGit/projects/solar_build_test/solar/old_root-9.0.1/bin_src/solarmain-9.0.1/src/tablefile.cc: In member function ‘virtual const char* PedsysFile::read_code_file(FILE*)’:
/home/wb/Work/nGit/projects/solar_build_test/solar/old_root-9.0.1/bin_src/solarmain-9.0.1/src/tablefile.cc:482:40: warning: format ‘%s’ expects argument of type ‘char*’, but argument 4 has type ‘char (*)[4]’ [-Wformat=]
  482 |         if (1 != sscanf (codebuf, "%d %s", &cfr->width, &junk))
      |                                       ~^                ~~~~~
      |                                        |                |
      |                                        char*            char (*)[4]
/home/wb/Work/nGit/projects/solar_build_test/solar/old_root-9.0.1/bin_src/solarmain-9.0.1/src/tablefile.cc:468:11: warning: ignoring return value of ‘char* fgets(char*, int, FILE*)’ declared with attribute ‘warn_unused_result’ [-Wunused-result]
  468 |     fgets (forline, 1024, code_file);
      |     ~~~~~~^~~~~~~~~~~~~~~~~~~~~~~~~~
/home/wb/Work/nGit/projects/solar_build_test/solar/old_root-9.0.1/bin_src/solarmain-9.0.1/src/tablefile.cc: In member function ‘virtual char** CommaDelimitedFile::get(const char**)’:
/home/wb/Work/nGit/projects/solar_build_test/solar/old_root-9.0.1/bin_src/solarmain-9.0.1/src/tablefile.cc:1350:23: warning: ignoring return value of ‘char* fgets(char*, int, FILE*)’ declared with attribute ‘warn_unused_result’ [-Wunused-result]
 1350 |                 fgets (showbuf,40,fptr);
      |                 ~~~~~~^~~~~~~~~~~~~~~~~
/usr/bin/g++ -c -O2  -std=c++11 -fopenmp  -m64 -I../lib -I/home/wb/Work/nGit/projects/solar_build_test/solar/old_root-9.0.1/bin_src/solarmain-9.0.1/include -DUSE_SAFELIB -fexceptions -DTR1 -DLINUX64 -DUSE_SAFELIB   -o /home/wb/Work/nGit/projects/solar_build_test/solar/old_root-9.0.1/bin_src/solarmain-9.0.1/src/tablefilecmd.o /home/wb/Work/nGit/projects/solar_build_test/solar/old_root-9.0.1/bin_src/solarmain-9.0.1/src/tablefilecmd.cc
In file included from /home/wb/Work/nGit/projects/solar_build_test/solar/old_root-9.0.1/bin_src/solarmain-9.0.1/src/tablefilecmd.cc:7:
/home/wb/Work/nGit/projects/solar_build_test/solar/old_root-9.0.1/bin_src/solarmain-9.0.1/src/solar.h: In static member function ‘static int Pedigree::SexVar(int)’:
/home/wb/Work/nGit/projects/solar_build_test/solar/old_root-9.0.1/bin_src/solarmain-9.0.1/src/solar.h:1203:59: warning: no return statement in function returning non-void [-Wreturn-type]
 1203 |     static int SexVar (int SexStatus) {_Has_Sex=SexStatus;}
      |                                                           ^
/usr/bin/g++ -c -O2  -std=c++11 -fopenmp  -m64 -I../lib -I/home/wb/Work/nGit/projects/solar_build_test/solar/old_root-9.0.1/bin_src/solarmain-9.0.1/include -DUSE_SAFELIB -fexceptions -DTR1 -DLINUX64 -DUSE_SAFELIB   -o /home/wb/Work/nGit/projects/solar_build_test/solar/old_root-9.0.1/bin_src/solarmain-9.0.1/src/token.o /home/wb/Work/nGit/projects/solar_build_test/solar/old_root-9.0.1/bin_src/solarmain-9.0.1/src/token.cc
/usr/bin/g++ -c -O2  -std=c++11 -fopenmp  -m64 -I../lib -I/home/wb/Work/nGit/projects/solar_build_test/solar/old_root-9.0.1/bin_src/solarmain-9.0.1/include -DUSE_SAFELIB -fexceptions -DTR1 -DLINUX64 -DUSE_SAFELIB   -o /home/wb/Work/nGit/projects/solar_build_test/solar/old_root-9.0.1/bin_src/solarmain-9.0.1/src/trait.o /home/wb/Work/nGit/projects/solar_build_test/solar/old_root-9.0.1/bin_src/solarmain-9.0.1/src/trait.cc
In file included from /home/wb/Work/nGit/projects/solar_build_test/solar/old_root-9.0.1/bin_src/solarmain-9.0.1/src/trait.cc:11:
/home/wb/Work/nGit/projects/solar_build_test/solar/old_root-9.0.1/bin_src/solarmain-9.0.1/src/solar.h: In static member function ‘static int Pedigree::SexVar(int)’:
/home/wb/Work/nGit/projects/solar_build_test/solar/old_root-9.0.1/bin_src/solarmain-9.0.1/src/solar.h:1203:59: warning: no return statement in function returning non-void [-Wreturn-type]
 1203 |     static int SexVar (int SexStatus) {_Has_Sex=SexStatus;}
      |                                                           ^
/usr/bin/g++ -c -O2  -std=c++11 -fopenmp  -m64 -I../lib -I/home/wb/Work/nGit/projects/solar_build_test/solar/old_root-9.0.1/bin_src/solarmain-9.0.1/include -DUSE_SAFELIB -fexceptions -DTR1 -DLINUX64 -DUSE_SAFELIB   -o /home/wb/Work/nGit/projects/solar_build_test/solar/old_root-9.0.1/bin_src/solarmain-9.0.1/src/verbosity.o /home/wb/Work/nGit/projects/solar_build_test/solar/old_root-9.0.1/bin_src/solarmain-9.0.1/src/verbosity.cc
In file included from /home/wb/Work/nGit/projects/solar_build_test/solar/old_root-9.0.1/bin_src/solarmain-9.0.1/src/verbosity.cc:7:
/home/wb/Work/nGit/projects/solar_build_test/solar/old_root-9.0.1/bin_src/solarmain-9.0.1/src/solar.h: In static member function ‘static int Pedigree::SexVar(int)’:
/home/wb/Work/nGit/projects/solar_build_test/solar/old_root-9.0.1/bin_src/solarmain-9.0.1/src/solar.h:1203:59: warning: no return statement in function returning non-void [-Wreturn-type]
 1203 |     static int SexVar (int SexStatus) {_Has_Sex=SexStatus;}
      |                                                           ^
/home/wb/Work/nGit/projects/solar_build_test/solar/old_root-9.0.1/bin_src/solarmain-9.0.1/src/verbosity.cc: In function ‘int VerbosityCmd(ClientData, Tcl_Interp*, int, char**)’:
/home/wb/Work/nGit/projects/solar_build_test/solar/old_root-9.0.1/bin_src/solarmain-9.0.1/src/verbosity.cc:79:40: warning: format ‘%s’ expects argument of type ‘char*’, but argument 4 has type ‘char (*)[256]’ [-Wformat=]
   79 |         if (1 != sscanf (argv[1], "%i %s", &new_verbosity, &dummy) ||
      |                                       ~^                   ~~~~~~
      |                                        |                   |
      |                                        char*               char (*)[256]
/usr/bin/g++ -c -O2  -std=c++11 -fopenmp  -m64 -I../lib -I/home/wb/Work/nGit/projects/solar_build_test/solar/old_root-9.0.1/bin_src/solarmain-9.0.1/include -DUSE_SAFELIB -fexceptions -DTR1 -DLINUX64 -DUSE_SAFELIB   -o /home/wb/Work/nGit/projects/solar_build_test/solar/old_root-9.0.1/bin_src/solarmain-9.0.1/src/voxel.o /home/wb/Work/nGit/projects/solar_build_test/solar/old_root-9.0.1/bin_src/solarmain-9.0.1/src/voxel.cc
In file included from /home/wb/Work/nGit/projects/solar_build_test/solar/old_root-9.0.1/bin_src/solarmain-9.0.1/src/voxel.cc:13:
/home/wb/Work/nGit/projects/solar_build_test/solar/old_root-9.0.1/bin_src/solarmain-9.0.1/src/solar.h: In static member function ‘static int Pedigree::SexVar(int)’:
/home/wb/Work/nGit/projects/solar_build_test/solar/old_root-9.0.1/bin_src/solarmain-9.0.1/src/solar.h:1203:59: warning: no return statement in function returning non-void [-Wreturn-type]
 1203 |     static int SexVar (int SexStatus) {_Has_Sex=SexStatus;}
      |                                                           ^
In file included from /home/wb/Work/nGit/projects/solar_build_test/solar/old_root-9.0.1/bin_src/solarmain-9.0.1/src/voxel.cc:16:
/home/wb/Work/nGit/projects/solar_build_test/solar/old_root-9.0.1/bin_src/solarmain-9.0.1/include/RicVolumeSet.h: At global scope:
/home/wb/Work/nGit/projects/solar_build_test/solar/old_root-9.0.1/bin_src/solarmain-9.0.1/include/RicVolumeSet.h:54:1: warning: ‘typedef’ was ignored in this declaration
   54 | typedef struct NIFTI_Orient {
      | ^~~~~~~
/home/wb/Work/nGit/projects/solar_build_test/solar/old_root-9.0.1/bin_src/solarmain-9.0.1/src/voxel.cc: In static member function ‘static int Imout::sclose()’:
/home/wb/Work/nGit/projects/solar_build_test/solar/old_root-9.0.1/bin_src/solarmain-9.0.1/src/voxel.cc:157:1: warning: no return statement in function returning non-void [-Wreturn-type]
  157 | }
      | ^
/usr/bin/g++ -c -O2  -std=c++11 -fopenmp  -m64 -I../lib -I/home/wb/Work/nGit/projects/solar_build_test/solar/old_root-9.0.1/bin_src/solarmain-9.0.1/include -DUSE_SAFELIB -fexceptions -DTR1 -DLINUX64 -DUSE_SAFELIB   -o /home/wb/Work/nGit/projects/solar_build_test/solar/old_root-9.0.1/bin_src/solarmain-9.0.1/src/zscore.o /home/wb/Work/nGit/projects/solar_build_test/solar/old_root-9.0.1/bin_src/solarmain-9.0.1/src/zscore.cc
In file included from /home/wb/Work/nGit/projects/solar_build_test/solar/old_root-9.0.1/bin_src/solarmain-9.0.1/src/zscore.cc:17:
/home/wb/Work/nGit/projects/solar_build_test/solar/old_root-9.0.1/bin_src/solarmain-9.0.1/src/solar.h: In static member function ‘static int Pedigree::SexVar(int)’:
/home/wb/Work/nGit/projects/solar_build_test/solar/old_root-9.0.1/bin_src/solarmain-9.0.1/src/solar.h:1203:59: warning: no return statement in function returning non-void [-Wreturn-type]
 1203 |     static int SexVar (int SexStatus) {_Has_Sex=SexStatus;}
      |                                                           ^
/usr/bin/g++ -c -O2  -std=c++11 -fopenmp  -m64 -I../lib -I/home/wb/Work/nGit/projects/solar_build_test/solar/old_root-9.0.1/bin_src/solarmain-9.0.1/include -DUSE_SAFELIB -fexceptions -DTR1 -DLINUX64 -DUSE_SAFELIB   -o /home/wb/Work/nGit/projects/solar_build_test/solar/old_root-9.0.1/bin_src/solarmain-9.0.1/src/print_phi2.o /home/wb/Work/nGit/projects/solar_build_test/solar/old_root-9.0.1/bin_src/solarmain-9.0.1/src/print_phi2.cc
In file included from /home/wb/Work/nGit/projects/solar_build_test/solar/old_root-9.0.1/bin_src/solarmain-9.0.1/src/print_phi2.cc:11:
/home/wb/Work/nGit/projects/solar_build_test/solar/old_root-9.0.1/bin_src/solarmain-9.0.1/src/solar.h: In static member function ‘static int Pedigree::SexVar(int)’:
/home/wb/Work/nGit/projects/solar_build_test/solar/old_root-9.0.1/bin_src/solarmain-9.0.1/src/solar.h:1203:59: warning: no return statement in function returning non-void [-Wreturn-type]
 1203 |     static int SexVar (int SexStatus) {_Has_Sex=SexStatus;}
      |                                                           ^
/usr/bin/g++ -c -O2  -std=c++11 -fopenmp  -m64 -I../lib -I/home/wb/Work/nGit/projects/solar_build_test/solar/old_root-9.0.1/bin_src/solarmain-9.0.1/include -DUSE_SAFELIB -fexceptions -DTR1 -DLINUX64 -DUSE_SAFELIB   -o /home/wb/Work/nGit/projects/solar_build_test/solar/old_root-9.0.1/bin_src/solarmain-9.0.1/src/pedigree_power.o /home/wb/Work/nGit/projects/solar_build_test/solar/old_root-9.0.1/bin_src/solarmain-9.0.1/src/pedigree_power.cc
In file included from /home/wb/Work/nGit/projects/solar_build_test/solar/old_root-9.0.1/bin_src/solarmain-9.0.1/src/pedigree_power.cc:1:
/home/wb/Work/nGit/projects/solar_build_test/solar/old_root-9.0.1/bin_src/solarmain-9.0.1/src/solar.h: In static member function ‘static int Pedigree::SexVar(int)’:
/home/wb/Work/nGit/projects/solar_build_test/solar/old_root-9.0.1/bin_src/solarmain-9.0.1/src/solar.h:1203:59: warning: no return statement in function returning non-void [-Wreturn-type]
 1203 |     static int SexVar (int SexStatus) {_Has_Sex=SexStatus;}
      |                                                           ^
/usr/bin/gcc -c -std=c99 -m64 -O2 -I/home/wb/Work/nGit/projects/solar_build_test/solar/old_root-9.0.1/bin_src/solarmain-9.0.1/include -DUSE_SAFELIB -fexceptions -o /home/wb/Work/nGit/projects/solar_build_test/solar/old_root-9.0.1/bin_src/solarmain-9.0.1/src/ccuserid.o /home/wb/Work/nGit/projects/solar_build_test/solar/old_root-9.0.1/bin_src/solarmain-9.0.1/src/ccuserid.c
/usr/bin/gcc -c -std=c99 -m64 -O2 -I/home/wb/Work/nGit/projects/solar_build_test/solar/old_root-9.0.1/bin_src/solarmain-9.0.1/include -DUSE_SAFELIB -fexceptions -o /home/wb/Work/nGit/projects/solar_build_test/solar/old_root-9.0.1/bin_src/solarmain-9.0.1/src/cplink_converter.o /home/wb/Work/nGit/projects/solar_build_test/solar/old_root-9.0.1/bin_src/solarmain-9.0.1/src/cplink_converter.c
In file included from /home/wb/Work/nGit/projects/solar_build_test/solar/old_root-9.0.1/bin_src/solarmain-9.0.1/include/plinkio/bim.h:16,
                 from /home/wb/Work/nGit/projects/solar_build_test/solar/old_root-9.0.1/bin_src/solarmain-9.0.1/include/plinkio.h:24,
                 from /home/wb/Work/nGit/projects/solar_build_test/solar/old_root-9.0.1/bin_src/solarmain-9.0.1/src/cplink_converter.c:3:
/home/wb/Work/nGit/projects/solar_build_test/solar/old_root-9.0.1/bin_src/solarmain-9.0.1/include/plinkio/utarray.h: In function ‘utarray_str_cpy’:
/home/wb/Work/nGit/projects/solar_build_test/solar/old_root-9.0.1/bin_src/solarmain-9.0.1/include/plinkio/utarray.h:225:36: warning: implicit declaration of function ‘strdup’; did you mean ‘strcmp’? [-Wimplicit-function-declaration]
  225 |   *_dst = (*_src == NULL) ? NULL : strdup(*_src);
      |                                    ^~~~~~
      |                                    strcmp
/home/wb/Work/nGit/projects/solar_build_test/solar/old_root-9.0.1/bin_src/solarmain-9.0.1/include/plinkio/utarray.h:225:34: warning: pointer/integer type mismatch in conditional expression
  225 |   *_dst = (*_src == NULL) ? NULL : strdup(*_src);
      |                                  ^
/home/wb/Work/nGit/projects/solar_build_test/solar/old_root-9.0.1/bin_src/solarmain-9.0.1/src/cplink_converter.c: In function ‘convert_plink_to_csv’:
/home/wb/Work/nGit/projects/solar_build_test/solar/old_root-9.0.1/bin_src/solarmain-9.0.1/src/cplink_converter.c:127:16: warning: assignment to ‘char **’ from incompatible pointer type ‘char *’ [-Wincompatible-pointer-types]
  127 |         errmsg = "Could not allocate required memory";
      |                ^
/home/wb/Work/nGit/projects/solar_build_test/solar/old_root-9.0.1/bin_src/solarmain-9.0.1/src/cplink_converter.c:133:16: warning: assignment to ‘char **’ from incompatible pointer type ‘char *’ [-Wincompatible-pointer-types]
  133 |         errmsg = "Could not allocate required memory";
      |                ^
/home/wb/Work/nGit/projects/solar_build_test/solar/old_root-9.0.1/bin_src/solarmain-9.0.1/src/cplink_converter.c:201:49: warning: format ‘%u’ expects argument of type ‘unsigned int’, but argument 5 has type ‘size_t’ {aka ‘long unsigned int’} [-Wformat=]
  201 |             sprintf(output_filename, "%s.chr%u.%u.csv", output_basename, (unsigned) current_chromosome, file_index);
      |                                                ~^                                                       ~~~~~~~~~~
      |                                                 |                                                       |
      |                                                 unsigned int                                            size_t {aka long unsigned int}
      |                                                %lu
/home/wb/Work/nGit/projects/solar_build_test/solar/old_root-9.0.1/bin_src/solarmain-9.0.1/src/cplink_converter.c:219:43: warning: format ‘%u’ expects argument of type ‘unsigned int’, but argument 4 has type ‘size_t’ {aka ‘long unsigned int’} [-Wformat=]
  219 |             sprintf(output_filename, "%s.%u.csv", output_basename,  file_index++);
      |                                          ~^                         ~~~~~~~~~~~~
      |                                           |                                   |
      |                                           unsigned int                        size_t {aka long unsigned int}
      |                                          %lu
/usr/bin/gcc -c -std=c99 -m64 -O2 -I/home/wb/Work/nGit/projects/solar_build_test/solar/old_root-9.0.1/bin_src/solarmain-9.0.1/include -DUSE_SAFELIB -fexceptions -o /home/wb/Work/nGit/projects/solar_build_test/solar/old_root-9.0.1/bin_src/solarmain-9.0.1/src/eigstruc.o /home/wb/Work/nGit/projects/solar_build_test/solar/old_root-9.0.1/bin_src/solarmain-9.0.1/src/eigstruc.c
/usr/bin/gcc -c -std=c99 -m64 -O2 -I/home/wb/Work/nGit/projects/solar_build_test/solar/old_root-9.0.1/bin_src/solarmain-9.0.1/include -DUSE_SAFELIB -fexceptions -o /home/wb/Work/nGit/projects/solar_build_test/solar/old_root-9.0.1/bin_src/solarmain-9.0.1/src/fdate.o /home/wb/Work/nGit/projects/solar_build_test/solar/old_root-9.0.1/bin_src/solarmain-9.0.1/src/fdate.c
/usr/bin/gcc -c -std=c99 -m64 -O2 -I/home/wb/Work/nGit/projects/solar_build_test/solar/old_root-9.0.1/bin_src/solarmain-9.0.1/include -DUSE_SAFELIB -fexceptions -o /home/wb/Work/nGit/projects/solar_build_test/solar/old_root-9.0.1/bin_src/solarmain-9.0.1/src/mehd.o /home/wb/Work/nGit/projects/solar_build_test/solar/old_root-9.0.1/bin_src/solarmain-9.0.1/src/mehd.c
/usr/bin/gcc -c -std=c99 -m64 -O2 -I/home/wb/Work/nGit/projects/solar_build_test/solar/old_root-9.0.1/bin_src/solarmain-9.0.1/include -DUSE_SAFELIB -fexceptions -o /home/wb/Work/nGit/projects/solar_build_test/solar/old_root-9.0.1/bin_src/solarmain-9.0.1/src/ncdf.o /home/wb/Work/nGit/projects/solar_build_test/solar/old_root-9.0.1/bin_src/solarmain-9.0.1/src/ncdf.c
/usr/bin/gcc -c -std=c99 -m64 -O2 -I/home/wb/Work/nGit/projects/solar_build_test/solar/old_root-9.0.1/bin_src/solarmain-9.0.1/include -DUSE_SAFELIB -fexceptions -o /home/wb/Work/nGit/projects/solar_build_test/solar/old_root-9.0.1/bin_src/solarmain-9.0.1/src/npdf.o /home/wb/Work/nGit/projects/solar_build_test/solar/old_root-9.0.1/bin_src/solarmain-9.0.1/src/npdf.c
/usr/bin/gcc -c -std=c99 -m64 -O2 -I/home/wb/Work/nGit/projects/solar_build_test/solar/old_root-9.0.1/bin_src/solarmain-9.0.1/include -DUSE_SAFELIB -fexceptions -o /home/wb/Work/nGit/projects/solar_build_test/solar/old_root-9.0.1/bin_src/solarmain-9.0.1/src/nrutil.o /home/wb/Work/nGit/projects/solar_build_test/solar/old_root-9.0.1/bin_src/solarmain-9.0.1/src/nrutil.c
/usr/bin/gcc -c -std=c99 -m64 -O2 -I/home/wb/Work/nGit/projects/solar_build_test/solar/old_root-9.0.1/bin_src/solarmain-9.0.1/include -DUSE_SAFELIB -fexceptions -o /home/wb/Work/nGit/projects/solar_build_test/solar/old_root-9.0.1/bin_src/solarmain-9.0.1/src/plinkio.o /home/wb/Work/nGit/projects/solar_build_test/solar/old_root-9.0.1/bin_src/solarmain-9.0.1/src/plinkio.c
In file included from /home/wb/Work/nGit/projects/solar_build_test/solar/old_root-9.0.1/bin_src/solarmain-9.0.1/include/plinkio/bim.h:16,
                 from /home/wb/Work/nGit/projects/solar_build_test/solar/old_root-9.0.1/bin_src/solarmain-9.0.1/include/plinkio/plinkio.h:24,
                 from /home/wb/Work/nGit/projects/solar_build_test/solar/old_root-9.0.1/bin_src/solarmain-9.0.1/src/plinkio.c:12:
/home/wb/Work/nGit/projects/solar_build_test/solar/old_root-9.0.1/bin_src/solarmain-9.0.1/include/plinkio/utarray.h: In function ‘utarray_str_cpy’:
/home/wb/Work/nGit/projects/solar_build_test/solar/old_root-9.0.1/bin_src/solarmain-9.0.1/include/plinkio/utarray.h:225:36: warning: implicit declaration of function ‘strdup’; did you mean ‘strcmp’? [-Wimplicit-function-declaration]
  225 |   *_dst = (*_src == NULL) ? NULL : strdup(*_src);
      |                                    ^~~~~~
      |                                    strcmp
/home/wb/Work/nGit/projects/solar_build_test/solar/old_root-9.0.1/bin_src/solarmain-9.0.1/include/plinkio/utarray.h:225:34: warning: pointer/integer type mismatch in conditional expression
  225 |   *_dst = (*_src == NULL) ? NULL : strdup(*_src);
      |                                  ^
/usr/bin/gcc -c -std=c99 -m64 -O2 -I/home/wb/Work/nGit/projects/solar_build_test/solar/old_root-9.0.1/bin_src/solarmain-9.0.1/include -DUSE_SAFELIB -fexceptions -o /home/wb/Work/nGit/projects/solar_build_test/solar/old_root-9.0.1/bin_src/solarmain-9.0.1/src/plotpipe.o /home/wb/Work/nGit/projects/solar_build_test/solar/old_root-9.0.1/bin_src/solarmain-9.0.1/src/plotpipe.c
/home/wb/Work/nGit/projects/solar_build_test/solar/old_root-9.0.1/bin_src/solarmain-9.0.1/src/plotpipe.c: In function ‘unlink_fifo_void’:
/home/wb/Work/nGit/projects/solar_build_test/solar/old_root-9.0.1/bin_src/solarmain-9.0.1/src/plotpipe.c:56:9: warning: implicit declaration of function ‘kill’ [-Wimplicit-function-declaration]
   56 |         kill (pid, SIGKILL);
      |         ^~~~
/home/wb/Work/nGit/projects/solar_build_test/solar/old_root-9.0.1/bin_src/solarmain-9.0.1/src/plotpipe.c: In function ‘ACEgrOpen’:
/home/wb/Work/nGit/projects/solar_build_test/solar/old_root-9.0.1/bin_src/solarmain-9.0.1/src/plotpipe.c:144:11: warning: implicit declaration of function ‘vfork’; did you mean ‘fork’? [-Wimplicit-function-declaration]
  144 |     pid = vfork ();
      |           ^~~~~
      |           fork
/home/wb/Work/nGit/projects/solar_build_test/solar/old_root-9.0.1/bin_src/solarmain-9.0.1/src/plotpipe.c:160:9: warning: ignoring return value of ‘dup’ declared with attribute ‘warn_unused_result’ [-Wunused-result]
  160 |         dup (null_desc);
      |         ^~~~~~~~~~~~~~~
/usr/bin/gcc -c -std=c99 -m64 -O2 -I/home/wb/Work/nGit/projects/solar_build_test/solar/old_root-9.0.1/bin_src/solarmain-9.0.1/include -DUSE_SAFELIB -fexceptions -o /home/wb/Work/nGit/projects/solar_build_test/solar/old_root-9.0.1/bin_src/solarmain-9.0.1/src/safelib.o /home/wb/Work/nGit/projects/solar_build_test/solar/old_root-9.0.1/bin_src/solarmain-9.0.1/src/safelib.c
/home/wb/Work/nGit/projects/solar_build_test/solar/old_root-9.0.1/bin_src/solarmain-9.0.1/src/safelib.c: In function ‘ssigset’:
/home/wb/Work/nGit/projects/solar_build_test/solar/old_root-9.0.1/bin_src/solarmain-9.0.1/src/safelib.c:92:20: warning: implicit declaration of function ‘sigset’; did you mean ‘Sigset’? [-Wimplicit-function-declaration]
   92 |     if (SIG_ERR == sigset (sig, disp))
      |                    ^~~~~~
      |                    Sigset
/home/wb/Work/nGit/projects/solar_build_test/solar/old_root-9.0.1/bin_src/solarmain-9.0.1/src/safelib.c:92:17: warning: comparison between pointer and integer
   92 |     if (SIG_ERR == sigset (sig, disp))
      |                 ^~
/home/wb/Work/nGit/projects/solar_build_test/solar/old_root-9.0.1/bin_src/solarmain-9.0.1/src/safelib.c: In function ‘ssighold’:
/home/wb/Work/nGit/projects/solar_build_test/solar/old_root-9.0.1/bin_src/solarmain-9.0.1/src/safelib.c:100:9: warning: implicit declaration of function ‘sighold’; did you mean ‘Sighold’? [-Wimplicit-function-declaration]
  100 |     if (sighold (sig))
      |         ^~~~~~~
      |         Sighold
/home/wb/Work/nGit/projects/solar_build_test/solar/old_root-9.0.1/bin_src/solarmain-9.0.1/src/safelib.c: In function ‘ssigrelse’:
/home/wb/Work/nGit/projects/solar_build_test/solar/old_root-9.0.1/bin_src/solarmain-9.0.1/src/safelib.c:108:9: warning: implicit declaration of function ‘sigrelse’; did you mean ‘Sigrelse’? [-Wimplicit-function-declaration]
  108 |     if (sigrelse (sig))
      |         ^~~~~~~~
      |         Sigrelse
/home/wb/Work/nGit/projects/solar_build_test/solar/old_root-9.0.1/bin_src/solarmain-9.0.1/src/safelib.c: In function ‘sgets’:
/home/wb/Work/nGit/projects/solar_build_test/solar/old_root-9.0.1/bin_src/solarmain-9.0.1/src/safelib.c:188:5: warning: ‘gets’ is deprecated [-Wdeprecated-declarations]
  188 |     if (!gets (inbuf))
      |     ^~
In file included from /usr/include/stdio.h:894,
                 from /home/wb/Work/nGit/projects/solar_build_test/solar/old_root-9.0.1/bin_src/solarmain-9.0.1/include/safelib.h:25,
                 from /home/wb/Work/nGit/projects/solar_build_test/solar/old_root-9.0.1/bin_src/solarmain-9.0.1/src/safelib.c:21:
/usr/include/x86_64-linux-gnu/bits/stdio2.h:240:1: note: declared here
  240 | gets (char *__str)
      | ^~~~
/home/wb/Work/nGit/projects/solar_build_test/solar/old_root-9.0.1/bin_src/solarmain-9.0.1/src/safelib.c: In function ‘str_lower’:
/home/wb/Work/nGit/projects/solar_build_test/solar/old_root-9.0.1/bin_src/solarmain-9.0.1/src/safelib.c:337:16: warning: implicit declaration of function ‘tolower’ [-Wimplicit-function-declaration]
  337 |         *ptr = tolower (*ptr);
      |                ^~~~~~~
/home/wb/Work/nGit/projects/solar_build_test/solar/old_root-9.0.1/bin_src/solarmain-9.0.1/src/safelib.c:22:1: note: include ‘<ctype.h>’ or provide a declaration of ‘tolower’
   21 | #include "safelib.h"
  +++ |+#include <ctype.h>
   22 | 
/home/wb/Work/nGit/projects/solar_build_test/solar/old_root-9.0.1/bin_src/solarmain-9.0.1/src/safelib.c: In function ‘cfprintf’:
/home/wb/Work/nGit/projects/solar_build_test/solar/old_root-9.0.1/bin_src/solarmain-9.0.1/src/safelib.c:466:20: warning: format not a string literal and no format arguments [-Wformat-security]
  466 |     fprintf (file, cbuf);
      |                    ^~~~
/home/wb/Work/nGit/projects/solar_build_test/solar/old_root-9.0.1/bin_src/solarmain-9.0.1/src/safelib.c: In function ‘smalloc’:
/home/wb/Work/nGit/projects/solar_build_test/solar/old_root-9.0.1/bin_src/solarmain-9.0.1/src/safelib.c:34:9: warning: ignoring return value of ‘write’ declared with attribute ‘warn_unused_result’ [-Wunused-result]
   34 |         write (2, MMessage, strlen (MMessage)); /* requires little memory */
      |         ^~~~~~~~~~~~~~~~~~~~~~~~~~~~~~~~~~~~~~
/home/wb/Work/nGit/projects/solar_build_test/solar/old_root-9.0.1/bin_src/solarmain-9.0.1/src/safelib.c: In function ‘scalloc’:
/home/wb/Work/nGit/projects/solar_build_test/solar/old_root-9.0.1/bin_src/solarmain-9.0.1/src/safelib.c:45:9: warning: ignoring return value of ‘write’ declared with attribute ‘warn_unused_result’ [-Wunused-result]
   45 |         write (2, MMessage, strlen (MMessage)); /* requires little memory */
      |         ^~~~~~~~~~~~~~~~~~~~~~~~~~~~~~~~~~~~~~
/home/wb/Work/nGit/projects/solar_build_test/solar/old_root-9.0.1/bin_src/solarmain-9.0.1/src/safelib.c: In function ‘srealloc’:
/home/wb/Work/nGit/projects/solar_build_test/solar/old_root-9.0.1/bin_src/solarmain-9.0.1/src/safelib.c:56:9: warning: ignoring return value of ‘write’ declared with attribute ‘warn_unused_result’ [-Wunused-result]
   56 |         write (2, MMessage, strlen (MMessage)); /* requires little memory */
      |         ^~~~~~~~~~~~~~~~~~~~~~~~~~~~~~~~~~~~~~
/home/wb/Work/nGit/projects/solar_build_test/solar/old_root-9.0.1/bin_src/solarmain-9.0.1/src/safelib.c: In function ‘sclose’:
/home/wb/Work/nGit/projects/solar_build_test/solar/old_root-9.0.1/bin_src/solarmain-9.0.1/src/safelib.c:78:9: warning: ignoring return value of ‘write’ declared with attribute ‘warn_unused_result’ [-Wunused-result]
   78 |         write (2, FMessage, strlen (FMessage));
      |         ^~~~~~~~~~~~~~~~~~~~~~~~~~~~~~~~~~~~~~
/home/wb/Work/nGit/projects/solar_build_test/solar/old_root-9.0.1/bin_src/solarmain-9.0.1/src/safelib.c: In function ‘sfclose’:
/home/wb/Work/nGit/projects/solar_build_test/solar/old_root-9.0.1/bin_src/solarmain-9.0.1/src/safelib.c:86:9: warning: ignoring return value of ‘write’ declared with attribute ‘warn_unused_result’ [-Wunused-result]
   86 |         write (2, FMessage, strlen (FMessage));
      |         ^~~~~~~~~~~~~~~~~~~~~~~~~~~~~~~~~~~~~~
In file included from /usr/include/stdio.h:894,
                 from /home/wb/Work/nGit/projects/solar_build_test/solar/old_root-9.0.1/bin_src/solarmain-9.0.1/include/safelib.h:25,
                 from /home/wb/Work/nGit/projects/solar_build_test/solar/old_root-9.0.1/bin_src/solarmain-9.0.1/src/safelib.c:21:
In function ‘gets’,
    inlined from ‘sgets’ at /home/wb/Work/nGit/projects/solar_build_test/solar/old_root-9.0.1/bin_src/solarmain-9.0.1/src/safelib.c:188:10:
/usr/include/x86_64-linux-gnu/bits/stdio2.h:244:10: warning: call to ‘__gets_warn’ declared with attribute warning: please use fgets or getline instead, gets can't specify buffer size [-Wattribute-warning]
  244 |   return __gets_warn (__str);
      |          ^~~~~~~~~~~~~~~~~~~
/usr/bin/gcc -c -std=c99 -m64 -O2 -I/home/wb/Work/nGit/projects/solar_build_test/solar/old_root-9.0.1/bin_src/solarmain-9.0.1/include -DUSE_SAFELIB -fexceptions -o /home/wb/Work/nGit/projects/solar_build_test/solar/old_root-9.0.1/bin_src/solarmain-9.0.1/src/solarmain.o /home/wb/Work/nGit/projects/solar_build_test/solar/old_root-9.0.1/bin_src/solarmain-9.0.1/src/solarmain.c
/usr/bin/gcc -c -std=c99 -m64 -O2 -I/home/wb/Work/nGit/projects/solar_build_test/solar/old_root-9.0.1/bin_src/solarmain-9.0.1/include -DUSE_SAFELIB -fexceptions -o /home/wb/Work/nGit/projects/solar_build_test/solar/old_root-9.0.1/bin_src/solarmain-9.0.1/src/tclgr.o /home/wb/Work/nGit/projects/solar_build_test/solar/old_root-9.0.1/bin_src/solarmain-9.0.1/src/tclgr.c
/home/wb/Work/nGit/projects/solar_build_test/solar/old_root-9.0.1/bin_src/solarmain-9.0.1/src/tclgr.c: In function ‘TclgrCmd’:
/home/wb/Work/nGit/projects/solar_build_test/solar/old_root-9.0.1/bin_src/solarmain-9.0.1/src/tclgr.c:35:9: warning: implicit declaration of function ‘system’ [-Wimplicit-function-declaration]
   35 |     if (system("which xmgr > /dev/null 2>&1")) {
      |         ^~~~~~
/home/wb/Work/nGit/projects/solar_build_test/solar/old_root-9.0.1/bin_src/solarmain-9.0.1/src/tclgr.c:76:46: warning: format ‘%s’ expects argument of type ‘char *’, but argument 4 has type ‘char (*)[512]’ [-Wformat=]
   76 |                                         "%d %s", &bufsize, &dummy);
      |                                             ~^             ~~~~~~
      |                                              |             |
      |                                              char *        char (*)[512]
/usr/bin/gcc -c -std=c99 -m64 -O2 -I/home/wb/Work/nGit/projects/solar_build_test/solar/old_root-9.0.1/bin_src/solarmain-9.0.1/include -DUSE_SAFELIB -fexceptions -o /home/wb/Work/nGit/projects/solar_build_test/solar/old_root-9.0.1/bin_src/solarmain-9.0.1/src/w_mehd.o /home/wb/Work/nGit/projects/solar_build_test/solar/old_root-9.0.1/bin_src/solarmain-9.0.1/src/w_mehd.c
/usr/bin/gfortran -o solarmain  /home/wb/Work/nGit/projects/solar_build_test/solar/old_root-9.0.1/bin_src/solarmain-9.0.1/src/alnorm.o /home/wb/Work/nGit/projects/solar_build_test/solar/old_root-9.0.1/bin_src/solarmain-9.0.1/src/astop.o /home/wb/Work/nGit/projects/solar_build_test/solar/old_root-9.0.1/bin_src/solarmain-9.0.1/src/asycov.o /home/wb/Work/nGit/projects/solar_build_test/solar/old_root-9.0.1/bin_src/solarmain-9.0.1/src/beta.o /home/wb/Work/nGit/projects/solar_build_test/solar/old_root-9.0.1/bin_src/solarmain-9.0.1/src/calc.o /home/wb/Work/nGit/projects/solar_build_test/solar/old_root-9.0.1/bin_src/solarmain-9.0.1/src/cdfchi.o /home/wb/Work/nGit/projects/solar_build_test/solar/old_root-9.0.1/bin_src/solarmain-9.0.1/src/cdfnor.o /home/wb/Work/nGit/projects/solar_build_test/solar/old_root-9.0.1/bin_src/solarmain-9.0.1/src/chisq.o /home/wb/Work/nGit/projects/solar_build_test/solar/old_root-9.0.1/bin_src/solarmain-9.0.1/src/clear.o /home/wb/Work/nGit/projects/solar_build_test/solar/old_root-9.0.1/bin_src/solarmain-9.0.1/src/copyped.o /home/wb/Work/nGit/projects/solar_build_test/solar/old_root-9.0.1/bin_src/solarmain-9.0.1/src/covar.o /home/wb/Work/nGit/projects/solar_build_test/solar/old_root-9.0.1/bin_src/solarmain-9.0.1/src/dasycov.o /home/wb/Work/nGit/projects/solar_build_test/solar/old_root-9.0.1/bin_src/solarmain-9.0.1/src/dcopyped.o /home/wb/Work/nGit/projects/solar_build_test/solar/old_root-9.0.1/bin_src/solarmain-9.0.1/src/dcovar.o /home/wb/Work/nGit/projects/solar_build_test/solar/old_root-9.0.1/bin_src/solarmain-9.0.1/src/ddfun.o /home/wb/Work/nGit/projects/solar_build_test/solar/old_root-9.0.1/bin_src/solarmain-9.0.1/src/delta7.o /home/wb/Work/nGit/projects/solar_build_test/solar/old_root-9.0.1/bin_src/solarmain-9.0.1/src/dfun.o /home/wb/Work/nGit/projects/solar_build_test/solar/old_root-9.0.1/bin_src/solarmain-9.0.1/src/digam.o /home/wb/Work/nGit/projects/solar_build_test/solar/old_root-9.0.1/bin_src/solarmain-9.0.1/src/direct.o /home/wb/Work/nGit/projects/solar_build_test/solar/old_root-9.0.1/bin_src/solarmain-9.0.1/src/dmean.o /home/wb/Work/nGit/projects/solar_build_test/solar/old_root-9.0.1/bin_src/solarmain-9.0.1/src/dppfa.o /home/wb/Work/nGit/projects/solar_build_test/solar/old_root-9.0.1/bin_src/solarmain-9.0.1/src/edftst.o /home/wb/Work/nGit/projects/solar_build_test/solar/old_root-9.0.1/bin_src/solarmain-9.0.1/src/evdlik.o /home/wb/Work/nGit/projects/solar_build_test/solar/old_root-9.0.1/bin_src/solarmain-9.0.1/src/evdout.o /home/wb/Work/nGit/projects/solar_build_test/solar/old_root-9.0.1/bin_src/solarmain-9.0.1/src/fdist.o /home/wb/Work/nGit/projects/solar_build_test/solar/old_root-9.0.1/bin_src/solarmain-9.0.1/src/fit2dp.o /home/wb/Work/nGit/projects/solar_build_test/solar/old_root-9.0.1/bin_src/solarmain-9.0.1/src/fortfiles.o /home/wb/Work/nGit/projects/solar_build_test/solar/old_root-9.0.1/bin_src/solarmain-9.0.1/src/fpedifromsnps.o /home/wb/Work/nGit/projects/solar_build_test/solar/old_root-9.0.1/bin_src/solarmain-9.0.1/src/fun.o /home/wb/Work/nGit/projects/solar_build_test/solar/old_root-9.0.1/bin_src/solarmain-9.0.1/src/fun_mehd.o /home/wb/Work/nGit/projects/solar_build_test/solar/old_root-9.0.1/bin_src/solarmain-9.0.1/src/gamlog.o /home/wb/Work/nGit/projects/solar_build_test/solar/old_root-9.0.1/bin_src/solarmain-9.0.1/src/gaucdf.o /home/wb/Work/nGit/projects/solar_build_test/solar/old_root-9.0.1/bin_src/solarmain-9.0.1/src/hessin.o /home/wb/Work/nGit/projects/solar_build_test/solar/old_root-9.0.1/bin_src/solarmain-9.0.1/src/hpsort.o /home/wb/Work/nGit/projects/solar_build_test/solar/old_root-9.0.1/bin_src/solarmain-9.0.1/src/inital.o /home/wb/Work/nGit/projects/solar_build_test/solar/old_root-9.0.1/bin_src/solarmain-9.0.1/src/ipmpar.o /home/wb/Work/nGit/projects/solar_build_test/solar/old_root-9.0.1/bin_src/solarmain-9.0.1/src/kin.o /home/wb/Work/nGit/projects/solar_build_test/solar/old_root-9.0.1/bin_src/solarmain-9.0.1/src/linpack.o /home/wb/Work/nGit/projects/solar_build_test/solar/old_root-9.0.1/bin_src/solarmain-9.0.1/src/logo.o /home/wb/Work/nGit/projects/solar_build_test/solar/old_root-9.0.1/bin_src/solarmain-9.0.1/src/loop.o /home/wb/Work/nGit/projects/solar_build_test/solar/old_root-9.0.1/bin_src/solarmain-9.0.1/src/mblank.o /home/wb/Work/nGit/projects/solar_build_test/solar/old_root-9.0.1/bin_src/solarmain-9.0.1/src/mvncdf.o /home/wb/Work/nGit/projects/solar_build_test/solar/old_root-9.0.1/bin_src/solarmain-9.0.1/src/newlik.o /home/wb/Work/nGit/projects/solar_build_test/solar/old_root-9.0.1/bin_src/solarmain-9.0.1/src/optima.o /home/wb/Work/nGit/projects/solar_build_test/solar/old_root-9.0.1/bin_src/solarmain-9.0.1/src/output.o /home/wb/Work/nGit/projects/solar_build_test/solar/old_root-9.0.1/bin_src/solarmain-9.0.1/src/pedtst.o /home/wb/Work/nGit/projects/solar_build_test/solar/old_root-9.0.1/bin_src/solarmain-9.0.1/src/phidens.o /home/wb/Work/nGit/projects/solar_build_test/solar/old_root-9.0.1/bin_src/solarmain-9.0.1/src/pinput.o /home/wb/Work/nGit/projects/solar_build_test/solar/old_root-9.0.1/bin_src/solarmain-9.0.1/src/ppnd.o /home/wb/Work/nGit/projects/solar_build_test/solar/old_root-9.0.1/bin_src/solarmain-9.0.1/src/preopt.o /home/wb/Work/nGit/projects/solar_build_test/solar/old_root-9.0.1/bin_src/solarmain-9.0.1/src/preped.o /home/wb/Work/nGit/projects/solar_build_test/solar/old_root-9.0.1/bin_src/solarmain-9.0.1/src/qdprog.o /home/wb/Work/nGit/projects/solar_build_test/solar/old_root-9.0.1/bin_src/solarmain-9.0.1/src/random.o /home/wb/Work/nGit/projects/solar_build_test/solar/old_root-9.0.1/bin_src/solarmain-9.0.1/src/resid.o /home/wb/Work/nGit/projects/solar_build_test/solar/old_root-9.0.1/bin_src/solarmain-9.0.1/src/scor.o /home/wb/Work/nGit/projects/solar_build_test/solar/old_root-9.0.1/bin_src/solarmain-9.0.1/src/search.o /home/wb/Work/nGit/projects/solar_build_test/solar/old_root-9.0.1/bin_src/solarmain-9.0.1/src/settab.o /home/wb/Work/nGit/projects/solar_build_test/solar/old_root-9.0.1/bin_src/solarmain-9.0.1/src/smpoutput.o /home/wb/Work/nGit/projects/solar_build_test/solar/old_root-9.0.1/bin_src/solarmain-9.0.1/src/spmpar.o /home/wb/Work/nGit/projects/solar_build_test/solar/old_root-9.0.1/bin_src/solarmain-9.0.1/src/sweep.o /home/wb/Work/nGit/projects/solar_build_test/solar/old_root-9.0.1/bin_src/solarmain-9.0.1/src/symeig.o /home/wb/Work/nGit/projects/solar_build_test/solar/old_root-9.0.1/bin_src/solarmain-9.0.1/src/tdist.o /home/wb/Work/nGit/projects/solar_build_test/solar/old_root-9.0.1/bin_src/solarmain-9.0.1/src/trigam.o /home/wb/Work/nGit/projects/solar_build_test/solar/old_root-9.0.1/bin_src/solarmain-9.0.1/src/upcase.o /home/wb/Work/nGit/projects/solar_build_test/solar/old_root-9.0.1/bin_src/solarmain-9.0.1/src/writestr.o /home/wb/Work/nGit/projects/solar_build_test/solar/old_root-9.0.1/bin_src/solarmain-9.0.1/src/yesno.o  /home/wb/Work/nGit/projects/solar_build_test/solar/old_root-9.0.1/bin_src/solarmain-9.0.1/src/genetic_correlation.o /home/wb/Work/nGit/projects/solar_build_test/solar/old_root-9.0.1/bin_src/solarmain-9.0.1/src/alnormc.o /home/wb/Work/nGit/projects/solar_build_test/solar/old_root-9.0.1/bin_src/solarmain-9.0.1/src/annotate_gwas.o /home/wb/Work/nGit/projects/solar_build_test/solar/old_root-9.0.1/bin_src/solarmain-9.0.1/src/ccsearch.o /home/wb/Work/nGit/projects/solar_build_test/solar/old_root-9.0.1/bin_src/solarmain-9.0.1/src/calculate_snp_frequencies.o /home/wb/Work/nGit/projects/solar_build_test/solar/old_root-9.0.1/bin_src/solarmain-9.0.1/src/chi.o /home/wb/Work/nGit/projects/solar_build_test/solar/old_root-9.0.1/bin_src/solarmain-9.0.1/src/constraint.o /home/wb/Work/nGit/projects/solar_build_test/solar/old_root-9.0.1/bin_src/solarmain-9.0.1/src/covariate.o /home/wb/Work/nGit/projects/solar_build_test/solar/old_root-9.0.1/bin_src/solarmain-9.0.1/src/create_evd.o /home/wb/Work/nGit/projects/solar_build_test/solar/old_root-9.0.1/bin_src/solarmain-9.0.1/src/create_fake_pedigree.o /home/wb/Work/nGit/projects/solar_build_test/solar/old_root-9.0.1/bin_src/solarmain-9.0.1/src/define.o /home/wb/Work/nGit/projects/solar_build_test/solar/old_root-9.0.1/bin_src/solarmain-9.0.1/src/drand.o /home/wb/Work/nGit/projects/solar_build_test/solar/old_root-9.0.1/bin_src/solarmain-9.0.1/src/eqvar.o /home/wb/Work/nGit/projects/solar_build_test/solar/old_root-9.0.1/bin_src/solarmain-9.0.1/src/evd.o /home/wb/Work/nGit/projects/solar_build_test/solar/old_root-9.0.1/bin_src/solarmain-9.0.1/src/expression.o /home/wb/Work/nGit/projects/solar_build_test/solar/old_root-9.0.1/bin_src/solarmain-9.0.1/src/field.o /home/wb/Work/nGit/projects/solar_build_test/solar/old_root-9.0.1/bin_src/solarmain-9.0.1/src/fisherpedigree.o /home/wb/Work/nGit/projects/solar_build_test/solar/old_root-9.0.1/bin_src/solarmain-9.0.1/src/fphi.o /home/wb/Work/nGit/projects/solar_build_test/solar/old_root-9.0.1/bin_src/solarmain-9.0.1/src/freq.o /home/wb/Work/nGit/projects/solar_build_test/solar/old_root-9.0.1/bin_src/solarmain-9.0.1/src/function.o /home/wb/Work/nGit/projects/solar_build_test/solar/old_root-9.0.1/bin_src/solarmain-9.0.1/src/gwas.o /home/wb/Work/nGit/projects/solar_build_test/solar/old_root-9.0.1/bin_src/solarmain-9.0.1/src/help.o /home/wb/Work/nGit/projects/solar_build_test/solar/old_root-9.0.1/bin_src/solarmain-9.0.1/src/howclose.o /home/wb/Work/nGit/projects/solar_build_test/solar/old_root-9.0.1/bin_src/solarmain-9.0.1/src/ibd.o /home/wb/Work/nGit/projects/solar_build_test/solar/old_root-9.0.1/bin_src/solarmain-9.0.1/src/ibdoption.o /home/wb/Work/nGit/projects/solar_build_test/solar/old_root-9.0.1/bin_src/solarmain-9.0.1/src/ibs.o /home/wb/Work/nGit/projects/solar_build_test/solar/old_root-9.0.1/bin_src/solarmain-9.0.1/src/inorm_nifti.o /home/wb/Work/nGit/projects/solar_build_test/solar/old_root-9.0.1/bin_src/solarmain-9.0.1/src/key.o /home/wb/Work/nGit/projects/solar_build_test/solar/old_root-9.0.1/bin_src/solarmain-9.0.1/src/listmaker.o /home/wb/Work/nGit/projects/solar_build_test/solar/old_root-9.0.1/bin_src/solarmain-9.0.1/src/loadsave.o /home/wb/Work/nGit/projects/solar_build_test/solar/old_root-9.0.1/bin_src/solarmain-9.0.1/src/loglike.o /home/wb/Work/nGit/projects/solar_build_test/solar/old_root-9.0.1/bin_src/solarmain-9.0.1/src/map.o /home/wb/Work/nGit/projects/solar_build_test/solar/old_root-9.0.1/bin_src/solarmain-9.0.1/src/marker.o /home/wb/Work/nGit/projects/solar_build_test/solar/old_root-9.0.1/bin_src/solarmain-9.0.1/src/mathmatrix.o /home/wb/Work/nGit/projects/solar_build_test/solar/old_root-9.0.1/bin_src/solarmain-9.0.1/src/matrix.o /home/wb/Work/nGit/projects/solar_build_test/solar/old_root-9.0.1/bin_src/solarmain-9.0.1/src/maximize.o /home/wb/Work/nGit/projects/solar_build_test/solar/old_root-9.0.1/bin_src/solarmain-9.0.1/src/mibd.o /home/wb/Work/nGit/projects/solar_build_test/solar/old_root-9.0.1/bin_src/solarmain-9.0.1/src/model.o /home/wb/Work/nGit/projects/solar_build_test/solar/old_root-9.0.1/bin_src/solarmain-9.0.1/src/mu.o /home/wb/Work/nGit/projects/solar_build_test/solar/old_root-9.0.1/bin_src/solarmain-9.0.1/src/nifti_assemble.o /home/wb/Work/nGit/projects/solar_build_test/solar/old_root-9.0.1/bin_src/solarmain-9.0.1/src/nifti_to_csv.o /home/wb/Work/nGit/projects/solar_build_test/solar/old_root-9.0.1/bin_src/solarmain-9.0.1/src/normal.o /home/wb/Work/nGit/projects/solar_build_test/solar/old_root-9.0.1/bin_src/solarmain-9.0.1/src/omega.o /home/wb/Work/nGit/projects/solar_build_test/solar/old_root-9.0.1/bin_src/solarmain-9.0.1/src/option.o /home/wb/Work/nGit/projects/solar_build_test/solar/old_root-9.0.1/bin_src/solarmain-9.0.1/src/parameter.o /home/wb/Work/nGit/projects/solar_build_test/solar/old_root-9.0.1/bin_src/solarmain-9.0.1/src/pedifromsnps.o /home/wb/Work/nGit/projects/solar_build_test/solar/old_root-9.0.1/bin_src/solarmain-9.0.1/src/pedigree.o /home/wb/Work/nGit/projects/solar_build_test/solar/old_root-9.0.1/bin_src/solarmain-9.0.1/src/phenotypes.o /home/wb/Work/nGit/projects/solar_build_test/solar/old_root-9.0.1/bin_src/solarmain-9.0.1/src/plink_converter.o /home/wb/Work/nGit/projects/solar_build_test/solar/old_root-9.0.1/bin_src/solarmain-9.0.1/src/power.o /home/wb/Work/nGit/projects/solar_build_test/solar/old_root-9.0.1/bin_src/solarmain-9.0.1/src/reorder_phenotype.o /home/wb/Work/nGit/projects/solar_build_test/solar/old_root-9.0.1/bin_src/solarmain-9.0.1/src/scale.o /home/wb/Work/nGit/projects/solar_build_test/solar/old_root-9.0.1/bin_src/solarmain-9.0.1/src/scan.o /home/wb/Work/nGit/projects/solar_build_test/solar/old_root-9.0.1/bin_src/solarmain-9.0.1/src/scratchfile.o /home/wb/Work/nGit/projects/solar_build_test/solar/old_root-9.0.1/bin_src/solarmain-9.0.1/src/simqtl.o /home/wb/Work/nGit/projects/solar_build_test/solar/old_root-9.0.1/bin_src/solarmain-9.0.1/src/snp.o /home/wb/Work/nGit/projects/solar_build_test/solar/old_root-9.0.1/bin_src/solarmain-9.0.1/src/solar.o /home/wb/Work/nGit/projects/solar_build_test/solar/old_root-9.0.1/bin_src/solarmain-9.0.1/src/solarfile.o /home/wb/Work/nGit/projects/solar_build_test/solar/old_root-9.0.1/bin_src/solarmain-9.0.1/src/solarfilecmd.o /home/wb/Work/nGit/projects/solar_build_test/solar/old_root-9.0.1/bin_src/solarmain-9.0.1/src/solar_mle_setup.o /home/wb/Work/nGit/projects/solar_build_test/solar/old_root-9.0.1/bin_src/solarmain-9.0.1/src/solar-trait-reader.o /home/wb/Work/nGit/projects/solar_build_test/solar/old_root-9.0.1/bin_src/solarmain-9.0.1/src/split_pheno_file.o /home/wb/Work/nGit/projects/solar_build_test/solar/old_root-9.0.1/bin_src/solarmain-9.0.1/src/sporadic.o /home/wb/Work/nGit/projects/solar_build_test/solar/old_root-9.0.1/bin_src/solarmain-9.0.1/src/tablefile.o /home/wb/Work/nGit/projects/solar_build_test/solar/old_root-9.0.1/bin_src/solarmain-9.0.1/src/tablefilecmd.o /home/wb/Work/nGit/projects/solar_build_test/solar/old_root-9.0.1/bin_src/solarmain-9.0.1/src/token.o /home/wb/Work/nGit/projects/solar_build_test/solar/old_root-9.0.1/bin_src/solarmain-9.0.1/src/trait.o /home/wb/Work/nGit/projects/solar_build_test/solar/old_root-9.0.1/bin_src/solarmain-9.0.1/src/verbosity.o /home/wb/Work/nGit/projects/solar_build_test/solar/old_root-9.0.1/bin_src/solarmain-9.0.1/src/voxel.o /home/wb/Work/nGit/projects/solar_build_test/solar/old_root-9.0.1/bin_src/solarmain-9.0.1/src/zscore.o /home/wb/Work/nGit/projects/solar_build_test/solar/old_root-9.0.1/bin_src/solarmain-9.0.1/src/print_phi2.o /home/wb/Work/nGit/projects/solar_build_test/solar/old_root-9.0.1/bin_src/solarmain-9.0.1/src/pedigree_power.o  /home/wb/Work/nGit/projects/solar_build_test/solar/old_root-9.0.1/bin_src/solarmain-9.0.1/src/ccuserid.o /home/wb/Work/nGit/projects/solar_build_test/solar/old_root-9.0.1/bin_src/solarmain-9.0.1/src/cplink_converter.o /home/wb/Work/nGit/projects/solar_build_test/solar/old_root-9.0.1/bin_src/solarmain-9.0.1/src/eigstruc.o /home/wb/Work/nGit/projects/solar_build_test/solar/old_root-9.0.1/bin_src/solarmain-9.0.1/src/fdate.o /home/wb/Work/nGit/projects/solar_build_test/solar/old_root-9.0.1/bin_src/solarmain-9.0.1/src/mehd.o /home/wb/Work/nGit/projects/solar_build_test/solar/old_root-9.0.1/bin_src/solarmain-9.0.1/src/ncdf.o /home/wb/Work/nGit/projects/solar_build_test/solar/old_root-9.0.1/bin_src/solarmain-9.0.1/src/npdf.o /home/wb/Work/nGit/projects/solar_build_test/solar/old_root-9.0.1/bin_src/solarmain-9.0.1/src/nrutil.o /home/wb/Work/nGit/projects/solar_build_test/solar/old_root-9.0.1/bin_src/solarmain-9.0.1/src/plinkio.o /home/wb/Work/nGit/projects/solar_build_test/solar/old_root-9.0.1/bin_src/solarmain-9.0.1/src/plotpipe.o /home/wb/Work/nGit/projects/solar_build_test/solar/old_root-9.0.1/bin_src/solarmain-9.0.1/src/safelib.o /home/wb/Work/nGit/projects/solar_build_test/solar/old_root-9.0.1/bin_src/solarmain-9.0.1/src/solarmain.o /home/wb/Work/nGit/projects/solar_build_test/solar/old_root-9.0.1/bin_src/solarmain-9.0.1/src/tclgr.o /home/wb/Work/nGit/projects/solar_build_test/solar/old_root-9.0.1/bin_src/solarmain-9.0.1/src/w_mehd.o  -std=c++11 -m64 -O2 -L/home/wb/Work/nGit/projects/solar_build_test/solar/old_root-9.0.1/bin_src/solarmain-9.0.1/lib -pthread -fopenmp -fexceptions /home/wb/Work/nGit/projects/solar_build_test/solar/old_root-9.0.1/bin_src/solarmain-9.0.1/lib/libsafe.a /home/wb/Work/nGit/projects/solar_build_test/solar/old_root-9.0.1/bin_src/solarmain-9.0.1/lib/libRicVolume.a /home/wb/Work/nGit/projects/solar_build_test/solar/old_root-9.0.1/bin_src/solarmain-9.0.1/lib/libtcl8.4.a /home/wb/Work/nGit/projects/solar_build_test/solar/old_root-9.0.1/bin_src/solarmain-9.0.1/lib/libplinkio.a -ldl -lstdc++ 
/usr/bin/ld: /home/wb/Work/nGit/projects/solar_build_test/solar/old_root-9.0.1/bin_src/solarmain-9.0.1/src/solarmain.o:(.bss+0x2c): multiple definition of `Batch_Mode'; /home/wb/Work/nGit/projects/solar_build_test/solar/old_root-9.0.1/bin_src/solarmain-9.0.1/src/solar.o:(.bss+0xc): first defined here
/usr/bin/ld: /home/wb/Work/nGit/projects/solar_build_test/solar/old_root-9.0.1/bin_src/solarmain-9.0.1/src/solarmain.o:(.bss+0x10): multiple definition of `Argc'; /home/wb/Work/nGit/projects/solar_build_test/solar/old_root-9.0.1/bin_src/solarmain-9.0.1/src/solar.o:(.bss+0x8): first defined here
/usr/bin/ld: /home/wb/Work/nGit/projects/solar_build_test/solar/old_root-9.0.1/bin_src/solarmain-9.0.1/src/solarmain.o:(.bss+0x8): multiple definition of `Argv'; /home/wb/Work/nGit/projects/solar_build_test/solar/old_root-9.0.1/bin_src/solarmain-9.0.1/src/solar.o:(.bss+0x0): first defined here
/usr/bin/ld: /home/wb/Work/nGit/projects/solar_build_test/solar/old_root-9.0.1/bin_src/solarmain-9.0.1/src/plotpipe.o: in function `ACEgrOpen':
plotpipe.c:(.text+0x22d): warning: the use of `tmpnam' is dangerous, better use `mkstemp'
/usr/bin/ld: /home/wb/Work/nGit/projects/solar_build_test/solar/old_root-9.0.1/bin_src/solarmain-9.0.1/src/safelib.o: in function `sgets':
safelib.c:(.text+0x3aa): warning: the `gets' function is dangerous and should not be used.
collect2: error: ld returned 1 exit status
make: *** [Makefile:16: solarmain] Error 1
Failed to build solarmain
